"Shell factor (1=2020 res stock, 1=2018 com stock)",Table Names,Source,Year,Type,State
0.711208553,Residential,shell_factors_res_recs2020+aeo2026_rdm.xlsx/clg_proj,2020,Cooling,Alabama
0.780195345,Residential,shell_factors_res_recs2020+aeo2026_rdm.xlsx/clg_proj,2020,Cooling,Arizona
0.924350252,Residential,shell_factors_res_recs2020+aeo2026_rdm.xlsx/clg_proj,2020,Cooling,Arkansas
0.529742262,Residential,shell_factors_res_recs2020+aeo2026_rdm.xlsx/clg_proj,2020,Cooling,California
0.829421588,Residential,shell_factors_res_recs2020+aeo2026_rdm.xlsx/clg_proj,2020,Cooling,Colorado
0.587049985,Residential,shell_factors_res_recs2020+aeo2026_rdm.xlsx/clg_proj,2020,Cooling,Connecticut
0.899280424,Residential,shell_factors_res_recs2020+aeo2026_rdm.xlsx/clg_proj,2020,Cooling,Delaware
0.855815948,Residential,shell_factors_res_recs2020+aeo2026_rdm.xlsx/clg_proj,2020,Cooling,District of Columbia
0.718991407,Residential,shell_factors_res_recs2020+aeo2026_rdm.xlsx/clg_proj,2020,Cooling,Florida
0.797466691,Residential,shell_factors_res_recs2020+aeo2026_rdm.xlsx/clg_proj,2020,Cooling,Georgia
0.935175248,Residential,shell_factors_res_recs2020+aeo2026_rdm.xlsx/clg_proj,2020,Cooling,Idaho
0.903670306,Residential,shell_factors_res_recs2020+aeo2026_rdm.xlsx/clg_proj,2020,Cooling,Illinois
0.747470261,Residential,shell_factors_res_recs2020+aeo2026_rdm.xlsx/clg_proj,2020,Cooling,Indiana
0.483485485,Residential,shell_factors_res_recs2020+aeo2026_rdm.xlsx/clg_proj,2020,Cooling,Iowa
0.673995276,Residential,shell_factors_res_recs2020+aeo2026_rdm.xlsx/clg_proj,2020,Cooling,Kansas
0.601758986,Residential,shell_factors_res_recs2020+aeo2026_rdm.xlsx/clg_proj,2020,Cooling,Kentucky
0.602751405,Residential,shell_factors_res_recs2020+aeo2026_rdm.xlsx/clg_proj,2020,Cooling,Louisiana
0.981485035,Residential,shell_factors_res_recs2020+aeo2026_rdm.xlsx/clg_proj,2020,Cooling,Maine
0.730227640,Residential,shell_factors_res_recs2020+aeo2026_rdm.xlsx/clg_proj,2020,Cooling,Maryland
0.696433917,Residential,shell_factors_res_recs2020+aeo2026_rdm.xlsx/clg_proj,2020,Cooling,Massachusetts
0.646878025,Residential,shell_factors_res_recs2020+aeo2026_rdm.xlsx/clg_proj,2020,Cooling,Michigan
0.937854583,Residential,shell_factors_res_recs2020+aeo2026_rdm.xlsx/clg_proj,2020,Cooling,Minnesota
0.803425936,Residential,shell_factors_res_recs2020+aeo2026_rdm.xlsx/clg_proj,2020,Cooling,Mississippi
0.657927816,Residential,shell_factors_res_recs2020+aeo2026_rdm.xlsx/clg_proj,2020,Cooling,Missouri
0.912711378,Residential,shell_factors_res_recs2020+aeo2026_rdm.xlsx/clg_proj,2020,Cooling,Montana
0.616827291,Residential,shell_factors_res_recs2020+aeo2026_rdm.xlsx/clg_proj,2020,Cooling,Nebraska
0.834900724,Residential,shell_factors_res_recs2020+aeo2026_rdm.xlsx/clg_proj,2020,Cooling,Nevada
0.576555477,Residential,shell_factors_res_recs2020+aeo2026_rdm.xlsx/clg_proj,2020,Cooling,New Hampshire
0.658719464,Residential,shell_factors_res_recs2020+aeo2026_rdm.xlsx/clg_proj,2020,Cooling,New Jersey
0.823505115,Residential,shell_factors_res_recs2020+aeo2026_rdm.xlsx/clg_proj,2020,Cooling,New Mexico
0.596586756,Residential,shell_factors_res_recs2020+aeo2026_rdm.xlsx/clg_proj,2020,Cooling,New York
0.694333538,Residential,shell_factors_res_recs2020+aeo2026_rdm.xlsx/clg_proj,2020,Cooling,North Carolina
0.723296509,Residential,shell_factors_res_recs2020+aeo2026_rdm.xlsx/clg_proj,2020,Cooling,North Dakota
0.734424376,Residential,shell_factors_res_recs2020+aeo2026_rdm.xlsx/clg_proj,2020,Cooling,Ohio
0.745546946,Residential,shell_factors_res_recs2020+aeo2026_rdm.xlsx/clg_proj,2020,Cooling,Oklahoma
0.932509662,Residential,shell_factors_res_recs2020+aeo2026_rdm.xlsx/clg_proj,2020,Cooling,Oregon
0.658058218,Residential,shell_factors_res_recs2020+aeo2026_rdm.xlsx/clg_proj,2020,Cooling,Pennsylvania
0.674911514,Residential,shell_factors_res_recs2020+aeo2026_rdm.xlsx/clg_proj,2020,Cooling,Rhode Island
0.841553063,Residential,shell_factors_res_recs2020+aeo2026_rdm.xlsx/clg_proj,2020,Cooling,South Carolina
0.706598926,Residential,shell_factors_res_recs2020+aeo2026_rdm.xlsx/clg_proj,2020,Cooling,South Dakota
0.738193341,Residential,shell_factors_res_recs2020+aeo2026_rdm.xlsx/clg_proj,2020,Cooling,Tennessee
0.765232146,Residential,shell_factors_res_recs2020+aeo2026_rdm.xlsx/clg_proj,2020,Cooling,Texas
0.881301092,Residential,shell_factors_res_recs2020+aeo2026_rdm.xlsx/clg_proj,2020,Cooling,Utah
0.767201730,Residential,shell_factors_res_recs2020+aeo2026_rdm.xlsx/clg_proj,2020,Cooling,Vermont
0.767335675,Residential,shell_factors_res_recs2020+aeo2026_rdm.xlsx/clg_proj,2020,Cooling,Virginia
0.672228571,Residential,shell_factors_res_recs2020+aeo2026_rdm.xlsx/clg_proj,2020,Cooling,Washington
0.645596507,Residential,shell_factors_res_recs2020+aeo2026_rdm.xlsx/clg_proj,2020,Cooling,West Virginia
0.867937643,Residential,shell_factors_res_recs2020+aeo2026_rdm.xlsx/clg_proj,2020,Cooling,Wisconsin
0.763587050,Residential,shell_factors_res_recs2020+aeo2026_rdm.xlsx/clg_proj,2020,Cooling,Wyoming
0.717726730,Residential,shell_factors_res_recs2020+aeo2026_rdm.xlsx/clg_proj,2021,Cooling,Alabama
0.787345781,Residential,shell_factors_res_recs2020+aeo2026_rdm.xlsx/clg_proj,2021,Cooling,Arizona
0.932821858,Residential,shell_factors_res_recs2020+aeo2026_rdm.xlsx/clg_proj,2021,Cooling,Arkansas
0.534597312,Residential,shell_factors_res_recs2020+aeo2026_rdm.xlsx/clg_proj,2021,Cooling,California
0.837023179,Residential,shell_factors_res_recs2020+aeo2026_rdm.xlsx/clg_proj,2021,Cooling,Colorado
0.592430257,Residential,shell_factors_res_recs2020+aeo2026_rdm.xlsx/clg_proj,2021,Cooling,Connecticut
0.907522266,Residential,shell_factors_res_recs2020+aeo2026_rdm.xlsx/clg_proj,2021,Cooling,Delaware
0.863659442,Residential,shell_factors_res_recs2020+aeo2026_rdm.xlsx/clg_proj,2021,Cooling,District of Columbia
0.725580913,Residential,shell_factors_res_recs2020+aeo2026_rdm.xlsx/clg_proj,2021,Cooling,Florida
0.804775417,Residential,shell_factors_res_recs2020+aeo2026_rdm.xlsx/clg_proj,2021,Cooling,Georgia
0.943746064,Residential,shell_factors_res_recs2020+aeo2026_rdm.xlsx/clg_proj,2021,Cooling,Idaho
0.911952382,Residential,shell_factors_res_recs2020+aeo2026_rdm.xlsx/clg_proj,2021,Cooling,Illinois
0.754320773,Residential,shell_factors_res_recs2020+aeo2026_rdm.xlsx/clg_proj,2021,Cooling,Indiana
0.487916595,Residential,shell_factors_res_recs2020+aeo2026_rdm.xlsx/clg_proj,2021,Cooling,Iowa
0.680172396,Residential,shell_factors_res_recs2020+aeo2026_rdm.xlsx/clg_proj,2021,Cooling,Kansas
0.607274065,Residential,shell_factors_res_recs2020+aeo2026_rdm.xlsx/clg_proj,2021,Cooling,Kentucky
0.608275580,Residential,shell_factors_res_recs2020+aeo2026_rdm.xlsx/clg_proj,2021,Cooling,Louisiana
0.990480276,Residential,shell_factors_res_recs2020+aeo2026_rdm.xlsx/clg_proj,2021,Cooling,Maine
0.736920125,Residential,shell_factors_res_recs2020+aeo2026_rdm.xlsx/clg_proj,2021,Cooling,Maryland
0.702816685,Residential,shell_factors_res_recs2020+aeo2026_rdm.xlsx/clg_proj,2021,Cooling,Massachusetts
0.652806617,Residential,shell_factors_res_recs2020+aeo2026_rdm.xlsx/clg_proj,2021,Cooling,Michigan
0.946449955,Residential,shell_factors_res_recs2020+aeo2026_rdm.xlsx/clg_proj,2021,Cooling,Minnesota
0.810789279,Residential,shell_factors_res_recs2020+aeo2026_rdm.xlsx/clg_proj,2021,Cooling,Mississippi
0.663957678,Residential,shell_factors_res_recs2020+aeo2026_rdm.xlsx/clg_proj,2021,Cooling,Missouri
0.921076314,Residential,shell_factors_res_recs2020+aeo2026_rdm.xlsx/clg_proj,2021,Cooling,Montana
0.622480470,Residential,shell_factors_res_recs2020+aeo2026_rdm.xlsx/clg_proj,2021,Cooling,Nebraska
0.842552530,Residential,shell_factors_res_recs2020+aeo2026_rdm.xlsx/clg_proj,2021,Cooling,Nevada
0.581839568,Residential,shell_factors_res_recs2020+aeo2026_rdm.xlsx/clg_proj,2021,Cooling,New Hampshire
0.664756582,Residential,shell_factors_res_recs2020+aeo2026_rdm.xlsx/clg_proj,2021,Cooling,New Jersey
0.831052482,Residential,shell_factors_res_recs2020+aeo2026_rdm.xlsx/clg_proj,2021,Cooling,New Mexico
0.602054432,Residential,shell_factors_res_recs2020+aeo2026_rdm.xlsx/clg_proj,2021,Cooling,New York
0.700697056,Residential,shell_factors_res_recs2020+aeo2026_rdm.xlsx/clg_proj,2021,Cooling,North Carolina
0.729925471,Residential,shell_factors_res_recs2020+aeo2026_rdm.xlsx/clg_proj,2021,Cooling,North Dakota
0.741155324,Residential,shell_factors_res_recs2020+aeo2026_rdm.xlsx/clg_proj,2021,Cooling,Ohio
0.752379831,Residential,shell_factors_res_recs2020+aeo2026_rdm.xlsx/clg_proj,2021,Cooling,Oklahoma
0.941056048,Residential,shell_factors_res_recs2020+aeo2026_rdm.xlsx/clg_proj,2021,Cooling,Oregon
0.664089275,Residential,shell_factors_res_recs2020+aeo2026_rdm.xlsx/clg_proj,2021,Cooling,Pennsylvania
0.681097031,Residential,shell_factors_res_recs2020+aeo2026_rdm.xlsx/clg_proj,2021,Cooling,Rhode Island
0.849265838,Residential,shell_factors_res_recs2020+aeo2026_rdm.xlsx/clg_proj,2021,Cooling,South Carolina
0.713074856,Residential,shell_factors_res_recs2020+aeo2026_rdm.xlsx/clg_proj,2021,Cooling,South Dakota
0.744958832,Residential,shell_factors_res_recs2020+aeo2026_rdm.xlsx/clg_proj,2021,Cooling,Tennessee
0.772245445,Residential,shell_factors_res_recs2020+aeo2026_rdm.xlsx/clg_proj,2021,Cooling,Texas
0.889378154,Residential,shell_factors_res_recs2020+aeo2026_rdm.xlsx/clg_proj,2021,Cooling,Utah
0.774233080,Residential,shell_factors_res_recs2020+aeo2026_rdm.xlsx/clg_proj,2021,Cooling,Vermont
0.774368253,Residential,shell_factors_res_recs2020+aeo2026_rdm.xlsx/clg_proj,2021,Cooling,Virginia
0.678389499,Residential,shell_factors_res_recs2020+aeo2026_rdm.xlsx/clg_proj,2021,Cooling,Washington
0.651513354,Residential,shell_factors_res_recs2020+aeo2026_rdm.xlsx/clg_proj,2021,Cooling,West Virginia
0.875892231,Residential,shell_factors_res_recs2020+aeo2026_rdm.xlsx/clg_proj,2021,Cooling,Wisconsin
0.770585272,Residential,shell_factors_res_recs2020+aeo2026_rdm.xlsx/clg_proj,2021,Cooling,Wyoming
0.707507452,Residential,shell_factors_res_recs2020+aeo2026_rdm.xlsx/clg_proj,2022,Cooling,Alabama
0.776135240,Residential,shell_factors_res_recs2020+aeo2026_rdm.xlsx/clg_proj,2022,Cooling,Arizona
0.919539971,Residential,shell_factors_res_recs2020+aeo2026_rdm.xlsx/clg_proj,2022,Cooling,Arkansas
0.526985504,Residential,shell_factors_res_recs2020+aeo2026_rdm.xlsx/clg_proj,2022,Cooling,California
0.825105312,Residential,shell_factors_res_recs2020+aeo2026_rdm.xlsx/clg_proj,2022,Cooling,Colorado
0.583995001,Residential,shell_factors_res_recs2020+aeo2026_rdm.xlsx/clg_proj,2022,Cooling,Connecticut
0.894600604,Residential,shell_factors_res_recs2020+aeo2026_rdm.xlsx/clg_proj,2022,Cooling,Delaware
0.851362316,Residential,shell_factors_res_recs2020+aeo2026_rdm.xlsx/clg_proj,2022,Cooling,District of Columbia
0.715249805,Residential,shell_factors_res_recs2020+aeo2026_rdm.xlsx/clg_proj,2022,Cooling,Florida
0.793316706,Residential,shell_factors_res_recs2020+aeo2026_rdm.xlsx/clg_proj,2022,Cooling,Georgia
0.930308634,Residential,shell_factors_res_recs2020+aeo2026_rdm.xlsx/clg_proj,2022,Cooling,Idaho
0.898967642,Residential,shell_factors_res_recs2020+aeo2026_rdm.xlsx/clg_proj,2022,Cooling,Illinois
0.743580455,Residential,shell_factors_res_recs2020+aeo2026_rdm.xlsx/clg_proj,2022,Cooling,Indiana
0.480969446,Residential,shell_factors_res_recs2020+aeo2026_rdm.xlsx/clg_proj,2022,Cooling,Iowa
0.670487832,Residential,shell_factors_res_recs2020+aeo2026_rdm.xlsx/clg_proj,2022,Cooling,Kansas
0.598627457,Residential,shell_factors_res_recs2020+aeo2026_rdm.xlsx/clg_proj,2022,Cooling,Kentucky
0.599614711,Residential,shell_factors_res_recs2020+aeo2026_rdm.xlsx/clg_proj,2022,Cooling,Louisiana
0.976377426,Residential,shell_factors_res_recs2020+aeo2026_rdm.xlsx/clg_proj,2022,Cooling,Maine
0.726427565,Residential,shell_factors_res_recs2020+aeo2026_rdm.xlsx/clg_proj,2022,Cooling,Maryland
0.692809703,Residential,shell_factors_res_recs2020+aeo2026_rdm.xlsx/clg_proj,2022,Cooling,Massachusetts
0.643511698,Residential,shell_factors_res_recs2020+aeo2026_rdm.xlsx/clg_proj,2022,Cooling,Michigan
0.932974025,Residential,shell_factors_res_recs2020+aeo2026_rdm.xlsx/clg_proj,2022,Cooling,Minnesota
0.799244940,Residential,shell_factors_res_recs2020+aeo2026_rdm.xlsx/clg_proj,2022,Cooling,Mississippi
0.654503986,Residential,shell_factors_res_recs2020+aeo2026_rdm.xlsx/clg_proj,2022,Cooling,Missouri
0.907961664,Residential,shell_factors_res_recs2020+aeo2026_rdm.xlsx/clg_proj,2022,Cooling,Montana
0.613617347,Residential,shell_factors_res_recs2020+aeo2026_rdm.xlsx/clg_proj,2022,Cooling,Nebraska
0.830555934,Residential,shell_factors_res_recs2020+aeo2026_rdm.xlsx/clg_proj,2022,Cooling,Nevada
0.573555106,Residential,shell_factors_res_recs2020+aeo2026_rdm.xlsx/clg_proj,2022,Cooling,New Hampshire
0.655291515,Residential,shell_factors_res_recs2020+aeo2026_rdm.xlsx/clg_proj,2022,Cooling,New Jersey
0.819219627,Residential,shell_factors_res_recs2020+aeo2026_rdm.xlsx/clg_proj,2022,Cooling,New Mexico
0.593482142,Residential,shell_factors_res_recs2020+aeo2026_rdm.xlsx/clg_proj,2022,Cooling,New York
0.690720254,Residential,shell_factors_res_recs2020+aeo2026_rdm.xlsx/clg_proj,2022,Cooling,North Carolina
0.719532503,Residential,shell_factors_res_recs2020+aeo2026_rdm.xlsx/clg_proj,2022,Cooling,North Dakota
0.730602461,Residential,shell_factors_res_recs2020+aeo2026_rdm.xlsx/clg_proj,2022,Cooling,Ohio
0.741667149,Residential,shell_factors_res_recs2020+aeo2026_rdm.xlsx/clg_proj,2022,Cooling,Oklahoma
0.927656919,Residential,shell_factors_res_recs2020+aeo2026_rdm.xlsx/clg_proj,2022,Cooling,Oregon
0.654633709,Residential,shell_factors_res_recs2020+aeo2026_rdm.xlsx/clg_proj,2022,Cooling,Pennsylvania
0.671399301,Residential,shell_factors_res_recs2020+aeo2026_rdm.xlsx/clg_proj,2022,Cooling,Rhode Island
0.837173654,Residential,shell_factors_res_recs2020+aeo2026_rdm.xlsx/clg_proj,2022,Cooling,South Carolina
0.702921813,Residential,shell_factors_res_recs2020+aeo2026_rdm.xlsx/clg_proj,2022,Cooling,South Dakota
0.734351813,Residential,shell_factors_res_recs2020+aeo2026_rdm.xlsx/clg_proj,2022,Cooling,Tennessee
0.761249909,Residential,shell_factors_res_recs2020+aeo2026_rdm.xlsx/clg_proj,2022,Cooling,Texas
0.876714836,Residential,shell_factors_res_recs2020+aeo2026_rdm.xlsx/clg_proj,2022,Cooling,Utah
0.763209243,Residential,shell_factors_res_recs2020+aeo2026_rdm.xlsx/clg_proj,2022,Cooling,Vermont
0.763342491,Residential,shell_factors_res_recs2020+aeo2026_rdm.xlsx/clg_proj,2022,Cooling,Virginia
0.668730321,Residential,shell_factors_res_recs2020+aeo2026_rdm.xlsx/clg_proj,2022,Cooling,Washington
0.642236849,Residential,shell_factors_res_recs2020+aeo2026_rdm.xlsx/clg_proj,2022,Cooling,West Virginia
0.863420930,Residential,shell_factors_res_recs2020+aeo2026_rdm.xlsx/clg_proj,2022,Cooling,Wisconsin
0.759613373,Residential,shell_factors_res_recs2020+aeo2026_rdm.xlsx/clg_proj,2022,Cooling,Wyoming
0.701493772,Residential,shell_factors_res_recs2020+aeo2026_rdm.xlsx/clg_proj,2023,Cooling,Alabama
0.769538236,Residential,shell_factors_res_recs2020+aeo2026_rdm.xlsx/clg_proj,2023,Cooling,Arizona
0.911724053,Residential,shell_factors_res_recs2020+aeo2026_rdm.xlsx/clg_proj,2023,Cooling,Arkansas
0.522506226,Residential,shell_factors_res_recs2020+aeo2026_rdm.xlsx/clg_proj,2023,Cooling,California
0.818092071,Residential,shell_factors_res_recs2020+aeo2026_rdm.xlsx/clg_proj,2023,Cooling,Colorado
0.579031152,Residential,shell_factors_res_recs2020+aeo2026_rdm.xlsx/clg_proj,2023,Cooling,Connecticut
0.886996667,Residential,shell_factors_res_recs2020+aeo2026_rdm.xlsx/clg_proj,2023,Cooling,Delaware
0.844125896,Residential,shell_factors_res_recs2020+aeo2026_rdm.xlsx/clg_proj,2023,Cooling,District of Columbia
0.709170315,Residential,shell_factors_res_recs2020+aeo2026_rdm.xlsx/clg_proj,2023,Cooling,Florida
0.786573663,Residential,shell_factors_res_recs2020+aeo2026_rdm.xlsx/clg_proj,2023,Cooling,Georgia
0.922401185,Residential,shell_factors_res_recs2020+aeo2026_rdm.xlsx/clg_proj,2023,Cooling,Idaho
0.891326586,Residential,shell_factors_res_recs2020+aeo2026_rdm.xlsx/clg_proj,2023,Cooling,Illinois
0.737260161,Residential,shell_factors_res_recs2020+aeo2026_rdm.xlsx/clg_proj,2023,Cooling,Indiana
0.476881295,Residential,shell_factors_res_recs2020+aeo2026_rdm.xlsx/clg_proj,2023,Cooling,Iowa
0.664788811,Residential,shell_factors_res_recs2020+aeo2026_rdm.xlsx/clg_proj,2023,Cooling,Kansas
0.593539235,Residential,shell_factors_res_recs2020+aeo2026_rdm.xlsx/clg_proj,2023,Cooling,Kentucky
0.594518098,Residential,shell_factors_res_recs2020+aeo2026_rdm.xlsx/clg_proj,2023,Cooling,Louisiana
0.968078401,Residential,shell_factors_res_recs2020+aeo2026_rdm.xlsx/clg_proj,2023,Cooling,Maine
0.720253067,Residential,shell_factors_res_recs2020+aeo2026_rdm.xlsx/clg_proj,2023,Cooling,Maryland
0.686920950,Residential,shell_factors_res_recs2020+aeo2026_rdm.xlsx/clg_proj,2023,Cooling,Massachusetts
0.638041969,Residential,shell_factors_res_recs2020+aeo2026_rdm.xlsx/clg_proj,2023,Cooling,Michigan
0.925043921,Residential,shell_factors_res_recs2020+aeo2026_rdm.xlsx/clg_proj,2023,Cooling,Minnesota
0.792451508,Residential,shell_factors_res_recs2020+aeo2026_rdm.xlsx/clg_proj,2023,Cooling,Mississippi
0.648940824,Residential,shell_factors_res_recs2020+aeo2026_rdm.xlsx/clg_proj,2023,Cooling,Missouri
0.900244160,Residential,shell_factors_res_recs2020+aeo2026_rdm.xlsx/clg_proj,2023,Cooling,Montana
0.608401714,Residential,shell_factors_res_recs2020+aeo2026_rdm.xlsx/clg_proj,2023,Cooling,Nebraska
0.823496364,Residential,shell_factors_res_recs2020+aeo2026_rdm.xlsx/clg_proj,2023,Cooling,Nevada
0.568679995,Residential,shell_factors_res_recs2020+aeo2026_rdm.xlsx/clg_proj,2023,Cooling,New Hampshire
0.649721660,Residential,shell_factors_res_recs2020+aeo2026_rdm.xlsx/clg_proj,2023,Cooling,New Jersey
0.812256414,Residential,shell_factors_res_recs2020+aeo2026_rdm.xlsx/clg_proj,2023,Cooling,New Mexico
0.588437655,Residential,shell_factors_res_recs2020+aeo2026_rdm.xlsx/clg_proj,2023,Cooling,New York
0.684849261,Residential,shell_factors_res_recs2020+aeo2026_rdm.xlsx/clg_proj,2023,Cooling,North Carolina
0.713416611,Residential,shell_factors_res_recs2020+aeo2026_rdm.xlsx/clg_proj,2023,Cooling,North Dakota
0.724392477,Residential,shell_factors_res_recs2020+aeo2026_rdm.xlsx/clg_proj,2023,Cooling,Ohio
0.735363117,Residential,shell_factors_res_recs2020+aeo2026_rdm.xlsx/clg_proj,2023,Cooling,Oklahoma
0.919772009,Residential,shell_factors_res_recs2020+aeo2026_rdm.xlsx/clg_proj,2023,Cooling,Oregon
0.649069445,Residential,shell_factors_res_recs2020+aeo2026_rdm.xlsx/clg_proj,2023,Cooling,Pennsylvania
0.665692533,Residential,shell_factors_res_recs2020+aeo2026_rdm.xlsx/clg_proj,2023,Cooling,Rhode Island
0.830057835,Residential,shell_factors_res_recs2020+aeo2026_rdm.xlsx/clg_proj,2023,Cooling,South Carolina
0.696947110,Residential,shell_factors_res_recs2020+aeo2026_rdm.xlsx/clg_proj,2023,Cooling,South Dakota
0.728109960,Residential,shell_factors_res_recs2020+aeo2026_rdm.xlsx/clg_proj,2023,Cooling,Tennessee
0.754779427,Residential,shell_factors_res_recs2020+aeo2026_rdm.xlsx/clg_proj,2023,Cooling,Texas
0.869262924,Residential,shell_factors_res_recs2020+aeo2026_rdm.xlsx/clg_proj,2023,Cooling,Utah
0.756722107,Residential,shell_factors_res_recs2020+aeo2026_rdm.xlsx/clg_proj,2023,Cooling,Vermont
0.756854223,Residential,shell_factors_res_recs2020+aeo2026_rdm.xlsx/clg_proj,2023,Cooling,Virginia
0.663046238,Residential,shell_factors_res_recs2020+aeo2026_rdm.xlsx/clg_proj,2023,Cooling,Washington
0.636777956,Residential,shell_factors_res_recs2020+aeo2026_rdm.xlsx/clg_proj,2023,Cooling,West Virginia
0.856082014,Residential,shell_factors_res_recs2020+aeo2026_rdm.xlsx/clg_proj,2023,Cooling,Wisconsin
0.753156802,Residential,shell_factors_res_recs2020+aeo2026_rdm.xlsx/clg_proj,2023,Cooling,Wyoming
0.691832956,Residential,shell_factors_res_recs2020+aeo2026_rdm.xlsx/clg_proj,2024,Cooling,Alabama
0.758940327,Residential,shell_factors_res_recs2020+aeo2026_rdm.xlsx/clg_proj,2024,Cooling,Arizona
0.899167994,Residential,shell_factors_res_recs2020+aeo2026_rdm.xlsx/clg_proj,2024,Cooling,Arkansas
0.515310387,Residential,shell_factors_res_recs2020+aeo2026_rdm.xlsx/clg_proj,2024,Cooling,California
0.806825490,Residential,shell_factors_res_recs2020+aeo2026_rdm.xlsx/clg_proj,2024,Cooling,Colorado
0.571056865,Residential,shell_factors_res_recs2020+aeo2026_rdm.xlsx/clg_proj,2024,Cooling,Connecticut
0.874781147,Residential,shell_factors_res_recs2020+aeo2026_rdm.xlsx/clg_proj,2024,Cooling,Delaware
0.832500783,Residential,shell_factors_res_recs2020+aeo2026_rdm.xlsx/clg_proj,2024,Cooling,District of Columbia
0.699403780,Residential,shell_factors_res_recs2020+aeo2026_rdm.xlsx/clg_proj,2024,Cooling,Florida
0.775741146,Residential,shell_factors_res_recs2020+aeo2026_rdm.xlsx/clg_proj,2024,Cooling,Georgia
0.909698082,Residential,shell_factors_res_recs2020+aeo2026_rdm.xlsx/clg_proj,2024,Cooling,Idaho
0.879051436,Residential,shell_factors_res_recs2020+aeo2026_rdm.xlsx/clg_proj,2024,Cooling,Illinois
0.727106779,Residential,shell_factors_res_recs2020+aeo2026_rdm.xlsx/clg_proj,2024,Cooling,Indiana
0.470313793,Residential,shell_factors_res_recs2020+aeo2026_rdm.xlsx/clg_proj,2024,Cooling,Iowa
0.655633488,Residential,shell_factors_res_recs2020+aeo2026_rdm.xlsx/clg_proj,2024,Cooling,Kansas
0.585365146,Residential,shell_factors_res_recs2020+aeo2026_rdm.xlsx/clg_proj,2024,Cooling,Kentucky
0.586330528,Residential,shell_factors_res_recs2020+aeo2026_rdm.xlsx/clg_proj,2024,Cooling,Louisiana
0.954746242,Residential,shell_factors_res_recs2020+aeo2026_rdm.xlsx/clg_proj,2024,Cooling,Maine
0.710333903,Residential,shell_factors_res_recs2020+aeo2026_rdm.xlsx/clg_proj,2024,Cooling,Maryland
0.677460828,Residential,shell_factors_res_recs2020+aeo2026_rdm.xlsx/clg_proj,2024,Cooling,Massachusetts
0.629254998,Residential,shell_factors_res_recs2020+aeo2026_rdm.xlsx/clg_proj,2024,Cooling,Michigan
0.912304423,Residential,shell_factors_res_recs2020+aeo2026_rdm.xlsx/clg_proj,2024,Cooling,Minnesota
0.781538043,Residential,shell_factors_res_recs2020+aeo2026_rdm.xlsx/clg_proj,2024,Cooling,Mississippi
0.640003757,Residential,shell_factors_res_recs2020+aeo2026_rdm.xlsx/clg_proj,2024,Cooling,Missouri
0.887846199,Residential,shell_factors_res_recs2020+aeo2026_rdm.xlsx/clg_proj,2024,Cooling,Montana
0.600022942,Residential,shell_factors_res_recs2020+aeo2026_rdm.xlsx/clg_proj,2024,Cooling,Nebraska
0.812155356,Residential,shell_factors_res_recs2020+aeo2026_rdm.xlsx/clg_proj,2024,Cooling,Nevada
0.560848261,Residential,shell_factors_res_recs2020+aeo2026_rdm.xlsx/clg_proj,2024,Cooling,New Hampshire
0.640773838,Residential,shell_factors_res_recs2020+aeo2026_rdm.xlsx/clg_proj,2024,Cooling,New Jersey
0.801070200,Residential,shell_factors_res_recs2020+aeo2026_rdm.xlsx/clg_proj,2024,Cooling,New Mexico
0.580333824,Residential,shell_factors_res_recs2020+aeo2026_rdm.xlsx/clg_proj,2024,Cooling,New York
0.675417671,Residential,shell_factors_res_recs2020+aeo2026_rdm.xlsx/clg_proj,2024,Cooling,North Carolina
0.703591597,Residential,shell_factors_res_recs2020+aeo2026_rdm.xlsx/clg_proj,2024,Cooling,North Dakota
0.714416306,Residential,shell_factors_res_recs2020+aeo2026_rdm.xlsx/clg_proj,2024,Cooling,Ohio
0.725235861,Residential,shell_factors_res_recs2020+aeo2026_rdm.xlsx/clg_proj,2024,Cooling,Oklahoma
0.907105115,Residential,shell_factors_res_recs2020+aeo2026_rdm.xlsx/clg_proj,2024,Cooling,Oregon
0.640130606,Residential,shell_factors_res_recs2020+aeo2026_rdm.xlsx/clg_proj,2024,Cooling,Pennsylvania
0.656524765,Residential,shell_factors_res_recs2020+aeo2026_rdm.xlsx/clg_proj,2024,Cooling,Rhode Island
0.818626464,Residential,shell_factors_res_recs2020+aeo2026_rdm.xlsx/clg_proj,2024,Cooling,South Carolina
0.687348910,Residential,shell_factors_res_recs2020+aeo2026_rdm.xlsx/clg_proj,2024,Cooling,South Dakota
0.718082592,Residential,shell_factors_res_recs2020+aeo2026_rdm.xlsx/clg_proj,2024,Cooling,Tennessee
0.744384774,Residential,shell_factors_res_recs2020+aeo2026_rdm.xlsx/clg_proj,2024,Cooling,Texas
0.857291630,Residential,shell_factors_res_recs2020+aeo2026_rdm.xlsx/clg_proj,2024,Cooling,Utah
0.746300700,Residential,shell_factors_res_recs2020+aeo2026_rdm.xlsx/clg_proj,2024,Cooling,Vermont
0.746430996,Residential,shell_factors_res_recs2020+aeo2026_rdm.xlsx/clg_proj,2024,Cooling,Virginia
0.653914914,Residential,shell_factors_res_recs2020+aeo2026_rdm.xlsx/clg_proj,2024,Cooling,Washington
0.628008393,Residential,shell_factors_res_recs2020+aeo2026_rdm.xlsx/clg_proj,2024,Cooling,West Virginia
0.844292244,Residential,shell_factors_res_recs2020+aeo2026_rdm.xlsx/clg_proj,2024,Cooling,Wisconsin
0.742784495,Residential,shell_factors_res_recs2020+aeo2026_rdm.xlsx/clg_proj,2024,Cooling,Wyoming
0.696224655,Residential,shell_factors_res_recs2020+aeo2026_rdm.xlsx/clg_proj,2025,Cooling,Alabama
0.763758018,Residential,shell_factors_res_recs2020+aeo2026_rdm.xlsx/clg_proj,2025,Cooling,Arizona
0.904875838,Residential,shell_factors_res_recs2020+aeo2026_rdm.xlsx/clg_proj,2025,Cooling,Arkansas
0.518581535,Residential,shell_factors_res_recs2020+aeo2026_rdm.xlsx/clg_proj,2025,Cooling,California
0.811947152,Residential,shell_factors_res_recs2020+aeo2026_rdm.xlsx/clg_proj,2025,Cooling,Colorado
0.574681887,Residential,shell_factors_res_recs2020+aeo2026_rdm.xlsx/clg_proj,2025,Cooling,Connecticut
0.880334186,Residential,shell_factors_res_recs2020+aeo2026_rdm.xlsx/clg_proj,2025,Cooling,Delaware
0.837785430,Residential,shell_factors_res_recs2020+aeo2026_rdm.xlsx/clg_proj,2025,Cooling,District of Columbia
0.703843538,Residential,shell_factors_res_recs2020+aeo2026_rdm.xlsx/clg_proj,2025,Cooling,Florida
0.780665487,Residential,shell_factors_res_recs2020+aeo2026_rdm.xlsx/clg_proj,2025,Cooling,Georgia
0.915472771,Residential,shell_factors_res_recs2020+aeo2026_rdm.xlsx/clg_proj,2025,Cooling,Idaho
0.884631582,Residential,shell_factors_res_recs2020+aeo2026_rdm.xlsx/clg_proj,2025,Cooling,Illinois
0.731722393,Residential,shell_factors_res_recs2020+aeo2026_rdm.xlsx/clg_proj,2025,Cooling,Indiana
0.473299306,Residential,shell_factors_res_recs2020+aeo2026_rdm.xlsx/clg_proj,2025,Cooling,Iowa
0.659795396,Residential,shell_factors_res_recs2020+aeo2026_rdm.xlsx/clg_proj,2025,Cooling,Kansas
0.589080996,Residential,shell_factors_res_recs2020+aeo2026_rdm.xlsx/clg_proj,2025,Cooling,Kentucky
0.590052506,Residential,shell_factors_res_recs2020+aeo2026_rdm.xlsx/clg_proj,2025,Cooling,Louisiana
0.960806892,Residential,shell_factors_res_recs2020+aeo2026_rdm.xlsx/clg_proj,2025,Cooling,Maine
0.714843044,Residential,shell_factors_res_recs2020+aeo2026_rdm.xlsx/clg_proj,2025,Cooling,Maryland
0.681761294,Residential,shell_factors_res_recs2020+aeo2026_rdm.xlsx/clg_proj,2025,Cooling,Massachusetts
0.633249457,Residential,shell_factors_res_recs2020+aeo2026_rdm.xlsx/clg_proj,2025,Cooling,Michigan
0.918095656,Residential,shell_factors_res_recs2020+aeo2026_rdm.xlsx/clg_proj,2025,Cooling,Minnesota
0.786499182,Residential,shell_factors_res_recs2020+aeo2026_rdm.xlsx/clg_proj,2025,Cooling,Mississippi
0.644066448,Residential,shell_factors_res_recs2020+aeo2026_rdm.xlsx/clg_proj,2025,Cooling,Missouri
0.893482174,Residential,shell_factors_res_recs2020+aeo2026_rdm.xlsx/clg_proj,2025,Cooling,Montana
0.603831838,Residential,shell_factors_res_recs2020+aeo2026_rdm.xlsx/clg_proj,2025,Cooling,Nebraska
0.817310852,Residential,shell_factors_res_recs2020+aeo2026_rdm.xlsx/clg_proj,2025,Cooling,Nevada
0.564408480,Residential,shell_factors_res_recs2020+aeo2026_rdm.xlsx/clg_proj,2025,Cooling,New Hampshire
0.644841418,Residential,shell_factors_res_recs2020+aeo2026_rdm.xlsx/clg_proj,2025,Cooling,New Jersey
0.806155328,Residential,shell_factors_res_recs2020+aeo2026_rdm.xlsx/clg_proj,2025,Cooling,New Mexico
0.584017735,Residential,shell_factors_res_recs2020+aeo2026_rdm.xlsx/clg_proj,2025,Cooling,New York
0.679705166,Residential,shell_factors_res_recs2020+aeo2026_rdm.xlsx/clg_proj,2025,Cooling,North Carolina
0.708057939,Residential,shell_factors_res_recs2020+aeo2026_rdm.xlsx/clg_proj,2025,Cooling,North Dakota
0.718951362,Residential,shell_factors_res_recs2020+aeo2026_rdm.xlsx/clg_proj,2025,Cooling,Ohio
0.729839599,Residential,shell_factors_res_recs2020+aeo2026_rdm.xlsx/clg_proj,2025,Cooling,Oklahoma
0.912863343,Residential,shell_factors_res_recs2020+aeo2026_rdm.xlsx/clg_proj,2025,Cooling,Oregon
0.644194102,Residential,shell_factors_res_recs2020+aeo2026_rdm.xlsx/clg_proj,2025,Cooling,Pennsylvania
0.660692330,Residential,shell_factors_res_recs2020+aeo2026_rdm.xlsx/clg_proj,2025,Cooling,Rhode Island
0.823823038,Residential,shell_factors_res_recs2020+aeo2026_rdm.xlsx/clg_proj,2025,Cooling,South Carolina
0.691712144,Residential,shell_factors_res_recs2020+aeo2026_rdm.xlsx/clg_proj,2025,Cooling,South Dakota
0.722640922,Residential,shell_factors_res_recs2020+aeo2026_rdm.xlsx/clg_proj,2025,Cooling,Tennessee
0.749110067,Residential,shell_factors_res_recs2020+aeo2026_rdm.xlsx/clg_proj,2025,Cooling,Texas
0.862733646,Residential,shell_factors_res_recs2020+aeo2026_rdm.xlsx/clg_proj,2025,Cooling,Utah
0.751038155,Residential,shell_factors_res_recs2020+aeo2026_rdm.xlsx/clg_proj,2025,Cooling,Vermont
0.751169279,Residential,shell_factors_res_recs2020+aeo2026_rdm.xlsx/clg_proj,2025,Cooling,Virginia
0.658065912,Residential,shell_factors_res_recs2020+aeo2026_rdm.xlsx/clg_proj,2025,Cooling,Washington
0.631994938,Residential,shell_factors_res_recs2020+aeo2026_rdm.xlsx/clg_proj,2025,Cooling,West Virginia
0.849651742,Residential,shell_factors_res_recs2020+aeo2026_rdm.xlsx/clg_proj,2025,Cooling,Wisconsin
0.747499630,Residential,shell_factors_res_recs2020+aeo2026_rdm.xlsx/clg_proj,2025,Cooling,Wyoming
0.715829801,Residential,shell_factors_res_recs2020+aeo2026_rdm.xlsx/clg_proj,2026,Cooling,Alabama
0.785264852,Residential,shell_factors_res_recs2020+aeo2026_rdm.xlsx/clg_proj,2026,Cooling,Arizona
0.930356440,Residential,shell_factors_res_recs2020+aeo2026_rdm.xlsx/clg_proj,2026,Cooling,Arkansas
0.533184389,Residential,shell_factors_res_recs2020+aeo2026_rdm.xlsx/clg_proj,2026,Cooling,California
0.834810954,Residential,shell_factors_res_recs2020+aeo2026_rdm.xlsx/clg_proj,2026,Cooling,Colorado
0.590864483,Residential,shell_factors_res_recs2020+aeo2026_rdm.xlsx/clg_proj,2026,Cooling,Connecticut
0.905123714,Residential,shell_factors_res_recs2020+aeo2026_rdm.xlsx/clg_proj,2026,Cooling,Delaware
0.861376818,Residential,shell_factors_res_recs2020+aeo2026_rdm.xlsx/clg_proj,2026,Cooling,District of Columbia
0.723663226,Residential,shell_factors_res_recs2020+aeo2026_rdm.xlsx/clg_proj,2026,Cooling,Florida
0.802648422,Residential,shell_factors_res_recs2020+aeo2026_rdm.xlsx/clg_proj,2026,Cooling,Georgia
0.941251774,Residential,shell_factors_res_recs2020+aeo2026_rdm.xlsx/clg_proj,2026,Cooling,Idaho
0.909542121,Residential,shell_factors_res_recs2020+aeo2026_rdm.xlsx/clg_proj,2026,Cooling,Illinois
0.752327128,Residential,shell_factors_res_recs2020+aeo2026_rdm.xlsx/clg_proj,2026,Cooling,Indiana
0.486627048,Residential,shell_factors_res_recs2020+aeo2026_rdm.xlsx/clg_proj,2026,Cooling,Iowa
0.678374722,Residential,shell_factors_res_recs2020+aeo2026_rdm.xlsx/clg_proj,2026,Cooling,Kansas
0.605669060,Residential,shell_factors_res_recs2020+aeo2026_rdm.xlsx/clg_proj,2026,Cooling,Kentucky
0.606667927,Residential,shell_factors_res_recs2020+aeo2026_rdm.xlsx/clg_proj,2026,Cooling,Louisiana
0.987862469,Residential,shell_factors_res_recs2020+aeo2026_rdm.xlsx/clg_proj,2026,Cooling,Maine
0.734972470,Residential,shell_factors_res_recs2020+aeo2026_rdm.xlsx/clg_proj,2026,Cooling,Maryland
0.700959163,Residential,shell_factors_res_recs2020+aeo2026_rdm.xlsx/clg_proj,2026,Cooling,Massachusetts
0.651081271,Residential,shell_factors_res_recs2020+aeo2026_rdm.xlsx/clg_proj,2026,Cooling,Michigan
0.943948518,Residential,shell_factors_res_recs2020+aeo2026_rdm.xlsx/clg_proj,2026,Cooling,Minnesota
0.808646389,Residential,shell_factors_res_recs2020+aeo2026_rdm.xlsx/clg_proj,2026,Cooling,Mississippi
0.662202860,Residential,shell_factors_res_recs2020+aeo2026_rdm.xlsx/clg_proj,2026,Cooling,Missouri
0.918641939,Residential,shell_factors_res_recs2020+aeo2026_rdm.xlsx/clg_proj,2026,Cooling,Montana
0.620835275,Residential,shell_factors_res_recs2020+aeo2026_rdm.xlsx/clg_proj,2026,Cooling,Nebraska
0.840325692,Residential,shell_factors_res_recs2020+aeo2026_rdm.xlsx/clg_proj,2026,Cooling,Nevada
0.580301785,Residential,shell_factors_res_recs2020+aeo2026_rdm.xlsx/clg_proj,2026,Cooling,New Hampshire
0.662999652,Residential,shell_factors_res_recs2020+aeo2026_rdm.xlsx/clg_proj,2026,Cooling,New Jersey
0.828856037,Residential,shell_factors_res_recs2020+aeo2026_rdm.xlsx/clg_proj,2026,Cooling,New Mexico
0.600463222,Residential,shell_factors_res_recs2020+aeo2026_rdm.xlsx/clg_proj,2026,Cooling,New York
0.698845137,Residential,shell_factors_res_recs2020+aeo2026_rdm.xlsx/clg_proj,2026,Cooling,North Carolina
0.727996302,Residential,shell_factors_res_recs2020+aeo2026_rdm.xlsx/clg_proj,2026,Cooling,North Dakota
0.739196475,Residential,shell_factors_res_recs2020+aeo2026_rdm.xlsx/clg_proj,2026,Cooling,Ohio
0.750391316,Residential,shell_factors_res_recs2020+aeo2026_rdm.xlsx/clg_proj,2026,Cooling,Oklahoma
0.938568867,Residential,shell_factors_res_recs2020+aeo2026_rdm.xlsx/clg_proj,2026,Cooling,Oregon
0.662334109,Residential,shell_factors_res_recs2020+aeo2026_rdm.xlsx/clg_proj,2026,Cooling,Pennsylvania
0.679296913,Residential,shell_factors_res_recs2020+aeo2026_rdm.xlsx/clg_proj,2026,Cooling,Rhode Island
0.847021256,Residential,shell_factors_res_recs2020+aeo2026_rdm.xlsx/clg_proj,2026,Cooling,South Carolina
0.711190222,Residential,shell_factors_res_recs2020+aeo2026_rdm.xlsx/clg_proj,2026,Cooling,South Dakota
0.742989930,Residential,shell_factors_res_recs2020+aeo2026_rdm.xlsx/clg_proj,2026,Cooling,Tennessee
0.770204426,Residential,shell_factors_res_recs2020+aeo2026_rdm.xlsx/clg_proj,2026,Cooling,Texas
0.887027557,Residential,shell_factors_res_recs2020+aeo2026_rdm.xlsx/clg_proj,2026,Cooling,Utah
0.772186807,Residential,shell_factors_res_recs2020+aeo2026_rdm.xlsx/clg_proj,2026,Cooling,Vermont
0.772321623,Residential,shell_factors_res_recs2020+aeo2026_rdm.xlsx/clg_proj,2026,Cooling,Virginia
0.676596538,Residential,shell_factors_res_recs2020+aeo2026_rdm.xlsx/clg_proj,2026,Cooling,Washington
0.649791426,Residential,shell_factors_res_recs2020+aeo2026_rdm.xlsx/clg_proj,2026,Cooling,West Virginia
0.873577276,Residential,shell_factors_res_recs2020+aeo2026_rdm.xlsx/clg_proj,2026,Cooling,Wisconsin
0.768548640,Residential,shell_factors_res_recs2020+aeo2026_rdm.xlsx/clg_proj,2026,Cooling,Wyoming
0.727969662,Residential,shell_factors_res_recs2020+aeo2026_rdm.xlsx/clg_proj,2027,Cooling,Alabama
0.798582271,Residential,shell_factors_res_recs2020+aeo2026_rdm.xlsx/clg_proj,2027,Cooling,Arizona
0.946134489,Residential,shell_factors_res_recs2020+aeo2026_rdm.xlsx/clg_proj,2027,Cooling,Arkansas
0.542226740,Residential,shell_factors_res_recs2020+aeo2026_rdm.xlsx/clg_proj,2027,Cooling,California
0.848968633,Residential,shell_factors_res_recs2020+aeo2026_rdm.xlsx/clg_proj,2027,Cooling,Colorado
0.600885039,Residential,shell_factors_res_recs2020+aeo2026_rdm.xlsx/clg_proj,2027,Cooling,Connecticut
0.920473837,Residential,shell_factors_res_recs2020+aeo2026_rdm.xlsx/clg_proj,2027,Cooling,Delaware
0.875985031,Residential,shell_factors_res_recs2020+aeo2026_rdm.xlsx/clg_proj,2027,Cooling,District of Columbia
0.735935935,Residential,shell_factors_res_recs2020+aeo2026_rdm.xlsx/clg_proj,2027,Cooling,Florida
0.816260652,Residential,shell_factors_res_recs2020+aeo2026_rdm.xlsx/clg_proj,2027,Cooling,Georgia
0.957214598,Residential,shell_factors_res_recs2020+aeo2026_rdm.xlsx/clg_proj,2027,Cooling,Idaho
0.924967177,Residential,shell_factors_res_recs2020+aeo2026_rdm.xlsx/clg_proj,2027,Cooling,Illinois
0.765085952,Residential,shell_factors_res_recs2020+aeo2026_rdm.xlsx/clg_proj,2027,Cooling,Indiana
0.494879826,Residential,shell_factors_res_recs2020+aeo2026_rdm.xlsx/clg_proj,2027,Cooling,Iowa
0.689879377,Residential,shell_factors_res_recs2020+aeo2026_rdm.xlsx/clg_proj,2027,Cooling,Kansas
0.615940689,Residential,shell_factors_res_recs2020+aeo2026_rdm.xlsx/clg_proj,2027,Cooling,Kentucky
0.616956496,Residential,shell_factors_res_recs2020+aeo2026_rdm.xlsx/clg_proj,2027,Cooling,Louisiana
1.004615771,Residential,shell_factors_res_recs2020+aeo2026_rdm.xlsx/clg_proj,2027,Cooling,Maine
0.747436973,Residential,shell_factors_res_recs2020+aeo2026_rdm.xlsx/clg_proj,2027,Cooling,Maryland
0.712846831,Residential,shell_factors_res_recs2020+aeo2026_rdm.xlsx/clg_proj,2027,Cooling,Massachusetts
0.662123052,Residential,shell_factors_res_recs2020+aeo2026_rdm.xlsx/clg_proj,2027,Cooling,Michigan
0.959957077,Residential,shell_factors_res_recs2020+aeo2026_rdm.xlsx/clg_proj,2027,Cooling,Minnesota
0.822360340,Residential,shell_factors_res_recs2020+aeo2026_rdm.xlsx/clg_proj,2027,Cooling,Mississippi
0.673433253,Residential,shell_factors_res_recs2020+aeo2026_rdm.xlsx/clg_proj,2027,Cooling,Missouri
0.934221320,Residential,shell_factors_res_recs2020+aeo2026_rdm.xlsx/clg_proj,2027,Cooling,Montana
0.631364109,Residential,shell_factors_res_recs2020+aeo2026_rdm.xlsx/clg_proj,2027,Cooling,Nebraska
0.854576896,Residential,shell_factors_res_recs2020+aeo2026_rdm.xlsx/clg_proj,2027,Cooling,Nevada
0.590143206,Residential,shell_factors_res_recs2020+aeo2026_rdm.xlsx/clg_proj,2027,Cooling,New Hampshire
0.674243559,Residential,shell_factors_res_recs2020+aeo2026_rdm.xlsx/clg_proj,2027,Cooling,New Jersey
0.842912726,Residential,shell_factors_res_recs2020+aeo2026_rdm.xlsx/clg_proj,2027,Cooling,New Mexico
0.610646564,Residential,shell_factors_res_recs2020+aeo2026_rdm.xlsx/clg_proj,2027,Cooling,New York
0.710696952,Residential,shell_factors_res_recs2020+aeo2026_rdm.xlsx/clg_proj,2027,Cooling,North Carolina
0.740342496,Residential,shell_factors_res_recs2020+aeo2026_rdm.xlsx/clg_proj,2027,Cooling,North Dakota
0.751732614,Residential,shell_factors_res_recs2020+aeo2026_rdm.xlsx/clg_proj,2027,Cooling,Ohio
0.763117310,Residential,shell_factors_res_recs2020+aeo2026_rdm.xlsx/clg_proj,2027,Cooling,Oklahoma
0.954486192,Residential,shell_factors_res_recs2020+aeo2026_rdm.xlsx/clg_proj,2027,Cooling,Oregon
0.673566728,Residential,shell_factors_res_recs2020+aeo2026_rdm.xlsx/clg_proj,2027,Cooling,Pennsylvania
0.690817208,Residential,shell_factors_res_recs2020+aeo2026_rdm.xlsx/clg_proj,2027,Cooling,Rhode Island
0.861386011,Residential,shell_factors_res_recs2020+aeo2026_rdm.xlsx/clg_proj,2027,Cooling,South Carolina
0.723251399,Residential,shell_factors_res_recs2020+aeo2026_rdm.xlsx/clg_proj,2027,Cooling,South Dakota
0.755590403,Residential,shell_factors_res_recs2020+aeo2026_rdm.xlsx/clg_proj,2027,Cooling,Tennessee
0.783266433,Residential,shell_factors_res_recs2020+aeo2026_rdm.xlsx/clg_proj,2027,Cooling,Texas
0.902070785,Residential,shell_factors_res_recs2020+aeo2026_rdm.xlsx/clg_proj,2027,Cooling,Utah
0.785282434,Residential,shell_factors_res_recs2020+aeo2026_rdm.xlsx/clg_proj,2027,Cooling,Vermont
0.785419537,Residential,shell_factors_res_recs2020+aeo2026_rdm.xlsx/clg_proj,2027,Cooling,Virginia
0.688071036,Residential,shell_factors_res_recs2020+aeo2026_rdm.xlsx/clg_proj,2027,Cooling,Washington
0.660811332,Residential,shell_factors_res_recs2020+aeo2026_rdm.xlsx/clg_proj,2027,Cooling,West Virginia
0.888392399,Residential,shell_factors_res_recs2020+aeo2026_rdm.xlsx/clg_proj,2027,Cooling,Wisconsin
0.781582567,Residential,shell_factors_res_recs2020+aeo2026_rdm.xlsx/clg_proj,2027,Cooling,Wyoming
0.727906500,Residential,shell_factors_res_recs2020+aeo2026_rdm.xlsx/clg_proj,2028,Cooling,Alabama
0.798512982,Residential,shell_factors_res_recs2020+aeo2026_rdm.xlsx/clg_proj,2028,Cooling,Arizona
0.946052397,Residential,shell_factors_res_recs2020+aeo2026_rdm.xlsx/clg_proj,2028,Cooling,Arkansas
0.542179693,Residential,shell_factors_res_recs2020+aeo2026_rdm.xlsx/clg_proj,2028,Cooling,California
0.848894972,Residential,shell_factors_res_recs2020+aeo2026_rdm.xlsx/clg_proj,2028,Cooling,Colorado
0.600832903,Residential,shell_factors_res_recs2020+aeo2026_rdm.xlsx/clg_proj,2028,Cooling,Connecticut
0.920393972,Residential,shell_factors_res_recs2020+aeo2026_rdm.xlsx/clg_proj,2028,Cooling,Delaware
0.875909026,Residential,shell_factors_res_recs2020+aeo2026_rdm.xlsx/clg_proj,2028,Cooling,District of Columbia
0.735872082,Residential,shell_factors_res_recs2020+aeo2026_rdm.xlsx/clg_proj,2028,Cooling,Florida
0.816189829,Residential,shell_factors_res_recs2020+aeo2026_rdm.xlsx/clg_proj,2028,Cooling,Georgia
0.957131545,Residential,shell_factors_res_recs2020+aeo2026_rdm.xlsx/clg_proj,2028,Cooling,Idaho
0.924886922,Residential,shell_factors_res_recs2020+aeo2026_rdm.xlsx/clg_proj,2028,Cooling,Illinois
0.765019569,Residential,shell_factors_res_recs2020+aeo2026_rdm.xlsx/clg_proj,2028,Cooling,Indiana
0.494836887,Residential,shell_factors_res_recs2020+aeo2026_rdm.xlsx/clg_proj,2028,Cooling,Iowa
0.689819519,Residential,shell_factors_res_recs2020+aeo2026_rdm.xlsx/clg_proj,2028,Cooling,Kansas
0.615887246,Residential,shell_factors_res_recs2020+aeo2026_rdm.xlsx/clg_proj,2028,Cooling,Kentucky
0.616902965,Residential,shell_factors_res_recs2020+aeo2026_rdm.xlsx/clg_proj,2028,Cooling,Louisiana
1.004528605,Residential,shell_factors_res_recs2020+aeo2026_rdm.xlsx/clg_proj,2028,Cooling,Maine
0.747372122,Residential,shell_factors_res_recs2020+aeo2026_rdm.xlsx/clg_proj,2028,Cooling,Maryland
0.712784980,Residential,shell_factors_res_recs2020+aeo2026_rdm.xlsx/clg_proj,2028,Cooling,Massachusetts
0.662065602,Residential,shell_factors_res_recs2020+aeo2026_rdm.xlsx/clg_proj,2028,Cooling,Michigan
0.959873786,Residential,shell_factors_res_recs2020+aeo2026_rdm.xlsx/clg_proj,2028,Cooling,Minnesota
0.822288987,Residential,shell_factors_res_recs2020+aeo2026_rdm.xlsx/clg_proj,2028,Cooling,Mississippi
0.673374823,Residential,shell_factors_res_recs2020+aeo2026_rdm.xlsx/clg_proj,2028,Cooling,Missouri
0.934140262,Residential,shell_factors_res_recs2020+aeo2026_rdm.xlsx/clg_proj,2028,Cooling,Montana
0.631309329,Residential,shell_factors_res_recs2020+aeo2026_rdm.xlsx/clg_proj,2028,Cooling,Nebraska
0.854502748,Residential,shell_factors_res_recs2020+aeo2026_rdm.xlsx/clg_proj,2028,Cooling,Nevada
0.590092002,Residential,shell_factors_res_recs2020+aeo2026_rdm.xlsx/clg_proj,2028,Cooling,New Hampshire
0.674185058,Residential,shell_factors_res_recs2020+aeo2026_rdm.xlsx/clg_proj,2028,Cooling,New Jersey
0.842839590,Residential,shell_factors_res_recs2020+aeo2026_rdm.xlsx/clg_proj,2028,Cooling,New Mexico
0.610593581,Residential,shell_factors_res_recs2020+aeo2026_rdm.xlsx/clg_proj,2028,Cooling,New York
0.710635288,Residential,shell_factors_res_recs2020+aeo2026_rdm.xlsx/clg_proj,2028,Cooling,North Carolina
0.740278260,Residential,shell_factors_res_recs2020+aeo2026_rdm.xlsx/clg_proj,2028,Cooling,North Dakota
0.751667390,Residential,shell_factors_res_recs2020+aeo2026_rdm.xlsx/clg_proj,2028,Cooling,Ohio
0.763051098,Residential,shell_factors_res_recs2020+aeo2026_rdm.xlsx/clg_proj,2028,Cooling,Oklahoma
0.954403376,Residential,shell_factors_res_recs2020+aeo2026_rdm.xlsx/clg_proj,2028,Cooling,Oregon
0.673508286,Residential,shell_factors_res_recs2020+aeo2026_rdm.xlsx/clg_proj,2028,Cooling,Pennsylvania
0.690757269,Residential,shell_factors_res_recs2020+aeo2026_rdm.xlsx/clg_proj,2028,Cooling,Rhode Island
0.861311273,Residential,shell_factors_res_recs2020+aeo2026_rdm.xlsx/clg_proj,2028,Cooling,South Carolina
0.723188646,Residential,shell_factors_res_recs2020+aeo2026_rdm.xlsx/clg_proj,2028,Cooling,South Dakota
0.755524844,Residential,shell_factors_res_recs2020+aeo2026_rdm.xlsx/clg_proj,2028,Cooling,Tennessee
0.783198473,Residential,shell_factors_res_recs2020+aeo2026_rdm.xlsx/clg_proj,2028,Cooling,Texas
0.901992517,Residential,shell_factors_res_recs2020+aeo2026_rdm.xlsx/clg_proj,2028,Cooling,Utah
0.785214299,Residential,shell_factors_res_recs2020+aeo2026_rdm.xlsx/clg_proj,2028,Cooling,Vermont
0.785351390,Residential,shell_factors_res_recs2020+aeo2026_rdm.xlsx/clg_proj,2028,Cooling,Virginia
0.688011335,Residential,shell_factors_res_recs2020+aeo2026_rdm.xlsx/clg_proj,2028,Cooling,Washington
0.660753997,Residential,shell_factors_res_recs2020+aeo2026_rdm.xlsx/clg_proj,2028,Cooling,West Virginia
0.888315317,Residential,shell_factors_res_recs2020+aeo2026_rdm.xlsx/clg_proj,2028,Cooling,Wisconsin
0.781514753,Residential,shell_factors_res_recs2020+aeo2026_rdm.xlsx/clg_proj,2028,Cooling,Wyoming
0.727174993,Residential,shell_factors_res_recs2020+aeo2026_rdm.xlsx/clg_proj,2029,Cooling,Alabama
0.797710520,Residential,shell_factors_res_recs2020+aeo2026_rdm.xlsx/clg_proj,2029,Cooling,Arizona
0.945101666,Residential,shell_factors_res_recs2020+aeo2026_rdm.xlsx/clg_proj,2029,Cooling,Arkansas
0.541634832,Residential,shell_factors_res_recs2020+aeo2026_rdm.xlsx/clg_proj,2029,Cooling,California
0.848041879,Residential,shell_factors_res_recs2020+aeo2026_rdm.xlsx/clg_proj,2029,Cooling,Colorado
0.600229099,Residential,shell_factors_res_recs2020+aeo2026_rdm.xlsx/clg_proj,2029,Cooling,Connecticut
0.919469027,Residential,shell_factors_res_recs2020+aeo2026_rdm.xlsx/clg_proj,2029,Cooling,Delaware
0.875028785,Residential,shell_factors_res_recs2020+aeo2026_rdm.xlsx/clg_proj,2029,Cooling,District of Columbia
0.735132570,Residential,shell_factors_res_recs2020+aeo2026_rdm.xlsx/clg_proj,2029,Cooling,Florida
0.815369603,Residential,shell_factors_res_recs2020+aeo2026_rdm.xlsx/clg_proj,2029,Cooling,Georgia
0.956169680,Residential,shell_factors_res_recs2020+aeo2026_rdm.xlsx/clg_proj,2029,Cooling,Idaho
0.923957461,Residential,shell_factors_res_recs2020+aeo2026_rdm.xlsx/clg_proj,2029,Cooling,Illinois
0.764250766,Residential,shell_factors_res_recs2020+aeo2026_rdm.xlsx/clg_proj,2029,Cooling,Indiana
0.494339603,Residential,shell_factors_res_recs2020+aeo2026_rdm.xlsx/clg_proj,2029,Cooling,Iowa
0.689126288,Residential,shell_factors_res_recs2020+aeo2026_rdm.xlsx/clg_proj,2029,Cooling,Kansas
0.615268313,Residential,shell_factors_res_recs2020+aeo2026_rdm.xlsx/clg_proj,2029,Cooling,Kentucky
0.616283012,Residential,shell_factors_res_recs2020+aeo2026_rdm.xlsx/clg_proj,2029,Cooling,Louisiana
1.003519109,Residential,shell_factors_res_recs2020+aeo2026_rdm.xlsx/clg_proj,2029,Cooling,Maine
0.746621054,Residential,shell_factors_res_recs2020+aeo2026_rdm.xlsx/clg_proj,2029,Cooling,Maryland
0.712068670,Residential,shell_factors_res_recs2020+aeo2026_rdm.xlsx/clg_proj,2029,Cooling,Massachusetts
0.661400262,Residential,shell_factors_res_recs2020+aeo2026_rdm.xlsx/clg_proj,2029,Cooling,Michigan
0.958909165,Residential,shell_factors_res_recs2020+aeo2026_rdm.xlsx/clg_proj,2029,Cooling,Minnesota
0.821462632,Residential,shell_factors_res_recs2020+aeo2026_rdm.xlsx/clg_proj,2029,Cooling,Mississippi
0.672698118,Residential,shell_factors_res_recs2020+aeo2026_rdm.xlsx/clg_proj,2029,Cooling,Missouri
0.933201502,Residential,shell_factors_res_recs2020+aeo2026_rdm.xlsx/clg_proj,2029,Cooling,Montana
0.630674897,Residential,shell_factors_res_recs2020+aeo2026_rdm.xlsx/clg_proj,2029,Cooling,Nebraska
0.853644020,Residential,shell_factors_res_recs2020+aeo2026_rdm.xlsx/clg_proj,2029,Cooling,Nevada
0.589498992,Residential,shell_factors_res_recs2020+aeo2026_rdm.xlsx/clg_proj,2029,Cooling,New Hampshire
0.673507539,Residential,shell_factors_res_recs2020+aeo2026_rdm.xlsx/clg_proj,2029,Cooling,New Jersey
0.841992582,Residential,shell_factors_res_recs2020+aeo2026_rdm.xlsx/clg_proj,2029,Cooling,New Mexico
0.609979968,Residential,shell_factors_res_recs2020+aeo2026_rdm.xlsx/clg_proj,2029,Cooling,New York
0.709921138,Residential,shell_factors_res_recs2020+aeo2026_rdm.xlsx/clg_proj,2029,Cooling,North Carolina
0.739534320,Residential,shell_factors_res_recs2020+aeo2026_rdm.xlsx/clg_proj,2029,Cooling,North Dakota
0.750912005,Residential,shell_factors_res_recs2020+aeo2026_rdm.xlsx/clg_proj,2029,Cooling,Ohio
0.762284273,Residential,shell_factors_res_recs2020+aeo2026_rdm.xlsx/clg_proj,2029,Cooling,Oklahoma
0.953444252,Residential,shell_factors_res_recs2020+aeo2026_rdm.xlsx/clg_proj,2029,Cooling,Oregon
0.672831447,Residential,shell_factors_res_recs2020+aeo2026_rdm.xlsx/clg_proj,2029,Cooling,Pennsylvania
0.690063095,Residential,shell_factors_res_recs2020+aeo2026_rdm.xlsx/clg_proj,2029,Cooling,Rhode Island
0.860445702,Residential,shell_factors_res_recs2020+aeo2026_rdm.xlsx/clg_proj,2029,Cooling,South Carolina
0.722461881,Residential,shell_factors_res_recs2020+aeo2026_rdm.xlsx/clg_proj,2029,Cooling,South Dakota
0.754765583,Residential,shell_factors_res_recs2020+aeo2026_rdm.xlsx/clg_proj,2029,Cooling,Tennessee
0.782411401,Residential,shell_factors_res_recs2020+aeo2026_rdm.xlsx/clg_proj,2029,Cooling,Texas
0.901086063,Residential,shell_factors_res_recs2020+aeo2026_rdm.xlsx/clg_proj,2029,Cooling,Utah
0.784425201,Residential,shell_factors_res_recs2020+aeo2026_rdm.xlsx/clg_proj,2029,Cooling,Vermont
0.784562154,Residential,shell_factors_res_recs2020+aeo2026_rdm.xlsx/clg_proj,2029,Cooling,Virginia
0.687319921,Residential,shell_factors_res_recs2020+aeo2026_rdm.xlsx/clg_proj,2029,Cooling,Washington
0.660089975,Residential,shell_factors_res_recs2020+aeo2026_rdm.xlsx/clg_proj,2029,Cooling,West Virginia
0.887422609,Residential,shell_factors_res_recs2020+aeo2026_rdm.xlsx/clg_proj,2029,Cooling,Wisconsin
0.780729373,Residential,shell_factors_res_recs2020+aeo2026_rdm.xlsx/clg_proj,2029,Cooling,Wyoming
0.727244770,Residential,shell_factors_res_recs2020+aeo2026_rdm.xlsx/clg_proj,2030,Cooling,Alabama
0.797787065,Residential,shell_factors_res_recs2020+aeo2026_rdm.xlsx/clg_proj,2030,Cooling,Arizona
0.945192354,Residential,shell_factors_res_recs2020+aeo2026_rdm.xlsx/clg_proj,2030,Cooling,Arkansas
0.541686805,Residential,shell_factors_res_recs2020+aeo2026_rdm.xlsx/clg_proj,2030,Cooling,California
0.848123254,Residential,shell_factors_res_recs2020+aeo2026_rdm.xlsx/clg_proj,2030,Cooling,Colorado
0.600286694,Residential,shell_factors_res_recs2020+aeo2026_rdm.xlsx/clg_proj,2030,Cooling,Connecticut
0.919557255,Residential,shell_factors_res_recs2020+aeo2026_rdm.xlsx/clg_proj,2030,Cooling,Delaware
0.875112749,Residential,shell_factors_res_recs2020+aeo2026_rdm.xlsx/clg_proj,2030,Cooling,District of Columbia
0.735203110,Residential,shell_factors_res_recs2020+aeo2026_rdm.xlsx/clg_proj,2030,Cooling,Florida
0.815447842,Residential,shell_factors_res_recs2020+aeo2026_rdm.xlsx/clg_proj,2030,Cooling,Georgia
0.956261430,Residential,shell_factors_res_recs2020+aeo2026_rdm.xlsx/clg_proj,2030,Cooling,Idaho
0.924046120,Residential,shell_factors_res_recs2020+aeo2026_rdm.xlsx/clg_proj,2030,Cooling,Illinois
0.764324101,Residential,shell_factors_res_recs2020+aeo2026_rdm.xlsx/clg_proj,2030,Cooling,Indiana
0.494387038,Residential,shell_factors_res_recs2020+aeo2026_rdm.xlsx/clg_proj,2030,Cooling,Iowa
0.689192414,Residential,shell_factors_res_recs2020+aeo2026_rdm.xlsx/clg_proj,2030,Cooling,Kansas
0.615327352,Residential,shell_factors_res_recs2020+aeo2026_rdm.xlsx/clg_proj,2030,Cooling,Kentucky
0.616342147,Residential,shell_factors_res_recs2020+aeo2026_rdm.xlsx/clg_proj,2030,Cooling,Louisiana
1.003615402,Residential,shell_factors_res_recs2020+aeo2026_rdm.xlsx/clg_proj,2030,Cooling,Maine
0.746692696,Residential,shell_factors_res_recs2020+aeo2026_rdm.xlsx/clg_proj,2030,Cooling,Maryland
0.712136997,Residential,shell_factors_res_recs2020+aeo2026_rdm.xlsx/clg_proj,2030,Cooling,Massachusetts
0.661463728,Residential,shell_factors_res_recs2020+aeo2026_rdm.xlsx/clg_proj,2030,Cooling,Michigan
0.959001178,Residential,shell_factors_res_recs2020+aeo2026_rdm.xlsx/clg_proj,2030,Cooling,Minnesota
0.821541456,Residential,shell_factors_res_recs2020+aeo2026_rdm.xlsx/clg_proj,2030,Cooling,Mississippi
0.672762667,Residential,shell_factors_res_recs2020+aeo2026_rdm.xlsx/clg_proj,2030,Cooling,Missouri
0.933291048,Residential,shell_factors_res_recs2020+aeo2026_rdm.xlsx/clg_proj,2030,Cooling,Montana
0.630735414,Residential,shell_factors_res_recs2020+aeo2026_rdm.xlsx/clg_proj,2030,Cooling,Nebraska
0.853725932,Residential,shell_factors_res_recs2020+aeo2026_rdm.xlsx/clg_proj,2030,Cooling,Nevada
0.589555558,Residential,shell_factors_res_recs2020+aeo2026_rdm.xlsx/clg_proj,2030,Cooling,New Hampshire
0.673572166,Residential,shell_factors_res_recs2020+aeo2026_rdm.xlsx/clg_proj,2030,Cooling,New Jersey
0.842073376,Residential,shell_factors_res_recs2020+aeo2026_rdm.xlsx/clg_proj,2030,Cooling,New Mexico
0.610038499,Residential,shell_factors_res_recs2020+aeo2026_rdm.xlsx/clg_proj,2030,Cooling,New York
0.709989260,Residential,shell_factors_res_recs2020+aeo2026_rdm.xlsx/clg_proj,2030,Cooling,North Carolina
0.739605283,Residential,shell_factors_res_recs2020+aeo2026_rdm.xlsx/clg_proj,2030,Cooling,North Dakota
0.750984059,Residential,shell_factors_res_recs2020+aeo2026_rdm.xlsx/clg_proj,2030,Cooling,Ohio
0.762357419,Residential,shell_factors_res_recs2020+aeo2026_rdm.xlsx/clg_proj,2030,Cooling,Oklahoma
0.953535741,Residential,shell_factors_res_recs2020+aeo2026_rdm.xlsx/clg_proj,2030,Cooling,Oregon
0.672896009,Residential,shell_factors_res_recs2020+aeo2026_rdm.xlsx/clg_proj,2030,Cooling,Pennsylvania
0.690129311,Residential,shell_factors_res_recs2020+aeo2026_rdm.xlsx/clg_proj,2030,Cooling,Rhode Island
0.860528266,Residential,shell_factors_res_recs2020+aeo2026_rdm.xlsx/clg_proj,2030,Cooling,South Carolina
0.722531205,Residential,shell_factors_res_recs2020+aeo2026_rdm.xlsx/clg_proj,2030,Cooling,South Dakota
0.754838007,Residential,shell_factors_res_recs2020+aeo2026_rdm.xlsx/clg_proj,2030,Cooling,Tennessee
0.782486478,Residential,shell_factors_res_recs2020+aeo2026_rdm.xlsx/clg_proj,2030,Cooling,Texas
0.901172528,Residential,shell_factors_res_recs2020+aeo2026_rdm.xlsx/clg_proj,2030,Cooling,Utah
0.784500472,Residential,shell_factors_res_recs2020+aeo2026_rdm.xlsx/clg_proj,2030,Cooling,Vermont
0.784637437,Residential,shell_factors_res_recs2020+aeo2026_rdm.xlsx/clg_proj,2030,Cooling,Virginia
0.687385874,Residential,shell_factors_res_recs2020+aeo2026_rdm.xlsx/clg_proj,2030,Cooling,Washington
0.660153314,Residential,shell_factors_res_recs2020+aeo2026_rdm.xlsx/clg_proj,2030,Cooling,West Virginia
0.887507762,Residential,shell_factors_res_recs2020+aeo2026_rdm.xlsx/clg_proj,2030,Cooling,Wisconsin
0.780804288,Residential,shell_factors_res_recs2020+aeo2026_rdm.xlsx/clg_proj,2030,Cooling,Wyoming
0.729902620,Residential,shell_factors_res_recs2020+aeo2026_rdm.xlsx/clg_proj,2031,Cooling,Alabama
0.800702725,Residential,shell_factors_res_recs2020+aeo2026_rdm.xlsx/clg_proj,2031,Cooling,Arizona
0.948646734,Residential,shell_factors_res_recs2020+aeo2026_rdm.xlsx/clg_proj,2031,Cooling,Arkansas
0.543666500,Residential,shell_factors_res_recs2020+aeo2026_rdm.xlsx/clg_proj,2031,Cooling,California
0.851222877,Residential,shell_factors_res_recs2020+aeo2026_rdm.xlsx/clg_proj,2031,Cooling,Colorado
0.602480553,Residential,shell_factors_res_recs2020+aeo2026_rdm.xlsx/clg_proj,2031,Cooling,Connecticut
0.922917947,Residential,shell_factors_res_recs2020+aeo2026_rdm.xlsx/clg_proj,2031,Cooling,Delaware
0.878311011,Residential,shell_factors_res_recs2020+aeo2026_rdm.xlsx/clg_proj,2031,Cooling,District of Columbia
0.737890046,Residential,shell_factors_res_recs2020+aeo2026_rdm.xlsx/clg_proj,2031,Cooling,Florida
0.818428047,Residential,shell_factors_res_recs2020+aeo2026_rdm.xlsx/clg_proj,2031,Cooling,Georgia
0.959756264,Residential,shell_factors_res_recs2020+aeo2026_rdm.xlsx/clg_proj,2031,Cooling,Idaho
0.927423217,Residential,shell_factors_res_recs2020+aeo2026_rdm.xlsx/clg_proj,2031,Cooling,Illinois
0.767117464,Residential,shell_factors_res_recs2020+aeo2026_rdm.xlsx/clg_proj,2031,Cooling,Indiana
0.496193867,Residential,shell_factors_res_recs2020+aeo2026_rdm.xlsx/clg_proj,2031,Cooling,Iowa
0.691711195,Residential,shell_factors_res_recs2020+aeo2026_rdm.xlsx/clg_proj,2031,Cooling,Kansas
0.617576179,Residential,shell_factors_res_recs2020+aeo2026_rdm.xlsx/clg_proj,2031,Cooling,Kentucky
0.618594684,Residential,shell_factors_res_recs2020+aeo2026_rdm.xlsx/clg_proj,2031,Cooling,Louisiana
1.007283300,Residential,shell_factors_res_recs2020+aeo2026_rdm.xlsx/clg_proj,2031,Cooling,Maine
0.749421623,Residential,shell_factors_res_recs2020+aeo2026_rdm.xlsx/clg_proj,2031,Cooling,Maryland
0.714739633,Residential,shell_factors_res_recs2020+aeo2026_rdm.xlsx/clg_proj,2031,Cooling,Massachusetts
0.663881169,Residential,shell_factors_res_recs2020+aeo2026_rdm.xlsx/clg_proj,2031,Cooling,Michigan
0.962506025,Residential,shell_factors_res_recs2020+aeo2026_rdm.xlsx/clg_proj,2031,Cooling,Minnesota
0.824543931,Residential,shell_factors_res_recs2020+aeo2026_rdm.xlsx/clg_proj,2031,Cooling,Mississippi
0.675221402,Residential,shell_factors_res_recs2020+aeo2026_rdm.xlsx/clg_proj,2031,Cooling,Missouri
0.936701933,Residential,shell_factors_res_recs2020+aeo2026_rdm.xlsx/clg_proj,2031,Cooling,Montana
0.633040553,Residential,shell_factors_res_recs2020+aeo2026_rdm.xlsx/clg_proj,2031,Cooling,Nebraska
0.856846031,Residential,shell_factors_res_recs2020+aeo2026_rdm.xlsx/clg_proj,2031,Cooling,Nevada
0.591710198,Residential,shell_factors_res_recs2020+aeo2026_rdm.xlsx/clg_proj,2031,Cooling,New Hampshire
0.676033859,Residential,shell_factors_res_recs2020+aeo2026_rdm.xlsx/clg_proj,2031,Cooling,New Jersey
0.845150889,Residential,shell_factors_res_recs2020+aeo2026_rdm.xlsx/clg_proj,2031,Cooling,New Mexico
0.612267997,Residential,shell_factors_res_recs2020+aeo2026_rdm.xlsx/clg_proj,2031,Cooling,New York
0.712584046,Residential,shell_factors_res_recs2020+aeo2026_rdm.xlsx/clg_proj,2031,Cooling,North Carolina
0.742308307,Residential,shell_factors_res_recs2020+aeo2026_rdm.xlsx/clg_proj,2031,Cooling,North Dakota
0.753728669,Residential,shell_factors_res_recs2020+aeo2026_rdm.xlsx/clg_proj,2031,Cooling,Ohio
0.765143595,Residential,shell_factors_res_recs2020+aeo2026_rdm.xlsx/clg_proj,2031,Cooling,Oklahoma
0.957020613,Residential,shell_factors_res_recs2020+aeo2026_rdm.xlsx/clg_proj,2031,Cooling,Oregon
0.675355232,Residential,shell_factors_res_recs2020+aeo2026_rdm.xlsx/clg_proj,2031,Cooling,Pennsylvania
0.692651516,Residential,shell_factors_res_recs2020+aeo2026_rdm.xlsx/clg_proj,2031,Cooling,Rhode Island
0.863673226,Residential,shell_factors_res_recs2020+aeo2026_rdm.xlsx/clg_proj,2031,Cooling,South Carolina
0.725171829,Residential,shell_factors_res_recs2020+aeo2026_rdm.xlsx/clg_proj,2031,Cooling,South Dakota
0.757596702,Residential,shell_factors_res_recs2020+aeo2026_rdm.xlsx/clg_proj,2031,Cooling,Tennessee
0.785346220,Residential,shell_factors_res_recs2020+aeo2026_rdm.xlsx/clg_proj,2031,Cooling,Texas
0.904466029,Residential,shell_factors_res_recs2020+aeo2026_rdm.xlsx/clg_proj,2031,Cooling,Utah
0.787367573,Residential,shell_factors_res_recs2020+aeo2026_rdm.xlsx/clg_proj,2031,Cooling,Vermont
0.787505040,Residential,shell_factors_res_recs2020+aeo2026_rdm.xlsx/clg_proj,2031,Cooling,Virginia
0.689898052,Residential,shell_factors_res_recs2020+aeo2026_rdm.xlsx/clg_proj,2031,Cooling,Washington
0.662565966,Residential,shell_factors_res_recs2020+aeo2026_rdm.xlsx/clg_proj,2031,Cooling,West Virginia
0.890751323,Residential,shell_factors_res_recs2020+aeo2026_rdm.xlsx/clg_proj,2031,Cooling,Wisconsin
0.783657882,Residential,shell_factors_res_recs2020+aeo2026_rdm.xlsx/clg_proj,2031,Cooling,Wyoming
0.729763067,Residential,shell_factors_res_recs2020+aeo2026_rdm.xlsx/clg_proj,2032,Cooling,Alabama
0.800549635,Residential,shell_factors_res_recs2020+aeo2026_rdm.xlsx/clg_proj,2032,Cooling,Arizona
0.948465358,Residential,shell_factors_res_recs2020+aeo2026_rdm.xlsx/clg_proj,2032,Cooling,Arkansas
0.543562554,Residential,shell_factors_res_recs2020+aeo2026_rdm.xlsx/clg_proj,2032,Cooling,California
0.851060128,Residential,shell_factors_res_recs2020+aeo2026_rdm.xlsx/clg_proj,2032,Cooling,Colorado
0.602365362,Residential,shell_factors_res_recs2020+aeo2026_rdm.xlsx/clg_proj,2032,Cooling,Connecticut
0.922741490,Residential,shell_factors_res_recs2020+aeo2026_rdm.xlsx/clg_proj,2032,Cooling,Delaware
0.878143082,Residential,shell_factors_res_recs2020+aeo2026_rdm.xlsx/clg_proj,2032,Cooling,District of Columbia
0.737748966,Residential,shell_factors_res_recs2020+aeo2026_rdm.xlsx/clg_proj,2032,Cooling,Florida
0.818271568,Residential,shell_factors_res_recs2020+aeo2026_rdm.xlsx/clg_proj,2032,Cooling,Georgia
0.959572764,Residential,shell_factors_res_recs2020+aeo2026_rdm.xlsx/clg_proj,2032,Cooling,Idaho
0.927245899,Residential,shell_factors_res_recs2020+aeo2026_rdm.xlsx/clg_proj,2032,Cooling,Illinois
0.766970796,Residential,shell_factors_res_recs2020+aeo2026_rdm.xlsx/clg_proj,2032,Cooling,Indiana
0.496098997,Residential,shell_factors_res_recs2020+aeo2026_rdm.xlsx/clg_proj,2032,Cooling,Iowa
0.691578944,Residential,shell_factors_res_recs2020+aeo2026_rdm.xlsx/clg_proj,2032,Cooling,Kansas
0.617458102,Residential,shell_factors_res_recs2020+aeo2026_rdm.xlsx/clg_proj,2032,Cooling,Kentucky
0.618476412,Residential,shell_factors_res_recs2020+aeo2026_rdm.xlsx/clg_proj,2032,Cooling,Louisiana
1.007090713,Residential,shell_factors_res_recs2020+aeo2026_rdm.xlsx/clg_proj,2032,Cooling,Maine
0.749278337,Residential,shell_factors_res_recs2020+aeo2026_rdm.xlsx/clg_proj,2032,Cooling,Maryland
0.714602979,Residential,shell_factors_res_recs2020+aeo2026_rdm.xlsx/clg_proj,2032,Cooling,Massachusetts
0.663754239,Residential,shell_factors_res_recs2020+aeo2026_rdm.xlsx/clg_proj,2032,Cooling,Michigan
0.962321999,Residential,shell_factors_res_recs2020+aeo2026_rdm.xlsx/clg_proj,2032,Cooling,Minnesota
0.824386283,Residential,shell_factors_res_recs2020+aeo2026_rdm.xlsx/clg_proj,2032,Cooling,Mississippi
0.675092304,Residential,shell_factors_res_recs2020+aeo2026_rdm.xlsx/clg_proj,2032,Cooling,Missouri
0.936522840,Residential,shell_factors_res_recs2020+aeo2026_rdm.xlsx/clg_proj,2032,Cooling,Montana
0.632919520,Residential,shell_factors_res_recs2020+aeo2026_rdm.xlsx/clg_proj,2032,Cooling,Nebraska
0.856682207,Residential,shell_factors_res_recs2020+aeo2026_rdm.xlsx/clg_proj,2032,Cooling,Nevada
0.591597066,Residential,shell_factors_res_recs2020+aeo2026_rdm.xlsx/clg_proj,2032,Cooling,New Hampshire
0.675904606,Residential,shell_factors_res_recs2020+aeo2026_rdm.xlsx/clg_proj,2032,Cooling,New Jersey
0.844989301,Residential,shell_factors_res_recs2020+aeo2026_rdm.xlsx/clg_proj,2032,Cooling,New Mexico
0.612150935,Residential,shell_factors_res_recs2020+aeo2026_rdm.xlsx/clg_proj,2032,Cooling,New York
0.712447804,Residential,shell_factors_res_recs2020+aeo2026_rdm.xlsx/clg_proj,2032,Cooling,North Carolina
0.742166382,Residential,shell_factors_res_recs2020+aeo2026_rdm.xlsx/clg_proj,2032,Cooling,North Dakota
0.753584560,Residential,shell_factors_res_recs2020+aeo2026_rdm.xlsx/clg_proj,2032,Cooling,Ohio
0.764997304,Residential,shell_factors_res_recs2020+aeo2026_rdm.xlsx/clg_proj,2032,Cooling,Oklahoma
0.956837636,Residential,shell_factors_res_recs2020+aeo2026_rdm.xlsx/clg_proj,2032,Cooling,Oregon
0.675226108,Residential,shell_factors_res_recs2020+aeo2026_rdm.xlsx/clg_proj,2032,Cooling,Pennsylvania
0.692519085,Residential,shell_factors_res_recs2020+aeo2026_rdm.xlsx/clg_proj,2032,Cooling,Rhode Island
0.863508096,Residential,shell_factors_res_recs2020+aeo2026_rdm.xlsx/clg_proj,2032,Cooling,South Carolina
0.725033180,Residential,shell_factors_res_recs2020+aeo2026_rdm.xlsx/clg_proj,2032,Cooling,South Dakota
0.757451853,Residential,shell_factors_res_recs2020+aeo2026_rdm.xlsx/clg_proj,2032,Cooling,Tennessee
0.785196066,Residential,shell_factors_res_recs2020+aeo2026_rdm.xlsx/clg_proj,2032,Cooling,Texas
0.904293100,Residential,shell_factors_res_recs2020+aeo2026_rdm.xlsx/clg_proj,2032,Cooling,Utah
0.787217033,Residential,shell_factors_res_recs2020+aeo2026_rdm.xlsx/clg_proj,2032,Cooling,Vermont
0.787354473,Residential,shell_factors_res_recs2020+aeo2026_rdm.xlsx/clg_proj,2032,Cooling,Virginia
0.689766148,Residential,shell_factors_res_recs2020+aeo2026_rdm.xlsx/clg_proj,2032,Cooling,Washington
0.662439288,Residential,shell_factors_res_recs2020+aeo2026_rdm.xlsx/clg_proj,2032,Cooling,West Virginia
0.890581016,Residential,shell_factors_res_recs2020+aeo2026_rdm.xlsx/clg_proj,2032,Cooling,Wisconsin
0.783508051,Residential,shell_factors_res_recs2020+aeo2026_rdm.xlsx/clg_proj,2032,Cooling,Wyoming
0.729494735,Residential,shell_factors_res_recs2020+aeo2026_rdm.xlsx/clg_proj,2033,Cooling,Alabama
0.800255276,Residential,shell_factors_res_recs2020+aeo2026_rdm.xlsx/clg_proj,2033,Cooling,Arizona
0.948116610,Residential,shell_factors_res_recs2020+aeo2026_rdm.xlsx/clg_proj,2033,Cooling,Arkansas
0.543362687,Residential,shell_factors_res_recs2020+aeo2026_rdm.xlsx/clg_proj,2033,Cooling,California
0.850747195,Residential,shell_factors_res_recs2020+aeo2026_rdm.xlsx/clg_proj,2033,Cooling,Colorado
0.602143874,Residential,shell_factors_res_recs2020+aeo2026_rdm.xlsx/clg_proj,2033,Cooling,Connecticut
0.922402200,Residential,shell_factors_res_recs2020+aeo2026_rdm.xlsx/clg_proj,2033,Cooling,Delaware
0.877820192,Residential,shell_factors_res_recs2020+aeo2026_rdm.xlsx/clg_proj,2033,Cooling,District of Columbia
0.737477697,Residential,shell_factors_res_recs2020+aeo2026_rdm.xlsx/clg_proj,2033,Cooling,Florida
0.817970692,Residential,shell_factors_res_recs2020+aeo2026_rdm.xlsx/clg_proj,2033,Cooling,Georgia
0.959219932,Residential,shell_factors_res_recs2020+aeo2026_rdm.xlsx/clg_proj,2033,Cooling,Idaho
0.926904953,Residential,shell_factors_res_recs2020+aeo2026_rdm.xlsx/clg_proj,2033,Cooling,Illinois
0.766688783,Residential,shell_factors_res_recs2020+aeo2026_rdm.xlsx/clg_proj,2033,Cooling,Indiana
0.495916583,Residential,shell_factors_res_recs2020+aeo2026_rdm.xlsx/clg_proj,2033,Cooling,Iowa
0.691324652,Residential,shell_factors_res_recs2020+aeo2026_rdm.xlsx/clg_proj,2033,Cooling,Kansas
0.617231064,Residential,shell_factors_res_recs2020+aeo2026_rdm.xlsx/clg_proj,2033,Cooling,Kentucky
0.618249000,Residential,shell_factors_res_recs2020+aeo2026_rdm.xlsx/clg_proj,2033,Cooling,Louisiana
1.006720409,Residential,shell_factors_res_recs2020+aeo2026_rdm.xlsx/clg_proj,2033,Cooling,Maine
0.749002830,Residential,shell_factors_res_recs2020+aeo2026_rdm.xlsx/clg_proj,2033,Cooling,Maryland
0.714340222,Residential,shell_factors_res_recs2020+aeo2026_rdm.xlsx/clg_proj,2033,Cooling,Massachusetts
0.663510178,Residential,shell_factors_res_recs2020+aeo2026_rdm.xlsx/clg_proj,2033,Cooling,Michigan
0.961968156,Residential,shell_factors_res_recs2020+aeo2026_rdm.xlsx/clg_proj,2033,Cooling,Minnesota
0.824083158,Residential,shell_factors_res_recs2020+aeo2026_rdm.xlsx/clg_proj,2033,Cooling,Mississippi
0.674844074,Residential,shell_factors_res_recs2020+aeo2026_rdm.xlsx/clg_proj,2033,Cooling,Missouri
0.936178483,Residential,shell_factors_res_recs2020+aeo2026_rdm.xlsx/clg_proj,2033,Cooling,Montana
0.632686797,Residential,shell_factors_res_recs2020+aeo2026_rdm.xlsx/clg_proj,2033,Cooling,Nebraska
0.856367207,Residential,shell_factors_res_recs2020+aeo2026_rdm.xlsx/clg_proj,2033,Cooling,Nevada
0.591379537,Residential,shell_factors_res_recs2020+aeo2026_rdm.xlsx/clg_proj,2033,Cooling,New Hampshire
0.675656077,Residential,shell_factors_res_recs2020+aeo2026_rdm.xlsx/clg_proj,2033,Cooling,New Jersey
0.844678601,Residential,shell_factors_res_recs2020+aeo2026_rdm.xlsx/clg_proj,2033,Cooling,New Mexico
0.611925849,Residential,shell_factors_res_recs2020+aeo2026_rdm.xlsx/clg_proj,2033,Cooling,New York
0.712185839,Residential,shell_factors_res_recs2020+aeo2026_rdm.xlsx/clg_proj,2033,Cooling,North Carolina
0.741893489,Residential,shell_factors_res_recs2020+aeo2026_rdm.xlsx/clg_proj,2033,Cooling,North Dakota
0.753307470,Residential,shell_factors_res_recs2020+aeo2026_rdm.xlsx/clg_proj,2033,Cooling,Ohio
0.764716016,Residential,shell_factors_res_recs2020+aeo2026_rdm.xlsx/clg_proj,2033,Cooling,Oklahoma
0.956485810,Residential,shell_factors_res_recs2020+aeo2026_rdm.xlsx/clg_proj,2033,Cooling,Oregon
0.674977829,Residential,shell_factors_res_recs2020+aeo2026_rdm.xlsx/clg_proj,2033,Cooling,Pennsylvania
0.692264447,Residential,shell_factors_res_recs2020+aeo2026_rdm.xlsx/clg_proj,2033,Cooling,Rhode Island
0.863190587,Residential,shell_factors_res_recs2020+aeo2026_rdm.xlsx/clg_proj,2033,Cooling,South Carolina
0.724766588,Residential,shell_factors_res_recs2020+aeo2026_rdm.xlsx/clg_proj,2033,Cooling,South Dakota
0.757173340,Residential,shell_factors_res_recs2020+aeo2026_rdm.xlsx/clg_proj,2033,Cooling,Tennessee
0.784907351,Residential,shell_factors_res_recs2020+aeo2026_rdm.xlsx/clg_proj,2033,Cooling,Texas
0.903960594,Residential,shell_factors_res_recs2020+aeo2026_rdm.xlsx/clg_proj,2033,Cooling,Utah
0.786927576,Residential,shell_factors_res_recs2020+aeo2026_rdm.xlsx/clg_proj,2033,Cooling,Vermont
0.787064965,Residential,shell_factors_res_recs2020+aeo2026_rdm.xlsx/clg_proj,2033,Cooling,Virginia
0.689512523,Residential,shell_factors_res_recs2020+aeo2026_rdm.xlsx/clg_proj,2033,Cooling,Washington
0.662195710,Residential,shell_factors_res_recs2020+aeo2026_rdm.xlsx/clg_proj,2033,Cooling,West Virginia
0.890253552,Residential,shell_factors_res_recs2020+aeo2026_rdm.xlsx/clg_proj,2033,Cooling,Wisconsin
0.783219957,Residential,shell_factors_res_recs2020+aeo2026_rdm.xlsx/clg_proj,2033,Cooling,Wyoming
0.729082604,Residential,shell_factors_res_recs2020+aeo2026_rdm.xlsx/clg_proj,2034,Cooling,Alabama
0.799803168,Residential,shell_factors_res_recs2020+aeo2026_rdm.xlsx/clg_proj,2034,Cooling,Arizona
0.947580968,Residential,shell_factors_res_recs2020+aeo2026_rdm.xlsx/clg_proj,2034,Cooling,Arkansas
0.543055712,Residential,shell_factors_res_recs2020+aeo2026_rdm.xlsx/clg_proj,2034,Cooling,California
0.850266562,Residential,shell_factors_res_recs2020+aeo2026_rdm.xlsx/clg_proj,2034,Cooling,Colorado
0.601803690,Residential,shell_factors_res_recs2020+aeo2026_rdm.xlsx/clg_proj,2034,Cooling,Connecticut
0.921881085,Residential,shell_factors_res_recs2020+aeo2026_rdm.xlsx/clg_proj,2034,Cooling,Delaware
0.877324263,Residential,shell_factors_res_recs2020+aeo2026_rdm.xlsx/clg_proj,2034,Cooling,District of Columbia
0.737061056,Residential,shell_factors_res_recs2020+aeo2026_rdm.xlsx/clg_proj,2034,Cooling,Florida
0.817508576,Residential,shell_factors_res_recs2020+aeo2026_rdm.xlsx/clg_proj,2034,Cooling,Georgia
0.958678017,Residential,shell_factors_res_recs2020+aeo2026_rdm.xlsx/clg_proj,2034,Cooling,Idaho
0.926381294,Residential,shell_factors_res_recs2020+aeo2026_rdm.xlsx/clg_proj,2034,Cooling,Illinois
0.766255639,Residential,shell_factors_res_recs2020+aeo2026_rdm.xlsx/clg_proj,2034,Cooling,Indiana
0.495636413,Residential,shell_factors_res_recs2020+aeo2026_rdm.xlsx/clg_proj,2034,Cooling,Iowa
0.690934085,Residential,shell_factors_res_recs2020+aeo2026_rdm.xlsx/clg_proj,2034,Cooling,Kansas
0.616882357,Residential,shell_factors_res_recs2020+aeo2026_rdm.xlsx/clg_proj,2034,Cooling,Kentucky
0.617899717,Residential,shell_factors_res_recs2020+aeo2026_rdm.xlsx/clg_proj,2034,Cooling,Louisiana
1.006151658,Residential,shell_factors_res_recs2020+aeo2026_rdm.xlsx/clg_proj,2034,Cooling,Maine
0.748579677,Residential,shell_factors_res_recs2020+aeo2026_rdm.xlsx/clg_proj,2034,Cooling,Maryland
0.713936652,Residential,shell_factors_res_recs2020+aeo2026_rdm.xlsx/clg_proj,2034,Cooling,Massachusetts
0.663135325,Residential,shell_factors_res_recs2020+aeo2026_rdm.xlsx/clg_proj,2034,Cooling,Michigan
0.961424688,Residential,shell_factors_res_recs2020+aeo2026_rdm.xlsx/clg_proj,2034,Cooling,Minnesota
0.823617589,Residential,shell_factors_res_recs2020+aeo2026_rdm.xlsx/clg_proj,2034,Cooling,Mississippi
0.674462818,Residential,shell_factors_res_recs2020+aeo2026_rdm.xlsx/clg_proj,2034,Cooling,Missouri
0.935649585,Residential,shell_factors_res_recs2020+aeo2026_rdm.xlsx/clg_proj,2034,Cooling,Montana
0.632329358,Residential,shell_factors_res_recs2020+aeo2026_rdm.xlsx/clg_proj,2034,Cooling,Nebraska
0.855883399,Residential,shell_factors_res_recs2020+aeo2026_rdm.xlsx/clg_proj,2034,Cooling,Nevada
0.591045435,Residential,shell_factors_res_recs2020+aeo2026_rdm.xlsx/clg_proj,2034,Cooling,New Hampshire
0.675274362,Residential,shell_factors_res_recs2020+aeo2026_rdm.xlsx/clg_proj,2034,Cooling,New Jersey
0.844201396,Residential,shell_factors_res_recs2020+aeo2026_rdm.xlsx/clg_proj,2034,Cooling,New Mexico
0.611580138,Residential,shell_factors_res_recs2020+aeo2026_rdm.xlsx/clg_proj,2034,Cooling,New York
0.711783487,Residential,shell_factors_res_recs2020+aeo2026_rdm.xlsx/clg_proj,2034,Cooling,North Carolina
0.741474353,Residential,shell_factors_res_recs2020+aeo2026_rdm.xlsx/clg_proj,2034,Cooling,North Dakota
0.752881885,Residential,shell_factors_res_recs2020+aeo2026_rdm.xlsx/clg_proj,2034,Cooling,Ohio
0.764283987,Residential,shell_factors_res_recs2020+aeo2026_rdm.xlsx/clg_proj,2034,Cooling,Oklahoma
0.955945439,Residential,shell_factors_res_recs2020+aeo2026_rdm.xlsx/clg_proj,2034,Cooling,Oregon
0.674596497,Residential,shell_factors_res_recs2020+aeo2026_rdm.xlsx/clg_proj,2034,Cooling,Pennsylvania
0.691873350,Residential,shell_factors_res_recs2020+aeo2026_rdm.xlsx/clg_proj,2034,Cooling,Rhode Island
0.862702924,Residential,shell_factors_res_recs2020+aeo2026_rdm.xlsx/clg_proj,2034,Cooling,South Carolina
0.724357128,Residential,shell_factors_res_recs2020+aeo2026_rdm.xlsx/clg_proj,2034,Cooling,South Dakota
0.756745572,Residential,shell_factors_res_recs2020+aeo2026_rdm.xlsx/clg_proj,2034,Cooling,Tennessee
0.784463915,Residential,shell_factors_res_recs2020+aeo2026_rdm.xlsx/clg_proj,2034,Cooling,Texas
0.903449898,Residential,shell_factors_res_recs2020+aeo2026_rdm.xlsx/clg_proj,2034,Cooling,Utah
0.786482998,Residential,shell_factors_res_recs2020+aeo2026_rdm.xlsx/clg_proj,2034,Cooling,Vermont
0.786620310,Residential,shell_factors_res_recs2020+aeo2026_rdm.xlsx/clg_proj,2034,Cooling,Virginia
0.689122980,Residential,shell_factors_res_recs2020+aeo2026_rdm.xlsx/clg_proj,2034,Cooling,Washington
0.661821600,Residential,shell_factors_res_recs2020+aeo2026_rdm.xlsx/clg_proj,2034,Cooling,West Virginia
0.889750600,Residential,shell_factors_res_recs2020+aeo2026_rdm.xlsx/clg_proj,2034,Cooling,Wisconsin
0.782777474,Residential,shell_factors_res_recs2020+aeo2026_rdm.xlsx/clg_proj,2034,Cooling,Wyoming
0.728885990,Residential,shell_factors_res_recs2020+aeo2026_rdm.xlsx/clg_proj,2035,Cooling,Alabama
0.799587483,Residential,shell_factors_res_recs2020+aeo2026_rdm.xlsx/clg_proj,2035,Cooling,Arizona
0.947325431,Residential,shell_factors_res_recs2020+aeo2026_rdm.xlsx/clg_proj,2035,Cooling,Arkansas
0.542909265,Residential,shell_factors_res_recs2020+aeo2026_rdm.xlsx/clg_proj,2035,Cooling,California
0.850037268,Residential,shell_factors_res_recs2020+aeo2026_rdm.xlsx/clg_proj,2035,Cooling,Colorado
0.601641400,Residential,shell_factors_res_recs2020+aeo2026_rdm.xlsx/clg_proj,2035,Cooling,Connecticut
0.921632479,Residential,shell_factors_res_recs2020+aeo2026_rdm.xlsx/clg_proj,2035,Cooling,Delaware
0.877087673,Residential,shell_factors_res_recs2020+aeo2026_rdm.xlsx/clg_proj,2035,Cooling,District of Columbia
0.736862291,Residential,shell_factors_res_recs2020+aeo2026_rdm.xlsx/clg_proj,2035,Cooling,Florida
0.817288116,Residential,shell_factors_res_recs2020+aeo2026_rdm.xlsx/clg_proj,2035,Cooling,Georgia
0.958419487,Residential,shell_factors_res_recs2020+aeo2026_rdm.xlsx/clg_proj,2035,Cooling,Idaho
0.926131475,Residential,shell_factors_res_recs2020+aeo2026_rdm.xlsx/clg_proj,2035,Cooling,Illinois
0.766049000,Residential,shell_factors_res_recs2020+aeo2026_rdm.xlsx/clg_proj,2035,Cooling,Indiana
0.495502753,Residential,shell_factors_res_recs2020+aeo2026_rdm.xlsx/clg_proj,2035,Cooling,Iowa
0.690747759,Residential,shell_factors_res_recs2020+aeo2026_rdm.xlsx/clg_proj,2035,Cooling,Kansas
0.616716001,Residential,shell_factors_res_recs2020+aeo2026_rdm.xlsx/clg_proj,2035,Cooling,Kentucky
0.617733087,Residential,shell_factors_res_recs2020+aeo2026_rdm.xlsx/clg_proj,2035,Cooling,Louisiana
1.005880326,Residential,shell_factors_res_recs2020+aeo2026_rdm.xlsx/clg_proj,2035,Cooling,Maine
0.748377806,Residential,shell_factors_res_recs2020+aeo2026_rdm.xlsx/clg_proj,2035,Cooling,Maryland
0.713744123,Residential,shell_factors_res_recs2020+aeo2026_rdm.xlsx/clg_proj,2035,Cooling,Massachusetts
0.662956496,Residential,shell_factors_res_recs2020+aeo2026_rdm.xlsx/clg_proj,2035,Cooling,Michigan
0.961165418,Residential,shell_factors_res_recs2020+aeo2026_rdm.xlsx/clg_proj,2035,Cooling,Minnesota
0.823395482,Residential,shell_factors_res_recs2020+aeo2026_rdm.xlsx/clg_proj,2035,Cooling,Mississippi
0.674280934,Residential,shell_factors_res_recs2020+aeo2026_rdm.xlsx/clg_proj,2035,Cooling,Missouri
0.935397266,Residential,shell_factors_res_recs2020+aeo2026_rdm.xlsx/clg_proj,2035,Cooling,Montana
0.632158836,Residential,shell_factors_res_recs2020+aeo2026_rdm.xlsx/clg_proj,2035,Cooling,Nebraska
0.855652590,Residential,shell_factors_res_recs2020+aeo2026_rdm.xlsx/clg_proj,2035,Cooling,Nevada
0.590886046,Residential,shell_factors_res_recs2020+aeo2026_rdm.xlsx/clg_proj,2035,Cooling,New Hampshire
0.675092260,Residential,shell_factors_res_recs2020+aeo2026_rdm.xlsx/clg_proj,2035,Cooling,New Jersey
0.843973738,Residential,shell_factors_res_recs2020+aeo2026_rdm.xlsx/clg_proj,2035,Cooling,New Mexico
0.611415212,Residential,shell_factors_res_recs2020+aeo2026_rdm.xlsx/clg_proj,2035,Cooling,New York
0.711591538,Residential,shell_factors_res_recs2020+aeo2026_rdm.xlsx/clg_proj,2035,Cooling,North Carolina
0.741274398,Residential,shell_factors_res_recs2020+aeo2026_rdm.xlsx/clg_proj,2035,Cooling,North Dakota
0.752678854,Residential,shell_factors_res_recs2020+aeo2026_rdm.xlsx/clg_proj,2035,Cooling,Ohio
0.764077880,Residential,shell_factors_res_recs2020+aeo2026_rdm.xlsx/clg_proj,2035,Cooling,Oklahoma
0.955687647,Residential,shell_factors_res_recs2020+aeo2026_rdm.xlsx/clg_proj,2035,Cooling,Oregon
0.674414577,Residential,shell_factors_res_recs2020+aeo2026_rdm.xlsx/clg_proj,2035,Cooling,Pennsylvania
0.691686770,Residential,shell_factors_res_recs2020+aeo2026_rdm.xlsx/clg_proj,2035,Cooling,Rhode Island
0.862470276,Residential,shell_factors_res_recs2020+aeo2026_rdm.xlsx/clg_proj,2035,Cooling,South Carolina
0.724161788,Residential,shell_factors_res_recs2020+aeo2026_rdm.xlsx/clg_proj,2035,Cooling,South Dakota
0.756541499,Residential,shell_factors_res_recs2020+aeo2026_rdm.xlsx/clg_proj,2035,Cooling,Tennessee
0.784252366,Residential,shell_factors_res_recs2020+aeo2026_rdm.xlsx/clg_proj,2035,Cooling,Texas
0.903206262,Residential,shell_factors_res_recs2020+aeo2026_rdm.xlsx/clg_proj,2035,Cooling,Utah
0.786270905,Residential,shell_factors_res_recs2020+aeo2026_rdm.xlsx/clg_proj,2035,Cooling,Vermont
0.786408180,Residential,shell_factors_res_recs2020+aeo2026_rdm.xlsx/clg_proj,2035,Cooling,Virginia
0.688937142,Residential,shell_factors_res_recs2020+aeo2026_rdm.xlsx/clg_proj,2035,Cooling,Washington
0.661643125,Residential,shell_factors_res_recs2020+aeo2026_rdm.xlsx/clg_proj,2035,Cooling,West Virginia
0.889510658,Residential,shell_factors_res_recs2020+aeo2026_rdm.xlsx/clg_proj,2035,Cooling,Wisconsin
0.782566380,Residential,shell_factors_res_recs2020+aeo2026_rdm.xlsx/clg_proj,2035,Cooling,Wyoming
0.728922283,Residential,shell_factors_res_recs2020+aeo2026_rdm.xlsx/clg_proj,2036,Cooling,Alabama
0.799627296,Residential,shell_factors_res_recs2020+aeo2026_rdm.xlsx/clg_proj,2036,Cooling,Arizona
0.947372601,Residential,shell_factors_res_recs2020+aeo2026_rdm.xlsx/clg_proj,2036,Cooling,Arkansas
0.542936298,Residential,shell_factors_res_recs2020+aeo2026_rdm.xlsx/clg_proj,2036,Cooling,California
0.850079594,Residential,shell_factors_res_recs2020+aeo2026_rdm.xlsx/clg_proj,2036,Cooling,Colorado
0.601671357,Residential,shell_factors_res_recs2020+aeo2026_rdm.xlsx/clg_proj,2036,Cooling,Connecticut
0.921678370,Residential,shell_factors_res_recs2020+aeo2026_rdm.xlsx/clg_proj,2036,Cooling,Delaware
0.877131345,Residential,shell_factors_res_recs2020+aeo2026_rdm.xlsx/clg_proj,2036,Cooling,District of Columbia
0.736898981,Residential,shell_factors_res_recs2020+aeo2026_rdm.xlsx/clg_proj,2036,Cooling,Florida
0.817328811,Residential,shell_factors_res_recs2020+aeo2026_rdm.xlsx/clg_proj,2036,Cooling,Georgia
0.958467209,Residential,shell_factors_res_recs2020+aeo2026_rdm.xlsx/clg_proj,2036,Cooling,Idaho
0.926177589,Residential,shell_factors_res_recs2020+aeo2026_rdm.xlsx/clg_proj,2036,Cooling,Illinois
0.766087144,Residential,shell_factors_res_recs2020+aeo2026_rdm.xlsx/clg_proj,2036,Cooling,Indiana
0.495527426,Residential,shell_factors_res_recs2020+aeo2026_rdm.xlsx/clg_proj,2036,Cooling,Iowa
0.690782153,Residential,shell_factors_res_recs2020+aeo2026_rdm.xlsx/clg_proj,2036,Cooling,Kansas
0.616746709,Residential,shell_factors_res_recs2020+aeo2026_rdm.xlsx/clg_proj,2036,Cooling,Kentucky
0.617763845,Residential,shell_factors_res_recs2020+aeo2026_rdm.xlsx/clg_proj,2036,Cooling,Louisiana
1.005930411,Residential,shell_factors_res_recs2020+aeo2026_rdm.xlsx/clg_proj,2036,Cooling,Maine
0.748415070,Residential,shell_factors_res_recs2020+aeo2026_rdm.xlsx/clg_proj,2036,Cooling,Maryland
0.713779662,Residential,shell_factors_res_recs2020+aeo2026_rdm.xlsx/clg_proj,2036,Cooling,Massachusetts
0.662989506,Residential,shell_factors_res_recs2020+aeo2026_rdm.xlsx/clg_proj,2036,Cooling,Michigan
0.961213277,Residential,shell_factors_res_recs2020+aeo2026_rdm.xlsx/clg_proj,2036,Cooling,Minnesota
0.823436481,Residential,shell_factors_res_recs2020+aeo2026_rdm.xlsx/clg_proj,2036,Cooling,Mississippi
0.674314508,Residential,shell_factors_res_recs2020+aeo2026_rdm.xlsx/clg_proj,2036,Cooling,Missouri
0.935443842,Residential,shell_factors_res_recs2020+aeo2026_rdm.xlsx/clg_proj,2036,Cooling,Montana
0.632190313,Residential,shell_factors_res_recs2020+aeo2026_rdm.xlsx/clg_proj,2036,Cooling,Nebraska
0.855695195,Residential,shell_factors_res_recs2020+aeo2026_rdm.xlsx/clg_proj,2036,Cooling,Nevada
0.590915468,Residential,shell_factors_res_recs2020+aeo2026_rdm.xlsx/clg_proj,2036,Cooling,New Hampshire
0.675125874,Residential,shell_factors_res_recs2020+aeo2026_rdm.xlsx/clg_proj,2036,Cooling,New Jersey
0.844015762,Residential,shell_factors_res_recs2020+aeo2026_rdm.xlsx/clg_proj,2036,Cooling,New Mexico
0.611445656,Residential,shell_factors_res_recs2020+aeo2026_rdm.xlsx/clg_proj,2036,Cooling,New York
0.711626970,Residential,shell_factors_res_recs2020+aeo2026_rdm.xlsx/clg_proj,2036,Cooling,North Carolina
0.741311308,Residential,shell_factors_res_recs2020+aeo2026_rdm.xlsx/clg_proj,2036,Cooling,North Dakota
0.752716331,Residential,shell_factors_res_recs2020+aeo2026_rdm.xlsx/clg_proj,2036,Cooling,Ohio
0.764115926,Residential,shell_factors_res_recs2020+aeo2026_rdm.xlsx/clg_proj,2036,Cooling,Oklahoma
0.955735233,Residential,shell_factors_res_recs2020+aeo2026_rdm.xlsx/clg_proj,2036,Cooling,Oregon
0.674448158,Residential,shell_factors_res_recs2020+aeo2026_rdm.xlsx/clg_proj,2036,Cooling,Pennsylvania
0.691721211,Residential,shell_factors_res_recs2020+aeo2026_rdm.xlsx/clg_proj,2036,Cooling,Rhode Island
0.862513221,Residential,shell_factors_res_recs2020+aeo2026_rdm.xlsx/clg_proj,2036,Cooling,South Carolina
0.724197846,Residential,shell_factors_res_recs2020+aeo2026_rdm.xlsx/clg_proj,2036,Cooling,South Dakota
0.756579169,Residential,shell_factors_res_recs2020+aeo2026_rdm.xlsx/clg_proj,2036,Cooling,Tennessee
0.784291416,Residential,shell_factors_res_recs2020+aeo2026_rdm.xlsx/clg_proj,2036,Cooling,Texas
0.903251235,Residential,shell_factors_res_recs2020+aeo2026_rdm.xlsx/clg_proj,2036,Cooling,Utah
0.786310055,Residential,shell_factors_res_recs2020+aeo2026_rdm.xlsx/clg_proj,2036,Cooling,Vermont
0.786447337,Residential,shell_factors_res_recs2020+aeo2026_rdm.xlsx/clg_proj,2036,Cooling,Virginia
0.688971446,Residential,shell_factors_res_recs2020+aeo2026_rdm.xlsx/clg_proj,2036,Cooling,Washington
0.661676070,Residential,shell_factors_res_recs2020+aeo2026_rdm.xlsx/clg_proj,2036,Cooling,West Virginia
0.889554949,Residential,shell_factors_res_recs2020+aeo2026_rdm.xlsx/clg_proj,2036,Cooling,Wisconsin
0.782605346,Residential,shell_factors_res_recs2020+aeo2026_rdm.xlsx/clg_proj,2036,Cooling,Wyoming
0.725676292,Residential,shell_factors_res_recs2020+aeo2026_rdm.xlsx/clg_proj,2037,Cooling,Alabama
0.796066446,Residential,shell_factors_res_recs2020+aeo2026_rdm.xlsx/clg_proj,2037,Cooling,Arizona
0.943153820,Residential,shell_factors_res_recs2020+aeo2026_rdm.xlsx/clg_proj,2037,Cooling,Arkansas
0.540518528,Residential,shell_factors_res_recs2020+aeo2026_rdm.xlsx/clg_proj,2037,Cooling,California
0.846294072,Residential,shell_factors_res_recs2020+aeo2026_rdm.xlsx/clg_proj,2037,Cooling,Colorado
0.598992032,Residential,shell_factors_res_recs2020+aeo2026_rdm.xlsx/clg_proj,2037,Cooling,Connecticut
0.917574009,Residential,shell_factors_res_recs2020+aeo2026_rdm.xlsx/clg_proj,2037,Cooling,Delaware
0.873225359,Residential,shell_factors_res_recs2020+aeo2026_rdm.xlsx/clg_proj,2037,Cooling,District of Columbia
0.733617468,Residential,shell_factors_res_recs2020+aeo2026_rdm.xlsx/clg_proj,2037,Cooling,Florida
0.813689133,Residential,shell_factors_res_recs2020+aeo2026_rdm.xlsx/clg_proj,2037,Cooling,Georgia
0.954199023,Residential,shell_factors_res_recs2020+aeo2026_rdm.xlsx/clg_proj,2037,Cooling,Idaho
0.922053193,Residential,shell_factors_res_recs2020+aeo2026_rdm.xlsx/clg_proj,2037,Cooling,Illinois
0.762675652,Residential,shell_factors_res_recs2020+aeo2026_rdm.xlsx/clg_proj,2037,Cooling,Indiana
0.493320774,Residential,shell_factors_res_recs2020+aeo2026_rdm.xlsx/clg_proj,2037,Cooling,Iowa
0.687706005,Residential,shell_factors_res_recs2020+aeo2026_rdm.xlsx/clg_proj,2037,Cooling,Kansas
0.614000251,Residential,shell_factors_res_recs2020+aeo2026_rdm.xlsx/clg_proj,2037,Cooling,Kentucky
0.615012858,Residential,shell_factors_res_recs2020+aeo2026_rdm.xlsx/clg_proj,2037,Cooling,Louisiana
1.001450865,Residential,shell_factors_res_recs2020+aeo2026_rdm.xlsx/clg_proj,2037,Cooling,Maine
0.745082274,Residential,shell_factors_res_recs2020+aeo2026_rdm.xlsx/clg_proj,2037,Cooling,Maryland
0.710601103,Residential,shell_factors_res_recs2020+aeo2026_rdm.xlsx/clg_proj,2037,Cooling,Massachusetts
0.660037122,Residential,shell_factors_res_recs2020+aeo2026_rdm.xlsx/clg_proj,2037,Cooling,Michigan
0.956932862,Residential,shell_factors_res_recs2020+aeo2026_rdm.xlsx/clg_proj,2037,Cooling,Minnesota
0.819769604,Residential,shell_factors_res_recs2020+aeo2026_rdm.xlsx/clg_proj,2037,Cooling,Mississippi
0.671311693,Residential,shell_factors_res_recs2020+aeo2026_rdm.xlsx/clg_proj,2037,Cooling,Missouri
0.931278182,Residential,shell_factors_res_recs2020+aeo2026_rdm.xlsx/clg_proj,2037,Cooling,Montana
0.629375082,Residential,shell_factors_res_recs2020+aeo2026_rdm.xlsx/clg_proj,2037,Cooling,Nebraska
0.851884667,Residential,shell_factors_res_recs2020+aeo2026_rdm.xlsx/clg_proj,2037,Cooling,Nevada
0.588284040,Residential,shell_factors_res_recs2020+aeo2026_rdm.xlsx/clg_proj,2037,Cooling,New Hampshire
0.672119445,Residential,shell_factors_res_recs2020+aeo2026_rdm.xlsx/clg_proj,2037,Cooling,New Jersey
0.840257243,Residential,shell_factors_res_recs2020+aeo2026_rdm.xlsx/clg_proj,2037,Cooling,New Mexico
0.608722804,Residential,shell_factors_res_recs2020+aeo2026_rdm.xlsx/clg_proj,2037,Cooling,New York
0.708457997,Residential,shell_factors_res_recs2020+aeo2026_rdm.xlsx/clg_proj,2037,Cooling,North Carolina
0.738010146,Residential,shell_factors_res_recs2020+aeo2026_rdm.xlsx/clg_proj,2037,Cooling,North Dakota
0.749364382,Residential,shell_factors_res_recs2020+aeo2026_rdm.xlsx/clg_proj,2037,Cooling,Ohio
0.760713212,Residential,shell_factors_res_recs2020+aeo2026_rdm.xlsx/clg_proj,2037,Cooling,Oklahoma
0.951479212,Residential,shell_factors_res_recs2020+aeo2026_rdm.xlsx/clg_proj,2037,Cooling,Oregon
0.671444747,Residential,shell_factors_res_recs2020+aeo2026_rdm.xlsx/clg_proj,2037,Cooling,Pennsylvania
0.688640881,Residential,shell_factors_res_recs2020+aeo2026_rdm.xlsx/clg_proj,2037,Cooling,Rhode Island
0.858672331,Residential,shell_factors_res_recs2020+aeo2026_rdm.xlsx/clg_proj,2037,Cooling,South Carolina
0.720972893,Residential,shell_factors_res_recs2020+aeo2026_rdm.xlsx/clg_proj,2037,Cooling,South Dakota
0.753210017,Residential,shell_factors_res_recs2020+aeo2026_rdm.xlsx/clg_proj,2037,Cooling,Tennessee
0.780798858,Residential,shell_factors_res_recs2020+aeo2026_rdm.xlsx/clg_proj,2037,Cooling,Texas
0.899228933,Residential,shell_factors_res_recs2020+aeo2026_rdm.xlsx/clg_proj,2037,Cooling,Utah
0.782808508,Residential,shell_factors_res_recs2020+aeo2026_rdm.xlsx/clg_proj,2037,Cooling,Vermont
0.782945178,Residential,shell_factors_res_recs2020+aeo2026_rdm.xlsx/clg_proj,2037,Cooling,Virginia
0.685903361,Residential,shell_factors_res_recs2020+aeo2026_rdm.xlsx/clg_proj,2037,Cooling,Washington
0.658729535,Residential,shell_factors_res_recs2020+aeo2026_rdm.xlsx/clg_proj,2037,Cooling,West Virginia
0.885593638,Residential,shell_factors_res_recs2020+aeo2026_rdm.xlsx/clg_proj,2037,Cooling,Wisconsin
0.779120296,Residential,shell_factors_res_recs2020+aeo2026_rdm.xlsx/clg_proj,2037,Cooling,Wyoming
0.724087715,Residential,shell_factors_res_recs2020+aeo2026_rdm.xlsx/clg_proj,2038,Cooling,Alabama
0.794323778,Residential,shell_factors_res_recs2020+aeo2026_rdm.xlsx/clg_proj,2038,Cooling,Arizona
0.941089163,Residential,shell_factors_res_recs2020+aeo2026_rdm.xlsx/clg_proj,2038,Cooling,Arkansas
0.539335279,Residential,shell_factors_res_recs2020+aeo2026_rdm.xlsx/clg_proj,2038,Cooling,California
0.844441451,Residential,shell_factors_res_recs2020+aeo2026_rdm.xlsx/clg_proj,2038,Cooling,Colorado
0.597680779,Residential,shell_factors_res_recs2020+aeo2026_rdm.xlsx/clg_proj,2038,Cooling,Connecticut
0.915565349,Residential,shell_factors_res_recs2020+aeo2026_rdm.xlsx/clg_proj,2038,Cooling,Delaware
0.871313782,Residential,shell_factors_res_recs2020+aeo2026_rdm.xlsx/clg_proj,2038,Cooling,District of Columbia
0.732011508,Residential,shell_factors_res_recs2020+aeo2026_rdm.xlsx/clg_proj,2038,Cooling,Florida
0.811907887,Residential,shell_factors_res_recs2020+aeo2026_rdm.xlsx/clg_proj,2038,Cooling,Georgia
0.952110187,Residential,shell_factors_res_recs2020+aeo2026_rdm.xlsx/clg_proj,2038,Cooling,Idaho
0.920034727,Residential,shell_factors_res_recs2020+aeo2026_rdm.xlsx/clg_proj,2038,Cooling,Illinois
0.761006080,Residential,shell_factors_res_recs2020+aeo2026_rdm.xlsx/clg_proj,2038,Cooling,Indiana
0.492240846,Residential,shell_factors_res_recs2020+aeo2026_rdm.xlsx/clg_proj,2038,Cooling,Iowa
0.686200549,Residential,shell_factors_res_recs2020+aeo2026_rdm.xlsx/clg_proj,2038,Cooling,Kansas
0.612656144,Residential,shell_factors_res_recs2020+aeo2026_rdm.xlsx/clg_proj,2038,Cooling,Kentucky
0.613666534,Residential,shell_factors_res_recs2020+aeo2026_rdm.xlsx/clg_proj,2038,Cooling,Louisiana
0.999258590,Residential,shell_factors_res_recs2020+aeo2026_rdm.xlsx/clg_proj,2038,Cooling,Maine
0.743451216,Residential,shell_factors_res_recs2020+aeo2026_rdm.xlsx/clg_proj,2038,Cooling,Maryland
0.709045527,Residential,shell_factors_res_recs2020+aeo2026_rdm.xlsx/clg_proj,2038,Cooling,Massachusetts
0.658592236,Residential,shell_factors_res_recs2020+aeo2026_rdm.xlsx/clg_proj,2038,Cooling,Michigan
0.954838041,Residential,shell_factors_res_recs2020+aeo2026_rdm.xlsx/clg_proj,2038,Cooling,Minnesota
0.817975048,Residential,shell_factors_res_recs2020+aeo2026_rdm.xlsx/clg_proj,2038,Cooling,Mississippi
0.669842125,Residential,shell_factors_res_recs2020+aeo2026_rdm.xlsx/clg_proj,2038,Cooling,Missouri
0.929239522,Residential,shell_factors_res_recs2020+aeo2026_rdm.xlsx/clg_proj,2038,Cooling,Montana
0.627997318,Residential,shell_factors_res_recs2020+aeo2026_rdm.xlsx/clg_proj,2038,Cooling,Nebraska
0.850019807,Residential,shell_factors_res_recs2020+aeo2026_rdm.xlsx/clg_proj,2038,Cooling,Nevada
0.586996228,Residential,shell_factors_res_recs2020+aeo2026_rdm.xlsx/clg_proj,2038,Cooling,New Hampshire
0.670648110,Residential,shell_factors_res_recs2020+aeo2026_rdm.xlsx/clg_proj,2038,Cooling,New Jersey
0.838417837,Residential,shell_factors_res_recs2020+aeo2026_rdm.xlsx/clg_proj,2038,Cooling,New Mexico
0.607390250,Residential,shell_factors_res_recs2020+aeo2026_rdm.xlsx/clg_proj,2038,Cooling,New York
0.706907113,Residential,shell_factors_res_recs2020+aeo2026_rdm.xlsx/clg_proj,2038,Cooling,North Carolina
0.736394570,Residential,shell_factors_res_recs2020+aeo2026_rdm.xlsx/clg_proj,2038,Cooling,North Dakota
0.747723949,Residential,shell_factors_res_recs2020+aeo2026_rdm.xlsx/clg_proj,2038,Cooling,Ohio
0.759047936,Residential,shell_factors_res_recs2020+aeo2026_rdm.xlsx/clg_proj,2038,Cooling,Oklahoma
0.949396330,Residential,shell_factors_res_recs2020+aeo2026_rdm.xlsx/clg_proj,2038,Cooling,Oregon
0.669974889,Residential,shell_factors_res_recs2020+aeo2026_rdm.xlsx/clg_proj,2038,Cooling,Pennsylvania
0.687133378,Residential,shell_factors_res_recs2020+aeo2026_rdm.xlsx/clg_proj,2038,Cooling,Rhode Island
0.856792612,Residential,shell_factors_res_recs2020+aeo2026_rdm.xlsx/clg_proj,2038,Cooling,South Carolina
0.719394613,Residential,shell_factors_res_recs2020+aeo2026_rdm.xlsx/clg_proj,2038,Cooling,South Dakota
0.751561166,Residential,shell_factors_res_recs2020+aeo2026_rdm.xlsx/clg_proj,2038,Cooling,Tennessee
0.779089613,Residential,shell_factors_res_recs2020+aeo2026_rdm.xlsx/clg_proj,2038,Cooling,Texas
0.897260432,Residential,shell_factors_res_recs2020+aeo2026_rdm.xlsx/clg_proj,2038,Cooling,Utah
0.781094863,Residential,shell_factors_res_recs2020+aeo2026_rdm.xlsx/clg_proj,2038,Cooling,Vermont
0.781231234,Residential,shell_factors_res_recs2020+aeo2026_rdm.xlsx/clg_proj,2038,Cooling,Virginia
0.684401851,Residential,shell_factors_res_recs2020+aeo2026_rdm.xlsx/clg_proj,2038,Cooling,Washington
0.657287511,Residential,shell_factors_res_recs2020+aeo2026_rdm.xlsx/clg_proj,2038,Cooling,West Virginia
0.883654987,Residential,shell_factors_res_recs2020+aeo2026_rdm.xlsx/clg_proj,2038,Cooling,Wisconsin
0.777414725,Residential,shell_factors_res_recs2020+aeo2026_rdm.xlsx/clg_proj,2038,Cooling,Wyoming
0.723062778,Residential,shell_factors_res_recs2020+aeo2026_rdm.xlsx/clg_proj,2039,Cooling,Alabama
0.793199423,Residential,shell_factors_res_recs2020+aeo2026_rdm.xlsx/clg_proj,2039,Cooling,Arizona
0.939757064,Residential,shell_factors_res_recs2020+aeo2026_rdm.xlsx/clg_proj,2039,Cooling,Arkansas
0.538571857,Residential,shell_factors_res_recs2020+aeo2026_rdm.xlsx/clg_proj,2039,Cooling,California
0.843246155,Residential,shell_factors_res_recs2020+aeo2026_rdm.xlsx/clg_proj,2039,Cooling,Colorado
0.596834770,Residential,shell_factors_res_recs2020+aeo2026_rdm.xlsx/clg_proj,2039,Cooling,Connecticut
0.914269378,Residential,shell_factors_res_recs2020+aeo2026_rdm.xlsx/clg_proj,2039,Cooling,Delaware
0.870080449,Residential,shell_factors_res_recs2020+aeo2026_rdm.xlsx/clg_proj,2039,Cooling,District of Columbia
0.730975355,Residential,shell_factors_res_recs2020+aeo2026_rdm.xlsx/clg_proj,2039,Cooling,Florida
0.810758642,Residential,shell_factors_res_recs2020+aeo2026_rdm.xlsx/clg_proj,2039,Cooling,Georgia
0.950762488,Residential,shell_factors_res_recs2020+aeo2026_rdm.xlsx/clg_proj,2039,Cooling,Idaho
0.918732430,Residential,shell_factors_res_recs2020+aeo2026_rdm.xlsx/clg_proj,2039,Cooling,Illinois
0.759928886,Residential,shell_factors_res_recs2020+aeo2026_rdm.xlsx/clg_proj,2039,Cooling,Indiana
0.491544085,Residential,shell_factors_res_recs2020+aeo2026_rdm.xlsx/clg_proj,2039,Cooling,Iowa
0.685229241,Residential,shell_factors_res_recs2020+aeo2026_rdm.xlsx/clg_proj,2039,Cooling,Kansas
0.611788937,Residential,shell_factors_res_recs2020+aeo2026_rdm.xlsx/clg_proj,2039,Cooling,Kentucky
0.612797897,Residential,shell_factors_res_recs2020+aeo2026_rdm.xlsx/clg_proj,2039,Cooling,Louisiana
0.997844152,Residential,shell_factors_res_recs2020+aeo2026_rdm.xlsx/clg_proj,2039,Cooling,Maine
0.742398870,Residential,shell_factors_res_recs2020+aeo2026_rdm.xlsx/clg_proj,2039,Cooling,Maryland
0.708041882,Residential,shell_factors_res_recs2020+aeo2026_rdm.xlsx/clg_proj,2039,Cooling,Massachusetts
0.657660007,Residential,shell_factors_res_recs2020+aeo2026_rdm.xlsx/clg_proj,2039,Cooling,Michigan
0.953486481,Residential,shell_factors_res_recs2020+aeo2026_rdm.xlsx/clg_proj,2039,Cooling,Minnesota
0.816817215,Residential,shell_factors_res_recs2020+aeo2026_rdm.xlsx/clg_proj,2039,Cooling,Mississippi
0.668893972,Residential,shell_factors_res_recs2020+aeo2026_rdm.xlsx/clg_proj,2039,Cooling,Missouri
0.927924196,Residential,shell_factors_res_recs2020+aeo2026_rdm.xlsx/clg_proj,2039,Cooling,Montana
0.627108396,Residential,shell_factors_res_recs2020+aeo2026_rdm.xlsx/clg_proj,2039,Cooling,Nebraska
0.848816615,Residential,shell_factors_res_recs2020+aeo2026_rdm.xlsx/clg_proj,2039,Cooling,Nevada
0.586165342,Residential,shell_factors_res_recs2020+aeo2026_rdm.xlsx/clg_proj,2039,Cooling,New Hampshire
0.669698816,Residential,shell_factors_res_recs2020+aeo2026_rdm.xlsx/clg_proj,2039,Cooling,New Jersey
0.837231068,Residential,shell_factors_res_recs2020+aeo2026_rdm.xlsx/clg_proj,2039,Cooling,New Mexico
0.606530497,Residential,shell_factors_res_recs2020+aeo2026_rdm.xlsx/clg_proj,2039,Cooling,New York
0.705906495,Residential,shell_factors_res_recs2020+aeo2026_rdm.xlsx/clg_proj,2039,Cooling,North Carolina
0.735352213,Residential,shell_factors_res_recs2020+aeo2026_rdm.xlsx/clg_proj,2039,Cooling,North Dakota
0.746665556,Residential,shell_factors_res_recs2020+aeo2026_rdm.xlsx/clg_proj,2039,Cooling,Ohio
0.757973513,Residential,shell_factors_res_recs2020+aeo2026_rdm.xlsx/clg_proj,2039,Cooling,Oklahoma
0.948052472,Residential,shell_factors_res_recs2020+aeo2026_rdm.xlsx/clg_proj,2039,Cooling,Oregon
0.669026548,Residential,shell_factors_res_recs2020+aeo2026_rdm.xlsx/clg_proj,2039,Cooling,Pennsylvania
0.686160750,Residential,shell_factors_res_recs2020+aeo2026_rdm.xlsx/clg_proj,2039,Cooling,Rhode Island
0.855579833,Residential,shell_factors_res_recs2020+aeo2026_rdm.xlsx/clg_proj,2039,Cooling,South Carolina
0.718376319,Residential,shell_factors_res_recs2020+aeo2026_rdm.xlsx/clg_proj,2039,Cooling,South Dakota
0.750497341,Residential,shell_factors_res_recs2020+aeo2026_rdm.xlsx/clg_proj,2039,Cooling,Tennessee
0.777986821,Residential,shell_factors_res_recs2020+aeo2026_rdm.xlsx/clg_proj,2039,Cooling,Texas
0.895990371,Residential,shell_factors_res_recs2020+aeo2026_rdm.xlsx/clg_proj,2039,Cooling,Utah
0.779989233,Residential,shell_factors_res_recs2020+aeo2026_rdm.xlsx/clg_proj,2039,Cooling,Vermont
0.780125412,Residential,shell_factors_res_recs2020+aeo2026_rdm.xlsx/clg_proj,2039,Cooling,Virginia
0.683433089,Residential,shell_factors_res_recs2020+aeo2026_rdm.xlsx/clg_proj,2039,Cooling,Washington
0.656357129,Residential,shell_factors_res_recs2020+aeo2026_rdm.xlsx/clg_proj,2039,Cooling,West Virginia
0.882404184,Residential,shell_factors_res_recs2020+aeo2026_rdm.xlsx/clg_proj,2039,Cooling,Wisconsin
0.776314305,Residential,shell_factors_res_recs2020+aeo2026_rdm.xlsx/clg_proj,2039,Cooling,Wyoming
0.722300164,Residential,shell_factors_res_recs2020+aeo2026_rdm.xlsx/clg_proj,2040,Cooling,Alabama
0.792362835,Residential,shell_factors_res_recs2020+aeo2026_rdm.xlsx/clg_proj,2040,Cooling,Arizona
0.938765901,Residential,shell_factors_res_recs2020+aeo2026_rdm.xlsx/clg_proj,2040,Cooling,Arkansas
0.538003825,Residential,shell_factors_res_recs2020+aeo2026_rdm.xlsx/clg_proj,2040,Cooling,California
0.842356783,Residential,shell_factors_res_recs2020+aeo2026_rdm.xlsx/clg_proj,2040,Cooling,Colorado
0.596205288,Residential,shell_factors_res_recs2020+aeo2026_rdm.xlsx/clg_proj,2040,Cooling,Connecticut
0.913305098,Residential,shell_factors_res_recs2020+aeo2026_rdm.xlsx/clg_proj,2040,Cooling,Delaware
0.869162775,Residential,shell_factors_res_recs2020+aeo2026_rdm.xlsx/clg_proj,2040,Cooling,District of Columbia
0.730204395,Residential,shell_factors_res_recs2020+aeo2026_rdm.xlsx/clg_proj,2040,Cooling,Florida
0.809903535,Residential,shell_factors_res_recs2020+aeo2026_rdm.xlsx/clg_proj,2040,Cooling,Georgia
0.949759718,Residential,shell_factors_res_recs2020+aeo2026_rdm.xlsx/clg_proj,2040,Cooling,Idaho
0.917763443,Residential,shell_factors_res_recs2020+aeo2026_rdm.xlsx/clg_proj,2040,Cooling,Illinois
0.759127388,Residential,shell_factors_res_recs2020+aeo2026_rdm.xlsx/clg_proj,2040,Cooling,Indiana
0.491025654,Residential,shell_factors_res_recs2020+aeo2026_rdm.xlsx/clg_proj,2040,Cooling,Iowa
0.684506529,Residential,shell_factors_res_recs2020+aeo2026_rdm.xlsx/clg_proj,2040,Cooling,Kansas
0.611143683,Residential,shell_factors_res_recs2020+aeo2026_rdm.xlsx/clg_proj,2040,Cooling,Kentucky
0.612151579,Residential,shell_factors_res_recs2020+aeo2026_rdm.xlsx/clg_proj,2040,Cooling,Louisiana
0.996791726,Residential,shell_factors_res_recs2020+aeo2026_rdm.xlsx/clg_proj,2040,Cooling,Maine
0.741615862,Residential,shell_factors_res_recs2020+aeo2026_rdm.xlsx/clg_proj,2040,Cooling,Maryland
0.707295110,Residential,shell_factors_res_recs2020+aeo2026_rdm.xlsx/clg_proj,2040,Cooling,Massachusetts
0.656966373,Residential,shell_factors_res_recs2020+aeo2026_rdm.xlsx/clg_proj,2040,Cooling,Michigan
0.952480838,Residential,shell_factors_res_recs2020+aeo2026_rdm.xlsx/clg_proj,2040,Cooling,Minnesota
0.815955717,Residential,shell_factors_res_recs2020+aeo2026_rdm.xlsx/clg_proj,2040,Cooling,Mississippi
0.668188490,Residential,shell_factors_res_recs2020+aeo2026_rdm.xlsx/clg_proj,2040,Cooling,Missouri
0.926945513,Residential,shell_factors_res_recs2020+aeo2026_rdm.xlsx/clg_proj,2040,Cooling,Montana
0.626446984,Residential,shell_factors_res_recs2020+aeo2026_rdm.xlsx/clg_proj,2040,Cooling,Nebraska
0.847921368,Residential,shell_factors_res_recs2020+aeo2026_rdm.xlsx/clg_proj,2040,Cooling,Nevada
0.585547114,Residential,shell_factors_res_recs2020+aeo2026_rdm.xlsx/clg_proj,2040,Cooling,New Hampshire
0.668992484,Residential,shell_factors_res_recs2020+aeo2026_rdm.xlsx/clg_proj,2040,Cooling,New Jersey
0.836348040,Residential,shell_factors_res_recs2020+aeo2026_rdm.xlsx/clg_proj,2040,Cooling,New Mexico
0.605890789,Residential,shell_factors_res_recs2020+aeo2026_rdm.xlsx/clg_proj,2040,Cooling,New York
0.705161975,Residential,shell_factors_res_recs2020+aeo2026_rdm.xlsx/clg_proj,2040,Cooling,North Carolina
0.734576636,Residential,shell_factors_res_recs2020+aeo2026_rdm.xlsx/clg_proj,2040,Cooling,North Dakota
0.745878047,Residential,shell_factors_res_recs2020+aeo2026_rdm.xlsx/clg_proj,2040,Cooling,Ohio
0.757174078,Residential,shell_factors_res_recs2020+aeo2026_rdm.xlsx/clg_proj,2040,Cooling,Oklahoma
0.947052560,Residential,shell_factors_res_recs2020+aeo2026_rdm.xlsx/clg_proj,2040,Cooling,Oregon
0.668320925,Residential,shell_factors_res_recs2020+aeo2026_rdm.xlsx/clg_proj,2040,Cooling,Pennsylvania
0.685437056,Residential,shell_factors_res_recs2020+aeo2026_rdm.xlsx/clg_proj,2040,Cooling,Rhode Island
0.854677453,Residential,shell_factors_res_recs2020+aeo2026_rdm.xlsx/clg_proj,2040,Cooling,South Carolina
0.717618647,Residential,shell_factors_res_recs2020+aeo2026_rdm.xlsx/clg_proj,2040,Cooling,South Dakota
0.749705791,Residential,shell_factors_res_recs2020+aeo2026_rdm.xlsx/clg_proj,2040,Cooling,Tennessee
0.777166278,Residential,shell_factors_res_recs2020+aeo2026_rdm.xlsx/clg_proj,2040,Cooling,Texas
0.895045370,Residential,shell_factors_res_recs2020+aeo2026_rdm.xlsx/clg_proj,2040,Cooling,Utah
0.779166578,Residential,shell_factors_res_recs2020+aeo2026_rdm.xlsx/clg_proj,2040,Cooling,Vermont
0.779302613,Residential,shell_factors_res_recs2020+aeo2026_rdm.xlsx/clg_proj,2040,Cooling,Virginia
0.682712272,Residential,shell_factors_res_recs2020+aeo2026_rdm.xlsx/clg_proj,2040,Cooling,Washington
0.655664869,Residential,shell_factors_res_recs2020+aeo2026_rdm.xlsx/clg_proj,2040,Cooling,West Virginia
0.881473512,Residential,shell_factors_res_recs2020+aeo2026_rdm.xlsx/clg_proj,2040,Cooling,Wisconsin
0.775495526,Residential,shell_factors_res_recs2020+aeo2026_rdm.xlsx/clg_proj,2040,Cooling,Wyoming
0.721360771,Residential,shell_factors_res_recs2020+aeo2026_rdm.xlsx/clg_proj,2041,Cooling,Alabama
0.791332322,Residential,shell_factors_res_recs2020+aeo2026_rdm.xlsx/clg_proj,2041,Cooling,Arizona
0.937544983,Residential,shell_factors_res_recs2020+aeo2026_rdm.xlsx/clg_proj,2041,Cooling,Arkansas
0.537304120,Residential,shell_factors_res_recs2020+aeo2026_rdm.xlsx/clg_proj,2041,Cooling,California
0.841261250,Residential,shell_factors_res_recs2020+aeo2026_rdm.xlsx/clg_proj,2041,Cooling,Colorado
0.595429889,Residential,shell_factors_res_recs2020+aeo2026_rdm.xlsx/clg_proj,2041,Cooling,Connecticut
0.912117292,Residential,shell_factors_res_recs2020+aeo2026_rdm.xlsx/clg_proj,2041,Cooling,Delaware
0.868032379,Residential,shell_factors_res_recs2020+aeo2026_rdm.xlsx/clg_proj,2041,Cooling,District of Columbia
0.729254722,Residential,shell_factors_res_recs2020+aeo2026_rdm.xlsx/clg_proj,2041,Cooling,Florida
0.808850209,Residential,shell_factors_res_recs2020+aeo2026_rdm.xlsx/clg_proj,2041,Cooling,Georgia
0.948524501,Residential,shell_factors_res_recs2020+aeo2026_rdm.xlsx/clg_proj,2041,Cooling,Idaho
0.916569839,Residential,shell_factors_res_recs2020+aeo2026_rdm.xlsx/clg_proj,2041,Cooling,Illinois
0.758140100,Residential,shell_factors_res_recs2020+aeo2026_rdm.xlsx/clg_proj,2041,Cooling,Indiana
0.490387047,Residential,shell_factors_res_recs2020+aeo2026_rdm.xlsx/clg_proj,2041,Cooling,Iowa
0.683616289,Residential,shell_factors_res_recs2020+aeo2026_rdm.xlsx/clg_proj,2041,Cooling,Kansas
0.610348855,Residential,shell_factors_res_recs2020+aeo2026_rdm.xlsx/clg_proj,2041,Cooling,Kentucky
0.611355440,Residential,shell_factors_res_recs2020+aeo2026_rdm.xlsx/clg_proj,2041,Cooling,Louisiana
0.995495341,Residential,shell_factors_res_recs2020+aeo2026_rdm.xlsx/clg_proj,2041,Cooling,Maine
0.740651348,Residential,shell_factors_res_recs2020+aeo2026_rdm.xlsx/clg_proj,2041,Cooling,Maryland
0.706375232,Residential,shell_factors_res_recs2020+aeo2026_rdm.xlsx/clg_proj,2041,Cooling,Massachusetts
0.656111951,Residential,shell_factors_res_recs2020+aeo2026_rdm.xlsx/clg_proj,2041,Cooling,Michigan
0.951242082,Residential,shell_factors_res_recs2020+aeo2026_rdm.xlsx/clg_proj,2041,Cooling,Minnesota
0.814894520,Residential,shell_factors_res_recs2020+aeo2026_rdm.xlsx/clg_proj,2041,Cooling,Mississippi
0.667319472,Residential,shell_factors_res_recs2020+aeo2026_rdm.xlsx/clg_proj,2041,Cooling,Missouri
0.925739968,Residential,shell_factors_res_recs2020+aeo2026_rdm.xlsx/clg_proj,2041,Cooling,Montana
0.625632254,Residential,shell_factors_res_recs2020+aeo2026_rdm.xlsx/clg_proj,2041,Cooling,Nebraska
0.846818598,Residential,shell_factors_res_recs2020+aeo2026_rdm.xlsx/clg_proj,2041,Cooling,Nevada
0.584785576,Residential,shell_factors_res_recs2020+aeo2026_rdm.xlsx/clg_proj,2041,Cooling,New Hampshire
0.668122421,Residential,shell_factors_res_recs2020+aeo2026_rdm.xlsx/clg_proj,2041,Cooling,New Jersey
0.835260321,Residential,shell_factors_res_recs2020+aeo2026_rdm.xlsx/clg_proj,2041,Cooling,New Mexico
0.605102793,Residential,shell_factors_res_recs2020+aeo2026_rdm.xlsx/clg_proj,2041,Cooling,New York
0.704244872,Residential,shell_factors_res_recs2020+aeo2026_rdm.xlsx/clg_proj,2041,Cooling,North Carolina
0.733621277,Residential,shell_factors_res_recs2020+aeo2026_rdm.xlsx/clg_proj,2041,Cooling,North Dakota
0.744907990,Residential,shell_factors_res_recs2020+aeo2026_rdm.xlsx/clg_proj,2041,Cooling,Ohio
0.756189330,Residential,shell_factors_res_recs2020+aeo2026_rdm.xlsx/clg_proj,2041,Cooling,Oklahoma
0.945820864,Residential,shell_factors_res_recs2020+aeo2026_rdm.xlsx/clg_proj,2041,Cooling,Oregon
0.667451735,Residential,shell_factors_res_recs2020+aeo2026_rdm.xlsx/clg_proj,2041,Cooling,Pennsylvania
0.684545606,Residential,shell_factors_res_recs2020+aeo2026_rdm.xlsx/clg_proj,2041,Cooling,Rhode Island
0.853565896,Residential,shell_factors_res_recs2020+aeo2026_rdm.xlsx/clg_proj,2041,Cooling,South Carolina
0.716685343,Residential,shell_factors_res_recs2020+aeo2026_rdm.xlsx/clg_proj,2041,Cooling,South Dakota
0.748730756,Residential,shell_factors_res_recs2020+aeo2026_rdm.xlsx/clg_proj,2041,Cooling,Tennessee
0.776155529,Residential,shell_factors_res_recs2020+aeo2026_rdm.xlsx/clg_proj,2041,Cooling,Texas
0.893881312,Residential,shell_factors_res_recs2020+aeo2026_rdm.xlsx/clg_proj,2041,Cooling,Utah
0.778153228,Residential,shell_factors_res_recs2020+aeo2026_rdm.xlsx/clg_proj,2041,Cooling,Vermont
0.778289085,Residential,shell_factors_res_recs2020+aeo2026_rdm.xlsx/clg_proj,2041,Cooling,Virginia
0.681824365,Residential,shell_factors_res_recs2020+aeo2026_rdm.xlsx/clg_proj,2041,Cooling,Washington
0.654812139,Residential,shell_factors_res_recs2020+aeo2026_rdm.xlsx/clg_proj,2041,Cooling,West Virginia
0.880327106,Residential,shell_factors_res_recs2020+aeo2026_rdm.xlsx/clg_proj,2041,Cooling,Wisconsin
0.774486949,Residential,shell_factors_res_recs2020+aeo2026_rdm.xlsx/clg_proj,2041,Cooling,Wyoming
0.720167114,Residential,shell_factors_res_recs2020+aeo2026_rdm.xlsx/clg_proj,2042,Cooling,Alabama
0.790022881,Residential,shell_factors_res_recs2020+aeo2026_rdm.xlsx/clg_proj,2042,Cooling,Arizona
0.935993599,Residential,shell_factors_res_recs2020+aeo2026_rdm.xlsx/clg_proj,2042,Cooling,Arkansas
0.536415028,Residential,shell_factors_res_recs2020+aeo2026_rdm.xlsx/clg_proj,2042,Cooling,California
0.839869190,Residential,shell_factors_res_recs2020+aeo2026_rdm.xlsx/clg_proj,2042,Cooling,Colorado
0.594444614,Residential,shell_factors_res_recs2020+aeo2026_rdm.xlsx/clg_proj,2042,Cooling,Connecticut
0.910607985,Residential,shell_factors_res_recs2020+aeo2026_rdm.xlsx/clg_proj,2042,Cooling,Delaware
0.866596020,Residential,shell_factors_res_recs2020+aeo2026_rdm.xlsx/clg_proj,2042,Cooling,District of Columbia
0.728048003,Residential,shell_factors_res_recs2020+aeo2026_rdm.xlsx/clg_proj,2042,Cooling,Florida
0.807511781,Residential,shell_factors_res_recs2020+aeo2026_rdm.xlsx/clg_proj,2042,Cooling,Georgia
0.946954950,Residential,shell_factors_res_recs2020+aeo2026_rdm.xlsx/clg_proj,2042,Cooling,Idaho
0.915053164,Residential,shell_factors_res_recs2020+aeo2026_rdm.xlsx/clg_proj,2042,Cooling,Illinois
0.756885583,Residential,shell_factors_res_recs2020+aeo2026_rdm.xlsx/clg_proj,2042,Cooling,Indiana
0.489575589,Residential,shell_factors_res_recs2020+aeo2026_rdm.xlsx/clg_proj,2042,Cooling,Iowa
0.682485089,Residential,shell_factors_res_recs2020+aeo2026_rdm.xlsx/clg_proj,2042,Cooling,Kansas
0.609338893,Residential,shell_factors_res_recs2020+aeo2026_rdm.xlsx/clg_proj,2042,Cooling,Kentucky
0.610343813,Residential,shell_factors_res_recs2020+aeo2026_rdm.xlsx/clg_proj,2042,Cooling,Louisiana
0.993848066,Residential,shell_factors_res_recs2020+aeo2026_rdm.xlsx/clg_proj,2042,Cooling,Maine
0.739425770,Residential,shell_factors_res_recs2020+aeo2026_rdm.xlsx/clg_proj,2042,Cooling,Maryland
0.705206372,Residential,shell_factors_res_recs2020+aeo2026_rdm.xlsx/clg_proj,2042,Cooling,Massachusetts
0.655026263,Residential,shell_factors_res_recs2020+aeo2026_rdm.xlsx/clg_proj,2042,Cooling,Michigan
0.949668034,Residential,shell_factors_res_recs2020+aeo2026_rdm.xlsx/clg_proj,2042,Cooling,Minnesota
0.813546090,Residential,shell_factors_res_recs2020+aeo2026_rdm.xlsx/clg_proj,2042,Cooling,Mississippi
0.666215239,Residential,shell_factors_res_recs2020+aeo2026_rdm.xlsx/clg_proj,2042,Cooling,Missouri
0.924208119,Residential,shell_factors_res_recs2020+aeo2026_rdm.xlsx/clg_proj,2042,Cooling,Montana
0.624597002,Residential,shell_factors_res_recs2020+aeo2026_rdm.xlsx/clg_proj,2042,Cooling,Nebraska
0.845417342,Residential,shell_factors_res_recs2020+aeo2026_rdm.xlsx/clg_proj,2042,Cooling,Nevada
0.583817914,Residential,shell_factors_res_recs2020+aeo2026_rdm.xlsx/clg_proj,2042,Cooling,New Hampshire
0.667016859,Residential,shell_factors_res_recs2020+aeo2026_rdm.xlsx/clg_proj,2042,Cooling,New Jersey
0.833878191,Residential,shell_factors_res_recs2020+aeo2026_rdm.xlsx/clg_proj,2042,Cooling,New Mexico
0.604101512,Residential,shell_factors_res_recs2020+aeo2026_rdm.xlsx/clg_proj,2042,Cooling,New York
0.703079537,Residential,shell_factors_res_recs2020+aeo2026_rdm.xlsx/clg_proj,2042,Cooling,North Carolina
0.732407333,Residential,shell_factors_res_recs2020+aeo2026_rdm.xlsx/clg_proj,2042,Cooling,North Dakota
0.743675369,Residential,shell_factors_res_recs2020+aeo2026_rdm.xlsx/clg_proj,2042,Cooling,Ohio
0.754938041,Residential,shell_factors_res_recs2020+aeo2026_rdm.xlsx/clg_proj,2042,Cooling,Oklahoma
0.944255787,Residential,shell_factors_res_recs2020+aeo2026_rdm.xlsx/clg_proj,2042,Cooling,Oregon
0.666347283,Residential,shell_factors_res_recs2020+aeo2026_rdm.xlsx/clg_proj,2042,Cooling,Pennsylvania
0.683412868,Residential,shell_factors_res_recs2020+aeo2026_rdm.xlsx/clg_proj,2042,Cooling,Rhode Island
0.852153475,Residential,shell_factors_res_recs2020+aeo2026_rdm.xlsx/clg_proj,2042,Cooling,South Carolina
0.715499423,Residential,shell_factors_res_recs2020+aeo2026_rdm.xlsx/clg_proj,2042,Cooling,South Dakota
0.747491809,Residential,shell_factors_res_recs2020+aeo2026_rdm.xlsx/clg_proj,2042,Cooling,Tennessee
0.774871202,Residential,shell_factors_res_recs2020+aeo2026_rdm.xlsx/clg_proj,2042,Cooling,Texas
0.892402181,Residential,shell_factors_res_recs2020+aeo2026_rdm.xlsx/clg_proj,2042,Cooling,Utah
0.776865594,Residential,shell_factors_res_recs2020+aeo2026_rdm.xlsx/clg_proj,2042,Cooling,Vermont
0.777001227,Residential,shell_factors_res_recs2020+aeo2026_rdm.xlsx/clg_proj,2042,Cooling,Virginia
0.680696131,Residential,shell_factors_res_recs2020+aeo2026_rdm.xlsx/clg_proj,2042,Cooling,Washington
0.653728602,Residential,shell_factors_res_recs2020+aeo2026_rdm.xlsx/clg_proj,2042,Cooling,West Virginia
0.878870402,Residential,shell_factors_res_recs2020+aeo2026_rdm.xlsx/clg_proj,2042,Cooling,Wisconsin
0.773205383,Residential,shell_factors_res_recs2020+aeo2026_rdm.xlsx/clg_proj,2042,Cooling,Wyoming
0.720536509,Residential,shell_factors_res_recs2020+aeo2026_rdm.xlsx/clg_proj,2043,Cooling,Alabama
0.790428107,Residential,shell_factors_res_recs2020+aeo2026_rdm.xlsx/clg_proj,2043,Cooling,Arizona
0.936473698,Residential,shell_factors_res_recs2020+aeo2026_rdm.xlsx/clg_proj,2043,Cooling,Arkansas
0.536690170,Residential,shell_factors_res_recs2020+aeo2026_rdm.xlsx/clg_proj,2043,Cooling,California
0.840299983,Residential,shell_factors_res_recs2020+aeo2026_rdm.xlsx/clg_proj,2043,Cooling,Colorado
0.594749521,Residential,shell_factors_res_recs2020+aeo2026_rdm.xlsx/clg_proj,2043,Cooling,Connecticut
0.911075062,Residential,shell_factors_res_recs2020+aeo2026_rdm.xlsx/clg_proj,2043,Cooling,Delaware
0.867040522,Residential,shell_factors_res_recs2020+aeo2026_rdm.xlsx/clg_proj,2043,Cooling,District of Columbia
0.728421440,Residential,shell_factors_res_recs2020+aeo2026_rdm.xlsx/clg_proj,2043,Cooling,Florida
0.807925977,Residential,shell_factors_res_recs2020+aeo2026_rdm.xlsx/clg_proj,2043,Cooling,Georgia
0.947440670,Residential,shell_factors_res_recs2020+aeo2026_rdm.xlsx/clg_proj,2043,Cooling,Idaho
0.915522521,Residential,shell_factors_res_recs2020+aeo2026_rdm.xlsx/clg_proj,2043,Cooling,Illinois
0.757273812,Residential,shell_factors_res_recs2020+aeo2026_rdm.xlsx/clg_proj,2043,Cooling,Indiana
0.489826706,Residential,shell_factors_res_recs2020+aeo2026_rdm.xlsx/clg_proj,2043,Cooling,Iowa
0.682835156,Residential,shell_factors_res_recs2020+aeo2026_rdm.xlsx/clg_proj,2043,Cooling,Kansas
0.609651441,Residential,shell_factors_res_recs2020+aeo2026_rdm.xlsx/clg_proj,2043,Cooling,Kentucky
0.610656876,Residential,shell_factors_res_recs2020+aeo2026_rdm.xlsx/clg_proj,2043,Cooling,Louisiana
0.994357839,Residential,shell_factors_res_recs2020+aeo2026_rdm.xlsx/clg_proj,2043,Cooling,Maine
0.739805043,Residential,shell_factors_res_recs2020+aeo2026_rdm.xlsx/clg_proj,2043,Cooling,Maryland
0.705568093,Residential,shell_factors_res_recs2020+aeo2026_rdm.xlsx/clg_proj,2043,Cooling,Massachusetts
0.655362245,Residential,shell_factors_res_recs2020+aeo2026_rdm.xlsx/clg_proj,2043,Cooling,Michigan
0.950155146,Residential,shell_factors_res_recs2020+aeo2026_rdm.xlsx/clg_proj,2043,Cooling,Minnesota
0.813963382,Residential,shell_factors_res_recs2020+aeo2026_rdm.xlsx/clg_proj,2043,Cooling,Mississippi
0.666556960,Residential,shell_factors_res_recs2020+aeo2026_rdm.xlsx/clg_proj,2043,Cooling,Missouri
0.924682172,Residential,shell_factors_res_recs2020+aeo2026_rdm.xlsx/clg_proj,2043,Cooling,Montana
0.624917376,Residential,shell_factors_res_recs2020+aeo2026_rdm.xlsx/clg_proj,2043,Cooling,Nebraska
0.845850981,Residential,shell_factors_res_recs2020+aeo2026_rdm.xlsx/clg_proj,2043,Cooling,Nevada
0.584117371,Residential,shell_factors_res_recs2020+aeo2026_rdm.xlsx/clg_proj,2043,Cooling,New Hampshire
0.667358992,Residential,shell_factors_res_recs2020+aeo2026_rdm.xlsx/clg_proj,2043,Cooling,New Jersey
0.834305912,Residential,shell_factors_res_recs2020+aeo2026_rdm.xlsx/clg_proj,2043,Cooling,New Mexico
0.604411373,Residential,shell_factors_res_recs2020+aeo2026_rdm.xlsx/clg_proj,2043,Cooling,New York
0.703440167,Residential,shell_factors_res_recs2020+aeo2026_rdm.xlsx/clg_proj,2043,Cooling,North Carolina
0.732783006,Residential,shell_factors_res_recs2020+aeo2026_rdm.xlsx/clg_proj,2043,Cooling,North Dakota
0.744056822,Residential,shell_factors_res_recs2020+aeo2026_rdm.xlsx/clg_proj,2043,Cooling,Ohio
0.755325271,Residential,shell_factors_res_recs2020+aeo2026_rdm.xlsx/clg_proj,2043,Cooling,Oklahoma
0.944740123,Residential,shell_factors_res_recs2020+aeo2026_rdm.xlsx/clg_proj,2043,Cooling,Oregon
0.666689072,Residential,shell_factors_res_recs2020+aeo2026_rdm.xlsx/clg_proj,2043,Cooling,Pennsylvania
0.683763410,Residential,shell_factors_res_recs2020+aeo2026_rdm.xlsx/clg_proj,2043,Cooling,Rhode Island
0.852590570,Residential,shell_factors_res_recs2020+aeo2026_rdm.xlsx/clg_proj,2043,Cooling,South Carolina
0.715866423,Residential,shell_factors_res_recs2020+aeo2026_rdm.xlsx/clg_proj,2043,Cooling,South Dakota
0.747875219,Residential,shell_factors_res_recs2020+aeo2026_rdm.xlsx/clg_proj,2043,Cooling,Tennessee
0.775268655,Residential,shell_factors_res_recs2020+aeo2026_rdm.xlsx/clg_proj,2043,Cooling,Texas
0.892859920,Residential,shell_factors_res_recs2020+aeo2026_rdm.xlsx/clg_proj,2043,Cooling,Utah
0.777264071,Residential,shell_factors_res_recs2020+aeo2026_rdm.xlsx/clg_proj,2043,Cooling,Vermont
0.777399774,Residential,shell_factors_res_recs2020+aeo2026_rdm.xlsx/clg_proj,2043,Cooling,Virginia
0.681045279,Residential,shell_factors_res_recs2020+aeo2026_rdm.xlsx/clg_proj,2043,Cooling,Washington
0.654063919,Residential,shell_factors_res_recs2020+aeo2026_rdm.xlsx/clg_proj,2043,Cooling,West Virginia
0.879321200,Residential,shell_factors_res_recs2020+aeo2026_rdm.xlsx/clg_proj,2043,Cooling,Wisconsin
0.773601983,Residential,shell_factors_res_recs2020+aeo2026_rdm.xlsx/clg_proj,2043,Cooling,Wyoming
0.721870480,Residential,shell_factors_res_recs2020+aeo2026_rdm.xlsx/clg_proj,2044,Cooling,Alabama
0.791891472,Residential,shell_factors_res_recs2020+aeo2026_rdm.xlsx/clg_proj,2044,Cooling,Arizona
0.938207446,Residential,shell_factors_res_recs2020+aeo2026_rdm.xlsx/clg_proj,2044,Cooling,Arkansas
0.537683776,Residential,shell_factors_res_recs2020+aeo2026_rdm.xlsx/clg_proj,2044,Cooling,California
0.841855680,Residential,shell_factors_res_recs2020+aeo2026_rdm.xlsx/clg_proj,2044,Cooling,Colorado
0.595850616,Residential,shell_factors_res_recs2020+aeo2026_rdm.xlsx/clg_proj,2044,Cooling,Connecticut
0.912761788,Residential,shell_factors_res_recs2020+aeo2026_rdm.xlsx/clg_proj,2044,Cooling,Delaware
0.868645725,Residential,shell_factors_res_recs2020+aeo2026_rdm.xlsx/clg_proj,2044,Cooling,District of Columbia
0.729770009,Residential,shell_factors_res_recs2020+aeo2026_rdm.xlsx/clg_proj,2044,Cooling,Florida
0.809421737,Residential,shell_factors_res_recs2020+aeo2026_rdm.xlsx/clg_proj,2044,Cooling,Georgia
0.949194722,Residential,shell_factors_res_recs2020+aeo2026_rdm.xlsx/clg_proj,2044,Cooling,Idaho
0.917217481,Residential,shell_factors_res_recs2020+aeo2026_rdm.xlsx/clg_proj,2044,Cooling,Illinois
0.758675797,Residential,shell_factors_res_recs2020+aeo2026_rdm.xlsx/clg_proj,2044,Cooling,Indiana
0.490733551,Residential,shell_factors_res_recs2020+aeo2026_rdm.xlsx/clg_proj,2044,Cooling,Iowa
0.684099328,Residential,shell_factors_res_recs2020+aeo2026_rdm.xlsx/clg_proj,2044,Cooling,Kansas
0.610780124,Residential,shell_factors_res_recs2020+aeo2026_rdm.xlsx/clg_proj,2044,Cooling,Kentucky
0.611787420,Residential,shell_factors_res_recs2020+aeo2026_rdm.xlsx/clg_proj,2044,Cooling,Louisiana
0.996198752,Residential,shell_factors_res_recs2020+aeo2026_rdm.xlsx/clg_proj,2044,Cooling,Maine
0.741174687,Residential,shell_factors_res_recs2020+aeo2026_rdm.xlsx/clg_proj,2044,Cooling,Maryland
0.706874353,Residential,shell_factors_res_recs2020+aeo2026_rdm.xlsx/clg_proj,2044,Cooling,Massachusetts
0.656575555,Residential,shell_factors_res_recs2020+aeo2026_rdm.xlsx/clg_proj,2044,Cooling,Michigan
0.951914224,Residential,shell_factors_res_recs2020+aeo2026_rdm.xlsx/clg_proj,2044,Cooling,Minnesota
0.815470320,Residential,shell_factors_res_recs2020+aeo2026_rdm.xlsx/clg_proj,2044,Cooling,Mississippi
0.667790996,Residential,shell_factors_res_recs2020+aeo2026_rdm.xlsx/clg_proj,2044,Cooling,Missouri
0.926394090,Residential,shell_factors_res_recs2020+aeo2026_rdm.xlsx/clg_proj,2044,Cooling,Montana
0.626074322,Residential,shell_factors_res_recs2020+aeo2026_rdm.xlsx/clg_proj,2044,Cooling,Nebraska
0.847416954,Residential,shell_factors_res_recs2020+aeo2026_rdm.xlsx/clg_proj,2044,Cooling,Nevada
0.585198782,Residential,shell_factors_res_recs2020+aeo2026_rdm.xlsx/clg_proj,2044,Cooling,New Hampshire
0.668594512,Residential,shell_factors_res_recs2020+aeo2026_rdm.xlsx/clg_proj,2044,Cooling,New Jersey
0.835850511,Residential,shell_factors_res_recs2020+aeo2026_rdm.xlsx/clg_proj,2044,Cooling,New Mexico
0.605530355,Residential,shell_factors_res_recs2020+aeo2026_rdm.xlsx/clg_proj,2044,Cooling,New York
0.704742486,Residential,shell_factors_res_recs2020+aeo2026_rdm.xlsx/clg_proj,2044,Cooling,North Carolina
0.734139649,Residential,shell_factors_res_recs2020+aeo2026_rdm.xlsx/clg_proj,2044,Cooling,North Dakota
0.745434337,Residential,shell_factors_res_recs2020+aeo2026_rdm.xlsx/clg_proj,2044,Cooling,Ohio
0.756723649,Residential,shell_factors_res_recs2020+aeo2026_rdm.xlsx/clg_proj,2044,Cooling,Oklahoma
0.946489175,Residential,shell_factors_res_recs2020+aeo2026_rdm.xlsx/clg_proj,2044,Cooling,Oregon
0.667923353,Residential,shell_factors_res_recs2020+aeo2026_rdm.xlsx/clg_proj,2044,Cooling,Pennsylvania
0.685029301,Residential,shell_factors_res_recs2020+aeo2026_rdm.xlsx/clg_proj,2044,Cooling,Rhode Island
0.854169020,Residential,shell_factors_res_recs2020+aeo2026_rdm.xlsx/clg_proj,2044,Cooling,South Carolina
0.717191748,Residential,shell_factors_res_recs2020+aeo2026_rdm.xlsx/clg_proj,2044,Cooling,South Dakota
0.749259804,Residential,shell_factors_res_recs2020+aeo2026_rdm.xlsx/clg_proj,2044,Cooling,Tennessee
0.776703955,Residential,shell_factors_res_recs2020+aeo2026_rdm.xlsx/clg_proj,2044,Cooling,Texas
0.894512923,Residential,shell_factors_res_recs2020+aeo2026_rdm.xlsx/clg_proj,2044,Cooling,Utah
0.778703066,Residential,shell_factors_res_recs2020+aeo2026_rdm.xlsx/clg_proj,2044,Cooling,Vermont
0.778839019,Residential,shell_factors_res_recs2020+aeo2026_rdm.xlsx/clg_proj,2044,Cooling,Virginia
0.682306138,Residential,shell_factors_res_recs2020+aeo2026_rdm.xlsx/clg_proj,2044,Cooling,Washington
0.655274825,Residential,shell_factors_res_recs2020+aeo2026_rdm.xlsx/clg_proj,2044,Cooling,West Virginia
0.880949139,Residential,shell_factors_res_recs2020+aeo2026_rdm.xlsx/clg_proj,2044,Cooling,Wisconsin
0.775034197,Residential,shell_factors_res_recs2020+aeo2026_rdm.xlsx/clg_proj,2044,Cooling,Wyoming
0.721958570,Residential,shell_factors_res_recs2020+aeo2026_rdm.xlsx/clg_proj,2045,Cooling,Alabama
0.791988107,Residential,shell_factors_res_recs2020+aeo2026_rdm.xlsx/clg_proj,2045,Cooling,Arizona
0.938321936,Residential,shell_factors_res_recs2020+aeo2026_rdm.xlsx/clg_proj,2045,Cooling,Arkansas
0.537749390,Residential,shell_factors_res_recs2020+aeo2026_rdm.xlsx/clg_proj,2045,Cooling,California
0.841958412,Residential,shell_factors_res_recs2020+aeo2026_rdm.xlsx/clg_proj,2045,Cooling,Colorado
0.595923328,Residential,shell_factors_res_recs2020+aeo2026_rdm.xlsx/clg_proj,2045,Cooling,Connecticut
0.912873173,Residential,shell_factors_res_recs2020+aeo2026_rdm.xlsx/clg_proj,2045,Cooling,Delaware
0.868751726,Residential,shell_factors_res_recs2020+aeo2026_rdm.xlsx/clg_proj,2045,Cooling,District of Columbia
0.729859063,Residential,shell_factors_res_recs2020+aeo2026_rdm.xlsx/clg_proj,2045,Cooling,Florida
0.809520511,Residential,shell_factors_res_recs2020+aeo2026_rdm.xlsx/clg_proj,2045,Cooling,Georgia
0.949310553,Residential,shell_factors_res_recs2020+aeo2026_rdm.xlsx/clg_proj,2045,Cooling,Idaho
0.917329410,Residential,shell_factors_res_recs2020+aeo2026_rdm.xlsx/clg_proj,2045,Cooling,Illinois
0.758768378,Residential,shell_factors_res_recs2020+aeo2026_rdm.xlsx/clg_proj,2045,Cooling,Indiana
0.490793435,Residential,shell_factors_res_recs2020+aeo2026_rdm.xlsx/clg_proj,2045,Cooling,Iowa
0.684182809,Residential,shell_factors_res_recs2020+aeo2026_rdm.xlsx/clg_proj,2045,Cooling,Kansas
0.610854658,Residential,shell_factors_res_recs2020+aeo2026_rdm.xlsx/clg_proj,2045,Cooling,Kentucky
0.611862077,Residential,shell_factors_res_recs2020+aeo2026_rdm.xlsx/clg_proj,2045,Cooling,Louisiana
0.996320318,Residential,shell_factors_res_recs2020+aeo2026_rdm.xlsx/clg_proj,2045,Cooling,Maine
0.741265133,Residential,shell_factors_res_recs2020+aeo2026_rdm.xlsx/clg_proj,2045,Cooling,Maryland
0.706960613,Residential,shell_factors_res_recs2020+aeo2026_rdm.xlsx/clg_proj,2045,Cooling,Massachusetts
0.656655677,Residential,shell_factors_res_recs2020+aeo2026_rdm.xlsx/clg_proj,2045,Cooling,Michigan
0.952030386,Residential,shell_factors_res_recs2020+aeo2026_rdm.xlsx/clg_proj,2045,Cooling,Minnesota
0.815569832,Residential,shell_factors_res_recs2020+aeo2026_rdm.xlsx/clg_proj,2045,Cooling,Mississippi
0.667872487,Residential,shell_factors_res_recs2020+aeo2026_rdm.xlsx/clg_proj,2045,Cooling,Missouri
0.926507138,Residential,shell_factors_res_recs2020+aeo2026_rdm.xlsx/clg_proj,2045,Cooling,Montana
0.626150722,Residential,shell_factors_res_recs2020+aeo2026_rdm.xlsx/clg_proj,2045,Cooling,Nebraska
0.847520365,Residential,shell_factors_res_recs2020+aeo2026_rdm.xlsx/clg_proj,2045,Cooling,Nevada
0.585270194,Residential,shell_factors_res_recs2020+aeo2026_rdm.xlsx/clg_proj,2045,Cooling,New Hampshire
0.668676101,Residential,shell_factors_res_recs2020+aeo2026_rdm.xlsx/clg_proj,2045,Cooling,New Jersey
0.835952510,Residential,shell_factors_res_recs2020+aeo2026_rdm.xlsx/clg_proj,2045,Cooling,New Mexico
0.605604248,Residential,shell_factors_res_recs2020+aeo2026_rdm.xlsx/clg_proj,2045,Cooling,New York
0.704828487,Residential,shell_factors_res_recs2020+aeo2026_rdm.xlsx/clg_proj,2045,Cooling,North Carolina
0.734229237,Residential,shell_factors_res_recs2020+aeo2026_rdm.xlsx/clg_proj,2045,Cooling,North Dakota
0.745525303,Residential,shell_factors_res_recs2020+aeo2026_rdm.xlsx/clg_proj,2045,Cooling,Ohio
0.756815992,Residential,shell_factors_res_recs2020+aeo2026_rdm.xlsx/clg_proj,2045,Cooling,Oklahoma
0.946604676,Residential,shell_factors_res_recs2020+aeo2026_rdm.xlsx/clg_proj,2045,Cooling,Oregon
0.668004860,Residential,shell_factors_res_recs2020+aeo2026_rdm.xlsx/clg_proj,2045,Cooling,Pennsylvania
0.685112896,Residential,shell_factors_res_recs2020+aeo2026_rdm.xlsx/clg_proj,2045,Cooling,Rhode Island
0.854273255,Residential,shell_factors_res_recs2020+aeo2026_rdm.xlsx/clg_proj,2045,Cooling,South Carolina
0.717279268,Residential,shell_factors_res_recs2020+aeo2026_rdm.xlsx/clg_proj,2045,Cooling,South Dakota
0.749351237,Residential,shell_factors_res_recs2020+aeo2026_rdm.xlsx/clg_proj,2045,Cooling,Tennessee
0.776798737,Residential,shell_factors_res_recs2020+aeo2026_rdm.xlsx/clg_proj,2045,Cooling,Texas
0.894622081,Residential,shell_factors_res_recs2020+aeo2026_rdm.xlsx/clg_proj,2045,Cooling,Utah
0.778798091,Residential,shell_factors_res_recs2020+aeo2026_rdm.xlsx/clg_proj,2045,Cooling,Vermont
0.778934062,Residential,shell_factors_res_recs2020+aeo2026_rdm.xlsx/clg_proj,2045,Cooling,Virginia
0.682389400,Residential,shell_factors_res_recs2020+aeo2026_rdm.xlsx/clg_proj,2045,Cooling,Washington
0.655354789,Residential,shell_factors_res_recs2020+aeo2026_rdm.xlsx/clg_proj,2045,Cooling,West Virginia
0.881056642,Residential,shell_factors_res_recs2020+aeo2026_rdm.xlsx/clg_proj,2045,Cooling,Wisconsin
0.775128775,Residential,shell_factors_res_recs2020+aeo2026_rdm.xlsx/clg_proj,2045,Cooling,Wyoming
0.721690153,Residential,shell_factors_res_recs2020+aeo2026_rdm.xlsx/clg_proj,2046,Cooling,Alabama
0.791693654,Residential,shell_factors_res_recs2020+aeo2026_rdm.xlsx/clg_proj,2046,Cooling,Arizona
0.937973077,Residential,shell_factors_res_recs2020+aeo2026_rdm.xlsx/clg_proj,2046,Cooling,Arkansas
0.537549460,Residential,shell_factors_res_recs2020+aeo2026_rdm.xlsx/clg_proj,2046,Cooling,California
0.841645380,Residential,shell_factors_res_recs2020+aeo2026_rdm.xlsx/clg_proj,2046,Cooling,Colorado
0.595701769,Residential,shell_factors_res_recs2020+aeo2026_rdm.xlsx/clg_proj,2046,Cooling,Connecticut
0.912533776,Residential,shell_factors_res_recs2020+aeo2026_rdm.xlsx/clg_proj,2046,Cooling,Delaware
0.868428733,Residential,shell_factors_res_recs2020+aeo2026_rdm.xlsx/clg_proj,2046,Cooling,District of Columbia
0.729587708,Residential,shell_factors_res_recs2020+aeo2026_rdm.xlsx/clg_proj,2046,Cooling,Florida
0.809219540,Residential,shell_factors_res_recs2020+aeo2026_rdm.xlsx/clg_proj,2046,Cooling,Georgia
0.948957609,Residential,shell_factors_res_recs2020+aeo2026_rdm.xlsx/clg_proj,2046,Cooling,Idaho
0.916988355,Residential,shell_factors_res_recs2020+aeo2026_rdm.xlsx/clg_proj,2046,Cooling,Illinois
0.758486276,Residential,shell_factors_res_recs2020+aeo2026_rdm.xlsx/clg_proj,2046,Cooling,Indiana
0.490610963,Residential,shell_factors_res_recs2020+aeo2026_rdm.xlsx/clg_proj,2046,Cooling,Iowa
0.683928437,Residential,shell_factors_res_recs2020+aeo2026_rdm.xlsx/clg_proj,2046,Cooling,Kansas
0.610627548,Residential,shell_factors_res_recs2020+aeo2026_rdm.xlsx/clg_proj,2046,Cooling,Kentucky
0.611634593,Residential,shell_factors_res_recs2020+aeo2026_rdm.xlsx/clg_proj,2046,Cooling,Louisiana
0.995949896,Residential,shell_factors_res_recs2020+aeo2026_rdm.xlsx/clg_proj,2046,Cooling,Maine
0.740989538,Residential,shell_factors_res_recs2020+aeo2026_rdm.xlsx/clg_proj,2046,Cooling,Maryland
0.706697772,Residential,shell_factors_res_recs2020+aeo2026_rdm.xlsx/clg_proj,2046,Cooling,Massachusetts
0.656411539,Residential,shell_factors_res_recs2020+aeo2026_rdm.xlsx/clg_proj,2046,Cooling,Michigan
0.951676431,Residential,shell_factors_res_recs2020+aeo2026_rdm.xlsx/clg_proj,2046,Cooling,Minnesota
0.815266611,Residential,shell_factors_res_recs2020+aeo2026_rdm.xlsx/clg_proj,2046,Cooling,Mississippi
0.667624178,Residential,shell_factors_res_recs2020+aeo2026_rdm.xlsx/clg_proj,2046,Cooling,Missouri
0.926162672,Residential,shell_factors_res_recs2020+aeo2026_rdm.xlsx/clg_proj,2046,Cooling,Montana
0.625917925,Residential,shell_factors_res_recs2020+aeo2026_rdm.xlsx/clg_proj,2046,Cooling,Nebraska
0.847205265,Residential,shell_factors_res_recs2020+aeo2026_rdm.xlsx/clg_proj,2046,Cooling,Nevada
0.585052596,Residential,shell_factors_res_recs2020+aeo2026_rdm.xlsx/clg_proj,2046,Cooling,New Hampshire
0.668427494,Residential,shell_factors_res_recs2020+aeo2026_rdm.xlsx/clg_proj,2046,Cooling,New Jersey
0.835641711,Residential,shell_factors_res_recs2020+aeo2026_rdm.xlsx/clg_proj,2046,Cooling,New Mexico
0.605379090,Residential,shell_factors_res_recs2020+aeo2026_rdm.xlsx/clg_proj,2046,Cooling,New York
0.704566438,Residential,shell_factors_res_recs2020+aeo2026_rdm.xlsx/clg_proj,2046,Cooling,North Carolina
0.733956258,Residential,shell_factors_res_recs2020+aeo2026_rdm.xlsx/clg_proj,2046,Cooling,North Dakota
0.745248124,Residential,shell_factors_res_recs2020+aeo2026_rdm.xlsx/clg_proj,2046,Cooling,Ohio
0.756534615,Residential,shell_factors_res_recs2020+aeo2026_rdm.xlsx/clg_proj,2046,Cooling,Oklahoma
0.946252738,Residential,shell_factors_res_recs2020+aeo2026_rdm.xlsx/clg_proj,2046,Cooling,Oregon
0.667756502,Residential,shell_factors_res_recs2020+aeo2026_rdm.xlsx/clg_proj,2046,Cooling,Pennsylvania
0.684858178,Residential,shell_factors_res_recs2020+aeo2026_rdm.xlsx/clg_proj,2046,Cooling,Rhode Island
0.853955645,Residential,shell_factors_res_recs2020+aeo2026_rdm.xlsx/clg_proj,2046,Cooling,South Carolina
0.717012590,Residential,shell_factors_res_recs2020+aeo2026_rdm.xlsx/clg_proj,2046,Cooling,South Dakota
0.749072635,Residential,shell_factors_res_recs2020+aeo2026_rdm.xlsx/clg_proj,2046,Cooling,Tennessee
0.776509931,Residential,shell_factors_res_recs2020+aeo2026_rdm.xlsx/clg_proj,2046,Cooling,Texas
0.894289469,Residential,shell_factors_res_recs2020+aeo2026_rdm.xlsx/clg_proj,2046,Cooling,Utah
0.778508542,Residential,shell_factors_res_recs2020+aeo2026_rdm.xlsx/clg_proj,2046,Cooling,Vermont
0.778644461,Residential,shell_factors_res_recs2020+aeo2026_rdm.xlsx/clg_proj,2046,Cooling,Virginia
0.682135695,Residential,shell_factors_res_recs2020+aeo2026_rdm.xlsx/clg_proj,2046,Cooling,Washington
0.655111134,Residential,shell_factors_res_recs2020+aeo2026_rdm.xlsx/clg_proj,2046,Cooling,West Virginia
0.880729073,Residential,shell_factors_res_recs2020+aeo2026_rdm.xlsx/clg_proj,2046,Cooling,Wisconsin
0.774840590,Residential,shell_factors_res_recs2020+aeo2026_rdm.xlsx/clg_proj,2046,Cooling,Wyoming
0.721518296,Residential,shell_factors_res_recs2020+aeo2026_rdm.xlsx/clg_proj,2047,Cooling,Alabama
0.791505127,Residential,shell_factors_res_recs2020+aeo2026_rdm.xlsx/clg_proj,2047,Cooling,Arizona
0.937749717,Residential,shell_factors_res_recs2020+aeo2026_rdm.xlsx/clg_proj,2047,Cooling,Arkansas
0.537421453,Residential,shell_factors_res_recs2020+aeo2026_rdm.xlsx/clg_proj,2047,Cooling,California
0.841444958,Residential,shell_factors_res_recs2020+aeo2026_rdm.xlsx/clg_proj,2047,Cooling,Colorado
0.595559915,Residential,shell_factors_res_recs2020+aeo2026_rdm.xlsx/clg_proj,2047,Cooling,Connecticut
0.912316474,Residential,shell_factors_res_recs2020+aeo2026_rdm.xlsx/clg_proj,2047,Cooling,Delaware
0.868221933,Residential,shell_factors_res_recs2020+aeo2026_rdm.xlsx/clg_proj,2047,Cooling,District of Columbia
0.729413971,Residential,shell_factors_res_recs2020+aeo2026_rdm.xlsx/clg_proj,2047,Cooling,Florida
0.809026840,Residential,shell_factors_res_recs2020+aeo2026_rdm.xlsx/clg_proj,2047,Cooling,Georgia
0.948731633,Residential,shell_factors_res_recs2020+aeo2026_rdm.xlsx/clg_proj,2047,Cooling,Idaho
0.916769993,Residential,shell_factors_res_recs2020+aeo2026_rdm.xlsx/clg_proj,2047,Cooling,Illinois
0.758305657,Residential,shell_factors_res_recs2020+aeo2026_rdm.xlsx/clg_proj,2047,Cooling,Indiana
0.490494134,Residential,shell_factors_res_recs2020+aeo2026_rdm.xlsx/clg_proj,2047,Cooling,Iowa
0.683765573,Residential,shell_factors_res_recs2020+aeo2026_rdm.xlsx/clg_proj,2047,Cooling,Kansas
0.610482139,Residential,shell_factors_res_recs2020+aeo2026_rdm.xlsx/clg_proj,2047,Cooling,Kentucky
0.611488944,Residential,shell_factors_res_recs2020+aeo2026_rdm.xlsx/clg_proj,2047,Cooling,Louisiana
0.995712730,Residential,shell_factors_res_recs2020+aeo2026_rdm.xlsx/clg_proj,2047,Cooling,Maine
0.740813086,Residential,shell_factors_res_recs2020+aeo2026_rdm.xlsx/clg_proj,2047,Cooling,Maryland
0.706529485,Residential,shell_factors_res_recs2020+aeo2026_rdm.xlsx/clg_proj,2047,Cooling,Massachusetts
0.656255228,Residential,shell_factors_res_recs2020+aeo2026_rdm.xlsx/clg_proj,2047,Cooling,Michigan
0.951449807,Residential,shell_factors_res_recs2020+aeo2026_rdm.xlsx/clg_proj,2047,Cooling,Minnesota
0.815072471,Residential,shell_factors_res_recs2020+aeo2026_rdm.xlsx/clg_proj,2047,Cooling,Mississippi
0.667465197,Residential,shell_factors_res_recs2020+aeo2026_rdm.xlsx/clg_proj,2047,Cooling,Missouri
0.925942124,Residential,shell_factors_res_recs2020+aeo2026_rdm.xlsx/clg_proj,2047,Cooling,Montana
0.625768875,Residential,shell_factors_res_recs2020+aeo2026_rdm.xlsx/clg_proj,2047,Cooling,Nebraska
0.847003520,Residential,shell_factors_res_recs2020+aeo2026_rdm.xlsx/clg_proj,2047,Cooling,Nevada
0.584913277,Residential,shell_factors_res_recs2020+aeo2026_rdm.xlsx/clg_proj,2047,Cooling,New Hampshire
0.668268321,Residential,shell_factors_res_recs2020+aeo2026_rdm.xlsx/clg_proj,2047,Cooling,New Jersey
0.835442719,Residential,shell_factors_res_recs2020+aeo2026_rdm.xlsx/clg_proj,2047,Cooling,New Mexico
0.605234931,Residential,shell_factors_res_recs2020+aeo2026_rdm.xlsx/clg_proj,2047,Cooling,New York
0.704398659,Residential,shell_factors_res_recs2020+aeo2026_rdm.xlsx/clg_proj,2047,Cooling,North Carolina
0.733781480,Residential,shell_factors_res_recs2020+aeo2026_rdm.xlsx/clg_proj,2047,Cooling,North Dakota
0.745070658,Residential,shell_factors_res_recs2020+aeo2026_rdm.xlsx/clg_proj,2047,Cooling,Ohio
0.756354461,Residential,shell_factors_res_recs2020+aeo2026_rdm.xlsx/clg_proj,2047,Cooling,Oklahoma
0.946027406,Residential,shell_factors_res_recs2020+aeo2026_rdm.xlsx/clg_proj,2047,Cooling,Oregon
0.667597489,Residential,shell_factors_res_recs2020+aeo2026_rdm.xlsx/clg_proj,2047,Cooling,Pennsylvania
0.684695092,Residential,shell_factors_res_recs2020+aeo2026_rdm.xlsx/clg_proj,2047,Cooling,Rhode Island
0.853752292,Residential,shell_factors_res_recs2020+aeo2026_rdm.xlsx/clg_proj,2047,Cooling,South Carolina
0.716841847,Residential,shell_factors_res_recs2020+aeo2026_rdm.xlsx/clg_proj,2047,Cooling,South Dakota
0.748894258,Residential,shell_factors_res_recs2020+aeo2026_rdm.xlsx/clg_proj,2047,Cooling,Tennessee
0.776325020,Residential,shell_factors_res_recs2020+aeo2026_rdm.xlsx/clg_proj,2047,Cooling,Texas
0.894076512,Residential,shell_factors_res_recs2020+aeo2026_rdm.xlsx/clg_proj,2047,Cooling,Utah
0.778323155,Residential,shell_factors_res_recs2020+aeo2026_rdm.xlsx/clg_proj,2047,Cooling,Vermont
0.778459042,Residential,shell_factors_res_recs2020+aeo2026_rdm.xlsx/clg_proj,2047,Cooling,Virginia
0.681973257,Residential,shell_factors_res_recs2020+aeo2026_rdm.xlsx/clg_proj,2047,Cooling,Washington
0.654955133,Residential,shell_factors_res_recs2020+aeo2026_rdm.xlsx/clg_proj,2047,Cooling,West Virginia
0.880519345,Residential,shell_factors_res_recs2020+aeo2026_rdm.xlsx/clg_proj,2047,Cooling,Wisconsin
0.774656076,Residential,shell_factors_res_recs2020+aeo2026_rdm.xlsx/clg_proj,2047,Cooling,Wyoming
0.721396296,Residential,shell_factors_res_recs2020+aeo2026_rdm.xlsx/clg_proj,2048,Cooling,Alabama
0.791371293,Residential,shell_factors_res_recs2020+aeo2026_rdm.xlsx/clg_proj,2048,Cooling,Arizona
0.937591154,Residential,shell_factors_res_recs2020+aeo2026_rdm.xlsx/clg_proj,2048,Cooling,Arkansas
0.537330581,Residential,shell_factors_res_recs2020+aeo2026_rdm.xlsx/clg_proj,2048,Cooling,California
0.841302679,Residential,shell_factors_res_recs2020+aeo2026_rdm.xlsx/clg_proj,2048,Cooling,Colorado
0.595459212,Residential,shell_factors_res_recs2020+aeo2026_rdm.xlsx/clg_proj,2048,Cooling,Connecticut
0.912162211,Residential,shell_factors_res_recs2020+aeo2026_rdm.xlsx/clg_proj,2048,Cooling,Delaware
0.868075127,Residential,shell_factors_res_recs2020+aeo2026_rdm.xlsx/clg_proj,2048,Cooling,District of Columbia
0.729290636,Residential,shell_factors_res_recs2020+aeo2026_rdm.xlsx/clg_proj,2048,Cooling,Florida
0.808890042,Residential,shell_factors_res_recs2020+aeo2026_rdm.xlsx/clg_proj,2048,Cooling,Georgia
0.948571213,Residential,shell_factors_res_recs2020+aeo2026_rdm.xlsx/clg_proj,2048,Cooling,Idaho
0.916614977,Residential,shell_factors_res_recs2020+aeo2026_rdm.xlsx/clg_proj,2048,Cooling,Illinois
0.758177436,Residential,shell_factors_res_recs2020+aeo2026_rdm.xlsx/clg_proj,2048,Cooling,Indiana
0.490411197,Residential,shell_factors_res_recs2020+aeo2026_rdm.xlsx/clg_proj,2048,Cooling,Iowa
0.683649955,Residential,shell_factors_res_recs2020+aeo2026_rdm.xlsx/clg_proj,2048,Cooling,Kansas
0.610378913,Residential,shell_factors_res_recs2020+aeo2026_rdm.xlsx/clg_proj,2048,Cooling,Kentucky
0.611385548,Residential,shell_factors_res_recs2020+aeo2026_rdm.xlsx/clg_proj,2048,Cooling,Louisiana
0.995544366,Residential,shell_factors_res_recs2020+aeo2026_rdm.xlsx/clg_proj,2048,Cooling,Maine
0.740687823,Residential,shell_factors_res_recs2020+aeo2026_rdm.xlsx/clg_proj,2048,Cooling,Maryland
0.706410019,Residential,shell_factors_res_recs2020+aeo2026_rdm.xlsx/clg_proj,2048,Cooling,Massachusetts
0.656144262,Residential,shell_factors_res_recs2020+aeo2026_rdm.xlsx/clg_proj,2048,Cooling,Michigan
0.951288928,Residential,shell_factors_res_recs2020+aeo2026_rdm.xlsx/clg_proj,2048,Cooling,Minnesota
0.814934651,Residential,shell_factors_res_recs2020+aeo2026_rdm.xlsx/clg_proj,2048,Cooling,Mississippi
0.667352336,Residential,shell_factors_res_recs2020+aeo2026_rdm.xlsx/clg_proj,2048,Cooling,Missouri
0.925785558,Residential,shell_factors_res_recs2020+aeo2026_rdm.xlsx/clg_proj,2048,Cooling,Montana
0.625663065,Residential,shell_factors_res_recs2020+aeo2026_rdm.xlsx/clg_proj,2048,Cooling,Nebraska
0.846860301,Residential,shell_factors_res_recs2020+aeo2026_rdm.xlsx/clg_proj,2048,Cooling,Nevada
0.584814375,Residential,shell_factors_res_recs2020+aeo2026_rdm.xlsx/clg_proj,2048,Cooling,New Hampshire
0.668155324,Residential,shell_factors_res_recs2020+aeo2026_rdm.xlsx/clg_proj,2048,Cooling,New Jersey
0.835301455,Residential,shell_factors_res_recs2020+aeo2026_rdm.xlsx/clg_proj,2048,Cooling,New Mexico
0.605132593,Residential,shell_factors_res_recs2020+aeo2026_rdm.xlsx/clg_proj,2048,Cooling,New York
0.704279553,Residential,shell_factors_res_recs2020+aeo2026_rdm.xlsx/clg_proj,2048,Cooling,North Carolina
0.733657406,Residential,shell_factors_res_recs2020+aeo2026_rdm.xlsx/clg_proj,2048,Cooling,North Dakota
0.744944675,Residential,shell_factors_res_recs2020+aeo2026_rdm.xlsx/clg_proj,2048,Cooling,Ohio
0.756226570,Residential,shell_factors_res_recs2020+aeo2026_rdm.xlsx/clg_proj,2048,Cooling,Oklahoma
0.945867443,Residential,shell_factors_res_recs2020+aeo2026_rdm.xlsx/clg_proj,2048,Cooling,Oregon
0.667484605,Residential,shell_factors_res_recs2020+aeo2026_rdm.xlsx/clg_proj,2048,Cooling,Pennsylvania
0.684579318,Residential,shell_factors_res_recs2020+aeo2026_rdm.xlsx/clg_proj,2048,Cooling,Rhode Island
0.853607932,Residential,shell_factors_res_recs2020+aeo2026_rdm.xlsx/clg_proj,2048,Cooling,South Carolina
0.716720638,Residential,shell_factors_res_recs2020+aeo2026_rdm.xlsx/clg_proj,2048,Cooling,South Dakota
0.748767629,Residential,shell_factors_res_recs2020+aeo2026_rdm.xlsx/clg_proj,2048,Cooling,Tennessee
0.776193752,Residential,shell_factors_res_recs2020+aeo2026_rdm.xlsx/clg_proj,2048,Cooling,Texas
0.893925333,Residential,shell_factors_res_recs2020+aeo2026_rdm.xlsx/clg_proj,2048,Cooling,Utah
0.778191549,Residential,shell_factors_res_recs2020+aeo2026_rdm.xlsx/clg_proj,2048,Cooling,Vermont
0.778327414,Residential,shell_factors_res_recs2020+aeo2026_rdm.xlsx/clg_proj,2048,Cooling,Virginia
0.681857943,Residential,shell_factors_res_recs2020+aeo2026_rdm.xlsx/clg_proj,2048,Cooling,Washington
0.654844387,Residential,shell_factors_res_recs2020+aeo2026_rdm.xlsx/clg_proj,2048,Cooling,West Virginia
0.880370459,Residential,shell_factors_res_recs2020+aeo2026_rdm.xlsx/clg_proj,2048,Cooling,Wisconsin
0.774525091,Residential,shell_factors_res_recs2020+aeo2026_rdm.xlsx/clg_proj,2048,Cooling,Wyoming
0.721298199,Residential,shell_factors_res_recs2020+aeo2026_rdm.xlsx/clg_proj,2049,Cooling,Alabama
0.791263680,Residential,shell_factors_res_recs2020+aeo2026_rdm.xlsx/clg_proj,2049,Cooling,Arizona
0.937463658,Residential,shell_factors_res_recs2020+aeo2026_rdm.xlsx/clg_proj,2049,Cooling,Arkansas
0.537257514,Residential,shell_factors_res_recs2020+aeo2026_rdm.xlsx/clg_proj,2049,Cooling,California
0.841188277,Residential,shell_factors_res_recs2020+aeo2026_rdm.xlsx/clg_proj,2049,Cooling,Colorado
0.595378240,Residential,shell_factors_res_recs2020+aeo2026_rdm.xlsx/clg_proj,2049,Cooling,Connecticut
0.912038173,Residential,shell_factors_res_recs2020+aeo2026_rdm.xlsx/clg_proj,2049,Cooling,Delaware
0.867957084,Residential,shell_factors_res_recs2020+aeo2026_rdm.xlsx/clg_proj,2049,Cooling,District of Columbia
0.729191465,Residential,shell_factors_res_recs2020+aeo2026_rdm.xlsx/clg_proj,2049,Cooling,Florida
0.808780048,Residential,shell_factors_res_recs2020+aeo2026_rdm.xlsx/clg_proj,2049,Cooling,Georgia
0.948442224,Residential,shell_factors_res_recs2020+aeo2026_rdm.xlsx/clg_proj,2049,Cooling,Idaho
0.916490334,Residential,shell_factors_res_recs2020+aeo2026_rdm.xlsx/clg_proj,2049,Cooling,Illinois
0.758074337,Residential,shell_factors_res_recs2020+aeo2026_rdm.xlsx/clg_proj,2049,Cooling,Indiana
0.490344509,Residential,shell_factors_res_recs2020+aeo2026_rdm.xlsx/clg_proj,2049,Cooling,Iowa
0.683556991,Residential,shell_factors_res_recs2020+aeo2026_rdm.xlsx/clg_proj,2049,Cooling,Kansas
0.610295913,Residential,shell_factors_res_recs2020+aeo2026_rdm.xlsx/clg_proj,2049,Cooling,Kentucky
0.611302410,Residential,shell_factors_res_recs2020+aeo2026_rdm.xlsx/clg_proj,2049,Cooling,Louisiana
0.995408990,Residential,shell_factors_res_recs2020+aeo2026_rdm.xlsx/clg_proj,2049,Cooling,Maine
0.740587102,Residential,shell_factors_res_recs2020+aeo2026_rdm.xlsx/clg_proj,2049,Cooling,Maryland
0.706313960,Residential,shell_factors_res_recs2020+aeo2026_rdm.xlsx/clg_proj,2049,Cooling,Massachusetts
0.656055038,Residential,shell_factors_res_recs2020+aeo2026_rdm.xlsx/clg_proj,2049,Cooling,Michigan
0.951159569,Residential,shell_factors_res_recs2020+aeo2026_rdm.xlsx/clg_proj,2049,Cooling,Minnesota
0.814823835,Residential,shell_factors_res_recs2020+aeo2026_rdm.xlsx/clg_proj,2049,Cooling,Mississippi
0.667261588,Residential,shell_factors_res_recs2020+aeo2026_rdm.xlsx/clg_proj,2049,Cooling,Missouri
0.925659667,Residential,shell_factors_res_recs2020+aeo2026_rdm.xlsx/clg_proj,2049,Cooling,Montana
0.625577986,Residential,shell_factors_res_recs2020+aeo2026_rdm.xlsx/clg_proj,2049,Cooling,Nebraska
0.846745143,Residential,shell_factors_res_recs2020+aeo2026_rdm.xlsx/clg_proj,2049,Cooling,Nevada
0.584734851,Residential,shell_factors_res_recs2020+aeo2026_rdm.xlsx/clg_proj,2049,Cooling,New Hampshire
0.668064467,Residential,shell_factors_res_recs2020+aeo2026_rdm.xlsx/clg_proj,2049,Cooling,New Jersey
0.835187869,Residential,shell_factors_res_recs2020+aeo2026_rdm.xlsx/clg_proj,2049,Cooling,New Mexico
0.605050306,Residential,shell_factors_res_recs2020+aeo2026_rdm.xlsx/clg_proj,2049,Cooling,New York
0.704183784,Residential,shell_factors_res_recs2020+aeo2026_rdm.xlsx/clg_proj,2049,Cooling,North Carolina
0.733557642,Residential,shell_factors_res_recs2020+aeo2026_rdm.xlsx/clg_proj,2049,Cooling,North Dakota
0.744843375,Residential,shell_factors_res_recs2020+aeo2026_rdm.xlsx/clg_proj,2049,Cooling,Ohio
0.756123737,Residential,shell_factors_res_recs2020+aeo2026_rdm.xlsx/clg_proj,2049,Cooling,Oklahoma
0.945738822,Residential,shell_factors_res_recs2020+aeo2026_rdm.xlsx/clg_proj,2049,Cooling,Oregon
0.667393839,Residential,shell_factors_res_recs2020+aeo2026_rdm.xlsx/clg_proj,2049,Cooling,Pennsylvania
0.684486227,Residential,shell_factors_res_recs2020+aeo2026_rdm.xlsx/clg_proj,2049,Cooling,Rhode Island
0.853491856,Residential,shell_factors_res_recs2020+aeo2026_rdm.xlsx/clg_proj,2049,Cooling,South Carolina
0.716623176,Residential,shell_factors_res_recs2020+aeo2026_rdm.xlsx/clg_proj,2049,Cooling,South Dakota
0.748665810,Residential,shell_factors_res_recs2020+aeo2026_rdm.xlsx/clg_proj,2049,Cooling,Tennessee
0.776088204,Residential,shell_factors_res_recs2020+aeo2026_rdm.xlsx/clg_proj,2049,Cooling,Texas
0.893803775,Residential,shell_factors_res_recs2020+aeo2026_rdm.xlsx/clg_proj,2049,Cooling,Utah
0.778085729,Residential,shell_factors_res_recs2020+aeo2026_rdm.xlsx/clg_proj,2049,Cooling,Vermont
0.778221575,Residential,shell_factors_res_recs2020+aeo2026_rdm.xlsx/clg_proj,2049,Cooling,Virginia
0.681765223,Residential,shell_factors_res_recs2020+aeo2026_rdm.xlsx/clg_proj,2049,Cooling,Washington
0.654755340,Residential,shell_factors_res_recs2020+aeo2026_rdm.xlsx/clg_proj,2049,Cooling,West Virginia
0.880250744,Residential,shell_factors_res_recs2020+aeo2026_rdm.xlsx/clg_proj,2049,Cooling,Wisconsin
0.774419769,Residential,shell_factors_res_recs2020+aeo2026_rdm.xlsx/clg_proj,2049,Cooling,Wyoming
0.721143468,Residential,shell_factors_res_recs2020+aeo2026_rdm.xlsx/clg_proj,2050,Cooling,Alabama
0.791093941,Residential,shell_factors_res_recs2020+aeo2026_rdm.xlsx/clg_proj,2050,Cooling,Arizona
0.937262557,Residential,shell_factors_res_recs2020+aeo2026_rdm.xlsx/clg_proj,2050,Cooling,Arkansas
0.537142263,Residential,shell_factors_res_recs2020+aeo2026_rdm.xlsx/clg_proj,2050,Cooling,California
0.841007828,Residential,shell_factors_res_recs2020+aeo2026_rdm.xlsx/clg_proj,2050,Cooling,Colorado
0.595250522,Residential,shell_factors_res_recs2020+aeo2026_rdm.xlsx/clg_proj,2050,Cooling,Connecticut
0.911842526,Residential,shell_factors_res_recs2020+aeo2026_rdm.xlsx/clg_proj,2050,Cooling,Delaware
0.867770893,Residential,shell_factors_res_recs2020+aeo2026_rdm.xlsx/clg_proj,2050,Cooling,District of Columbia
0.729035041,Residential,shell_factors_res_recs2020+aeo2026_rdm.xlsx/clg_proj,2050,Cooling,Florida
0.808606551,Residential,shell_factors_res_recs2020+aeo2026_rdm.xlsx/clg_proj,2050,Cooling,Georgia
0.948238768,Residential,shell_factors_res_recs2020+aeo2026_rdm.xlsx/clg_proj,2050,Cooling,Idaho
0.916293731,Residential,shell_factors_res_recs2020+aeo2026_rdm.xlsx/clg_proj,2050,Cooling,Illinois
0.757911718,Residential,shell_factors_res_recs2020+aeo2026_rdm.xlsx/clg_proj,2050,Cooling,Indiana
0.490239322,Residential,shell_factors_res_recs2020+aeo2026_rdm.xlsx/clg_proj,2050,Cooling,Iowa
0.683410357,Residential,shell_factors_res_recs2020+aeo2026_rdm.xlsx/clg_proj,2050,Cooling,Kansas
0.610164994,Residential,shell_factors_res_recs2020+aeo2026_rdm.xlsx/clg_proj,2050,Cooling,Kentucky
0.611171276,Residential,shell_factors_res_recs2020+aeo2026_rdm.xlsx/clg_proj,2050,Cooling,Louisiana
0.995195458,Residential,shell_factors_res_recs2020+aeo2026_rdm.xlsx/clg_proj,2050,Cooling,Maine
0.740428234,Residential,shell_factors_res_recs2020+aeo2026_rdm.xlsx/clg_proj,2050,Cooling,Maryland
0.706162444,Residential,shell_factors_res_recs2020+aeo2026_rdm.xlsx/clg_proj,2050,Cooling,Massachusetts
0.655914303,Residential,shell_factors_res_recs2020+aeo2026_rdm.xlsx/clg_proj,2050,Cooling,Michigan
0.950955530,Residential,shell_factors_res_recs2020+aeo2026_rdm.xlsx/clg_proj,2050,Cooling,Minnesota
0.814649042,Residential,shell_factors_res_recs2020+aeo2026_rdm.xlsx/clg_proj,2050,Cooling,Mississippi
0.667118449,Residential,shell_factors_res_recs2020+aeo2026_rdm.xlsx/clg_proj,2050,Cooling,Missouri
0.925461098,Residential,shell_factors_res_recs2020+aeo2026_rdm.xlsx/clg_proj,2050,Cooling,Montana
0.625443789,Residential,shell_factors_res_recs2020+aeo2026_rdm.xlsx/clg_proj,2050,Cooling,Nebraska
0.846563502,Residential,shell_factors_res_recs2020+aeo2026_rdm.xlsx/clg_proj,2050,Cooling,Nevada
0.584609415,Residential,shell_factors_res_recs2020+aeo2026_rdm.xlsx/clg_proj,2050,Cooling,New Hampshire
0.667921156,Residential,shell_factors_res_recs2020+aeo2026_rdm.xlsx/clg_proj,2050,Cooling,New Jersey
0.835008707,Residential,shell_factors_res_recs2020+aeo2026_rdm.xlsx/clg_proj,2050,Cooling,New Mexico
0.604920512,Residential,shell_factors_res_recs2020+aeo2026_rdm.xlsx/clg_proj,2050,Cooling,New York
0.704032725,Residential,shell_factors_res_recs2020+aeo2026_rdm.xlsx/clg_proj,2050,Cooling,North Carolina
0.733400281,Residential,shell_factors_res_recs2020+aeo2026_rdm.xlsx/clg_proj,2050,Cooling,North Dakota
0.744683594,Residential,shell_factors_res_recs2020+aeo2026_rdm.xlsx/clg_proj,2050,Cooling,Ohio
0.755961536,Residential,shell_factors_res_recs2020+aeo2026_rdm.xlsx/clg_proj,2050,Cooling,Oklahoma
0.945535945,Residential,shell_factors_res_recs2020+aeo2026_rdm.xlsx/clg_proj,2050,Cooling,Oregon
0.667250672,Residential,shell_factors_res_recs2020+aeo2026_rdm.xlsx/clg_proj,2050,Cooling,Pennsylvania
0.684339393,Residential,shell_factors_res_recs2020+aeo2026_rdm.xlsx/clg_proj,2050,Cooling,Rhode Island
0.853308768,Residential,shell_factors_res_recs2020+aeo2026_rdm.xlsx/clg_proj,2050,Cooling,South Carolina
0.716469449,Residential,shell_factors_res_recs2020+aeo2026_rdm.xlsx/clg_proj,2050,Cooling,South Dakota
0.748505208,Residential,shell_factors_res_recs2020+aeo2026_rdm.xlsx/clg_proj,2050,Cooling,Tennessee
0.775921720,Residential,shell_factors_res_recs2020+aeo2026_rdm.xlsx/clg_proj,2050,Cooling,Texas
0.893612039,Residential,shell_factors_res_recs2020+aeo2026_rdm.xlsx/clg_proj,2050,Cooling,Utah
0.777918817,Residential,shell_factors_res_recs2020+aeo2026_rdm.xlsx/clg_proj,2050,Cooling,Vermont
0.778054633,Residential,shell_factors_res_recs2020+aeo2026_rdm.xlsx/clg_proj,2050,Cooling,Virginia
0.681618973,Residential,shell_factors_res_recs2020+aeo2026_rdm.xlsx/clg_proj,2050,Cooling,Washington
0.654614884,Residential,shell_factors_res_recs2020+aeo2026_rdm.xlsx/clg_proj,2050,Cooling,West Virginia
0.880061916,Residential,shell_factors_res_recs2020+aeo2026_rdm.xlsx/clg_proj,2050,Cooling,Wisconsin
0.774253643,Residential,shell_factors_res_recs2020+aeo2026_rdm.xlsx/clg_proj,2050,Cooling,Wyoming
0.735160131,Residential,shell_factors_res_recs2020+aeo2026_rdm.xlsx/htg_proj,2020,Heating,Alabama
0.617178004,Residential,shell_factors_res_recs2020+aeo2026_rdm.xlsx/htg_proj,2020,Heating,Arizona
0.700182604,Residential,shell_factors_res_recs2020+aeo2026_rdm.xlsx/htg_proj,2020,Heating,Arkansas
0.530953259,Residential,shell_factors_res_recs2020+aeo2026_rdm.xlsx/htg_proj,2020,Heating,California
0.734671825,Residential,shell_factors_res_recs2020+aeo2026_rdm.xlsx/htg_proj,2020,Heating,Colorado
0.514769856,Residential,shell_factors_res_recs2020+aeo2026_rdm.xlsx/htg_proj,2020,Heating,Connecticut
0.612338760,Residential,shell_factors_res_recs2020+aeo2026_rdm.xlsx/htg_proj,2020,Heating,Delaware
0.412959632,Residential,shell_factors_res_recs2020+aeo2026_rdm.xlsx/htg_proj,2020,Heating,District of Columbia
0.494464663,Residential,shell_factors_res_recs2020+aeo2026_rdm.xlsx/htg_proj,2020,Heating,Florida
0.669541101,Residential,shell_factors_res_recs2020+aeo2026_rdm.xlsx/htg_proj,2020,Heating,Georgia
0.792938603,Residential,shell_factors_res_recs2020+aeo2026_rdm.xlsx/htg_proj,2020,Heating,Idaho
0.663801305,Residential,shell_factors_res_recs2020+aeo2026_rdm.xlsx/htg_proj,2020,Heating,Illinois
0.708771030,Residential,shell_factors_res_recs2020+aeo2026_rdm.xlsx/htg_proj,2020,Heating,Indiana
0.545614254,Residential,shell_factors_res_recs2020+aeo2026_rdm.xlsx/htg_proj,2020,Heating,Iowa
0.813896389,Residential,shell_factors_res_recs2020+aeo2026_rdm.xlsx/htg_proj,2020,Heating,Kansas
0.693415069,Residential,shell_factors_res_recs2020+aeo2026_rdm.xlsx/htg_proj,2020,Heating,Kentucky
0.560485116,Residential,shell_factors_res_recs2020+aeo2026_rdm.xlsx/htg_proj,2020,Heating,Louisiana
0.514803797,Residential,shell_factors_res_recs2020+aeo2026_rdm.xlsx/htg_proj,2020,Heating,Maine
0.569252592,Residential,shell_factors_res_recs2020+aeo2026_rdm.xlsx/htg_proj,2020,Heating,Maryland
0.453654620,Residential,shell_factors_res_recs2020+aeo2026_rdm.xlsx/htg_proj,2020,Heating,Massachusetts
0.740152151,Residential,shell_factors_res_recs2020+aeo2026_rdm.xlsx/htg_proj,2020,Heating,Michigan
0.640554708,Residential,shell_factors_res_recs2020+aeo2026_rdm.xlsx/htg_proj,2020,Heating,Minnesota
0.688880835,Residential,shell_factors_res_recs2020+aeo2026_rdm.xlsx/htg_proj,2020,Heating,Mississippi
0.761349133,Residential,shell_factors_res_recs2020+aeo2026_rdm.xlsx/htg_proj,2020,Heating,Missouri
0.659091783,Residential,shell_factors_res_recs2020+aeo2026_rdm.xlsx/htg_proj,2020,Heating,Montana
0.600025838,Residential,shell_factors_res_recs2020+aeo2026_rdm.xlsx/htg_proj,2020,Heating,Nebraska
0.675749544,Residential,shell_factors_res_recs2020+aeo2026_rdm.xlsx/htg_proj,2020,Heating,Nevada
0.445484182,Residential,shell_factors_res_recs2020+aeo2026_rdm.xlsx/htg_proj,2020,Heating,New Hampshire
0.639523716,Residential,shell_factors_res_recs2020+aeo2026_rdm.xlsx/htg_proj,2020,Heating,New Jersey
0.520065816,Residential,shell_factors_res_recs2020+aeo2026_rdm.xlsx/htg_proj,2020,Heating,New Mexico
0.610478194,Residential,shell_factors_res_recs2020+aeo2026_rdm.xlsx/htg_proj,2020,Heating,New York
0.616683226,Residential,shell_factors_res_recs2020+aeo2026_rdm.xlsx/htg_proj,2020,Heating,North Carolina
0.707510761,Residential,shell_factors_res_recs2020+aeo2026_rdm.xlsx/htg_proj,2020,Heating,North Dakota
0.503069678,Residential,shell_factors_res_recs2020+aeo2026_rdm.xlsx/htg_proj,2020,Heating,Ohio
0.713567251,Residential,shell_factors_res_recs2020+aeo2026_rdm.xlsx/htg_proj,2020,Heating,Oklahoma
0.735399111,Residential,shell_factors_res_recs2020+aeo2026_rdm.xlsx/htg_proj,2020,Heating,Oregon
0.533572954,Residential,shell_factors_res_recs2020+aeo2026_rdm.xlsx/htg_proj,2020,Heating,Pennsylvania
0.548080519,Residential,shell_factors_res_recs2020+aeo2026_rdm.xlsx/htg_proj,2020,Heating,Rhode Island
0.732108167,Residential,shell_factors_res_recs2020+aeo2026_rdm.xlsx/htg_proj,2020,Heating,South Carolina
0.693713453,Residential,shell_factors_res_recs2020+aeo2026_rdm.xlsx/htg_proj,2020,Heating,South Dakota
0.814594352,Residential,shell_factors_res_recs2020+aeo2026_rdm.xlsx/htg_proj,2020,Heating,Tennessee
0.730580174,Residential,shell_factors_res_recs2020+aeo2026_rdm.xlsx/htg_proj,2020,Heating,Texas
0.758515929,Residential,shell_factors_res_recs2020+aeo2026_rdm.xlsx/htg_proj,2020,Heating,Utah
0.537079840,Residential,shell_factors_res_recs2020+aeo2026_rdm.xlsx/htg_proj,2020,Heating,Vermont
0.551097607,Residential,shell_factors_res_recs2020+aeo2026_rdm.xlsx/htg_proj,2020,Heating,Virginia
0.721430895,Residential,shell_factors_res_recs2020+aeo2026_rdm.xlsx/htg_proj,2020,Heating,Washington
0.727709249,Residential,shell_factors_res_recs2020+aeo2026_rdm.xlsx/htg_proj,2020,Heating,West Virginia
0.588489332,Residential,shell_factors_res_recs2020+aeo2026_rdm.xlsx/htg_proj,2020,Heating,Wisconsin
0.564577014,Residential,shell_factors_res_recs2020+aeo2026_rdm.xlsx/htg_proj,2020,Heating,Wyoming
0.644356555,Residential,shell_factors_res_recs2020+aeo2026_rdm.xlsx/htg_proj,2021,Heating,Alabama
0.540947035,Residential,shell_factors_res_recs2020+aeo2026_rdm.xlsx/htg_proj,2021,Heating,Arizona
0.613699290,Residential,shell_factors_res_recs2020+aeo2026_rdm.xlsx/htg_proj,2021,Heating,Arkansas
0.465372371,Residential,shell_factors_res_recs2020+aeo2026_rdm.xlsx/htg_proj,2021,Heating,California
0.643928562,Residential,shell_factors_res_recs2020+aeo2026_rdm.xlsx/htg_proj,2021,Heating,Colorado
0.451187867,Residential,shell_factors_res_recs2020+aeo2026_rdm.xlsx/htg_proj,2021,Heating,Connecticut
0.536705512,Residential,shell_factors_res_recs2020+aeo2026_rdm.xlsx/htg_proj,2021,Heating,Delaware
0.361952770,Residential,shell_factors_res_recs2020+aeo2026_rdm.xlsx/htg_proj,2021,Heating,District of Columbia
0.433390677,Residential,shell_factors_res_recs2020+aeo2026_rdm.xlsx/htg_proj,2021,Heating,Florida
0.586842484,Residential,shell_factors_res_recs2020+aeo2026_rdm.xlsx/htg_proj,2021,Heating,Georgia
0.694998498,Residential,shell_factors_res_recs2020+aeo2026_rdm.xlsx/htg_proj,2021,Heating,Idaho
0.581811641,Residential,shell_factors_res_recs2020+aeo2026_rdm.xlsx/htg_proj,2021,Heating,Illinois
0.621226914,Residential,shell_factors_res_recs2020+aeo2026_rdm.xlsx/htg_proj,2021,Heating,Indiana
0.478222508,Residential,shell_factors_res_recs2020+aeo2026_rdm.xlsx/htg_proj,2021,Heating,Iowa
0.713367676,Residential,shell_factors_res_recs2020+aeo2026_rdm.xlsx/htg_proj,2021,Heating,Kansas
0.607767650,Residential,shell_factors_res_recs2020+aeo2026_rdm.xlsx/htg_proj,2021,Heating,Kentucky
0.491256590,Residential,shell_factors_res_recs2020+aeo2026_rdm.xlsx/htg_proj,2021,Heating,Louisiana
0.451217615,Residential,shell_factors_res_recs2020+aeo2026_rdm.xlsx/htg_proj,2021,Heating,Maine
0.498941148,Residential,shell_factors_res_recs2020+aeo2026_rdm.xlsx/htg_proj,2021,Heating,Maryland
0.397621302,Residential,shell_factors_res_recs2020+aeo2026_rdm.xlsx/htg_proj,2021,Heating,Massachusetts
0.648731985,Residential,shell_factors_res_recs2020+aeo2026_rdm.xlsx/htg_proj,2021,Heating,Michigan
0.561436356,Residential,shell_factors_res_recs2020+aeo2026_rdm.xlsx/htg_proj,2021,Heating,Minnesota
0.603793463,Residential,shell_factors_res_recs2020+aeo2026_rdm.xlsx/htg_proj,2021,Heating,Mississippi
0.667310813,Residential,shell_factors_res_recs2020+aeo2026_rdm.xlsx/htg_proj,2021,Heating,Missouri
0.577683818,Residential,shell_factors_res_recs2020+aeo2026_rdm.xlsx/htg_proj,2021,Heating,Montana
0.525913424,Residential,shell_factors_res_recs2020+aeo2026_rdm.xlsx/htg_proj,2021,Heating,Nebraska
0.592284089,Residential,shell_factors_res_recs2020+aeo2026_rdm.xlsx/htg_proj,2021,Heating,Nevada
0.390460039,Residential,shell_factors_res_recs2020+aeo2026_rdm.xlsx/htg_proj,2021,Heating,New Hampshire
0.560532708,Residential,shell_factors_res_recs2020+aeo2026_rdm.xlsx/htg_proj,2021,Heating,New Jersey
0.455829694,Residential,shell_factors_res_recs2020+aeo2026_rdm.xlsx/htg_proj,2021,Heating,New Mexico
0.535074754,Residential,shell_factors_res_recs2020+aeo2026_rdm.xlsx/htg_proj,2021,Heating,New York
0.540513369,Residential,shell_factors_res_recs2020+aeo2026_rdm.xlsx/htg_proj,2021,Heating,North Carolina
0.620122307,Residential,shell_factors_res_recs2020+aeo2026_rdm.xlsx/htg_proj,2021,Heating,North Dakota
0.440932841,Residential,shell_factors_res_recs2020+aeo2026_rdm.xlsx/htg_proj,2021,Heating,Ohio
0.625430728,Residential,shell_factors_res_recs2020+aeo2026_rdm.xlsx/htg_proj,2021,Heating,Oklahoma
0.644566017,Residential,shell_factors_res_recs2020+aeo2026_rdm.xlsx/htg_proj,2021,Heating,Oregon
0.467668493,Residential,shell_factors_res_recs2020+aeo2026_rdm.xlsx/htg_proj,2021,Heating,Pennsylvania
0.480384151,Residential,shell_factors_res_recs2020+aeo2026_rdm.xlsx/htg_proj,2021,Heating,Rhode Island
0.641681556,Residential,shell_factors_res_recs2020+aeo2026_rdm.xlsx/htg_proj,2021,Heating,South Carolina
0.608029179,Residential,shell_factors_res_recs2020+aeo2026_rdm.xlsx/htg_proj,2021,Heating,South Dakota
0.713979430,Residential,shell_factors_res_recs2020+aeo2026_rdm.xlsx/htg_proj,2021,Heating,Tennessee
0.640342293,Residential,shell_factors_res_recs2020+aeo2026_rdm.xlsx/htg_proj,2021,Heating,Texas
0.664827553,Residential,shell_factors_res_recs2020+aeo2026_rdm.xlsx/htg_proj,2021,Heating,Utah
0.470742225,Residential,shell_factors_res_recs2020+aeo2026_rdm.xlsx/htg_proj,2021,Heating,Vermont
0.483028582,Residential,shell_factors_res_recs2020+aeo2026_rdm.xlsx/htg_proj,2021,Heating,Virginia
0.632323091,Residential,shell_factors_res_recs2020+aeo2026_rdm.xlsx/htg_proj,2021,Heating,Washington
0.637825972,Residential,shell_factors_res_recs2020+aeo2026_rdm.xlsx/htg_proj,2021,Heating,West Virginia
0.515801855,Residential,shell_factors_res_recs2020+aeo2026_rdm.xlsx/htg_proj,2021,Heating,Wisconsin
0.494843075,Residential,shell_factors_res_recs2020+aeo2026_rdm.xlsx/htg_proj,2021,Heating,Wyoming
0.602796203,Residential,shell_factors_res_recs2020+aeo2026_rdm.xlsx/htg_proj,2022,Heating,Alabama
0.506056493,Residential,shell_factors_res_recs2020+aeo2026_rdm.xlsx/htg_proj,2022,Heating,Arizona
0.574116301,Residential,shell_factors_res_recs2020+aeo2026_rdm.xlsx/htg_proj,2022,Heating,Arkansas
0.435356320,Residential,shell_factors_res_recs2020+aeo2026_rdm.xlsx/htg_proj,2022,Heating,California
0.602395816,Residential,shell_factors_res_recs2020+aeo2026_rdm.xlsx/htg_proj,2022,Heating,Colorado
0.422086702,Residential,shell_factors_res_recs2020+aeo2026_rdm.xlsx/htg_proj,2022,Heating,Connecticut
0.502088544,Residential,shell_factors_res_recs2020+aeo2026_rdm.xlsx/htg_proj,2022,Heating,Delaware
0.338607179,Residential,shell_factors_res_recs2020+aeo2026_rdm.xlsx/htg_proj,2022,Heating,District of Columbia
0.405437413,Residential,shell_factors_res_recs2020+aeo2026_rdm.xlsx/htg_proj,2022,Heating,Florida
0.548991732,Residential,shell_factors_res_recs2020+aeo2026_rdm.xlsx/htg_proj,2022,Heating,Georgia
0.650171792,Residential,shell_factors_res_recs2020+aeo2026_rdm.xlsx/htg_proj,2022,Heating,Idaho
0.544285374,Residential,shell_factors_res_recs2020+aeo2026_rdm.xlsx/htg_proj,2022,Heating,Illinois
0.581158401,Residential,shell_factors_res_recs2020+aeo2026_rdm.xlsx/htg_proj,2022,Heating,Indiana
0.447377635,Residential,shell_factors_res_recs2020+aeo2026_rdm.xlsx/htg_proj,2022,Heating,Iowa
0.667356176,Residential,shell_factors_res_recs2020+aeo2026_rdm.xlsx/htg_proj,2022,Heating,Kansas
0.568567246,Residential,shell_factors_res_recs2020+aeo2026_rdm.xlsx/htg_proj,2022,Heating,Kentucky
0.459571032,Residential,shell_factors_res_recs2020+aeo2026_rdm.xlsx/htg_proj,2022,Heating,Louisiana
0.422114532,Residential,shell_factors_res_recs2020+aeo2026_rdm.xlsx/htg_proj,2022,Heating,Maine
0.466759944,Residential,shell_factors_res_recs2020+aeo2026_rdm.xlsx/htg_proj,2022,Heating,Maryland
0.371975126,Residential,shell_factors_res_recs2020+aeo2026_rdm.xlsx/htg_proj,2022,Heating,Massachusetts
0.606889422,Residential,shell_factors_res_recs2020+aeo2026_rdm.xlsx/htg_proj,2022,Heating,Michigan
0.525224274,Residential,shell_factors_res_recs2020+aeo2026_rdm.xlsx/htg_proj,2022,Heating,Minnesota
0.564849390,Residential,shell_factors_res_recs2020+aeo2026_rdm.xlsx/htg_proj,2022,Heating,Mississippi
0.624269935,Residential,shell_factors_res_recs2020+aeo2026_rdm.xlsx/htg_proj,2022,Heating,Missouri
0.540423790,Residential,shell_factors_res_recs2020+aeo2026_rdm.xlsx/htg_proj,2022,Heating,Montana
0.491992536,Residential,shell_factors_res_recs2020+aeo2026_rdm.xlsx/htg_proj,2022,Heating,Nebraska
0.554082359,Residential,shell_factors_res_recs2020+aeo2026_rdm.xlsx/htg_proj,2022,Heating,Nevada
0.365275758,Residential,shell_factors_res_recs2020+aeo2026_rdm.xlsx/htg_proj,2022,Heating,New Hampshire
0.524378910,Residential,shell_factors_res_recs2020+aeo2026_rdm.xlsx/htg_proj,2022,Heating,New Jersey
0.426429136,Residential,shell_factors_res_recs2020+aeo2026_rdm.xlsx/htg_proj,2022,Heating,New Mexico
0.500562969,Residential,shell_factors_res_recs2020+aeo2026_rdm.xlsx/htg_proj,2022,Heating,New York
0.505650799,Residential,shell_factors_res_recs2020+aeo2026_rdm.xlsx/htg_proj,2022,Heating,North Carolina
0.580125040,Residential,shell_factors_res_recs2020+aeo2026_rdm.xlsx/htg_proj,2022,Heating,North Dakota
0.412493115,Residential,shell_factors_res_recs2020+aeo2026_rdm.xlsx/htg_proj,2022,Heating,Ohio
0.585091073,Residential,shell_factors_res_recs2020+aeo2026_rdm.xlsx/htg_proj,2022,Heating,Oklahoma
0.602992155,Residential,shell_factors_res_recs2020+aeo2026_rdm.xlsx/htg_proj,2022,Heating,Oregon
0.437504344,Residential,shell_factors_res_recs2020+aeo2026_rdm.xlsx/htg_proj,2022,Heating,Pennsylvania
0.449399854,Residential,shell_factors_res_recs2020+aeo2026_rdm.xlsx/htg_proj,2022,Heating,Rhode Island
0.600293739,Residential,shell_factors_res_recs2020+aeo2026_rdm.xlsx/htg_proj,2022,Heating,South Carolina
0.568811906,Residential,shell_factors_res_recs2020+aeo2026_rdm.xlsx/htg_proj,2022,Heating,South Dakota
0.667928472,Residential,shell_factors_res_recs2020+aeo2026_rdm.xlsx/htg_proj,2022,Heating,Tennessee
0.599040857,Residential,shell_factors_res_recs2020+aeo2026_rdm.xlsx/htg_proj,2022,Heating,Texas
0.621946842,Residential,shell_factors_res_recs2020+aeo2026_rdm.xlsx/htg_proj,2022,Heating,Utah
0.440379823,Residential,shell_factors_res_recs2020+aeo2026_rdm.xlsx/htg_proj,2022,Heating,Vermont
0.451873723,Residential,shell_factors_res_recs2020+aeo2026_rdm.xlsx/htg_proj,2022,Heating,Virginia
0.591538886,Residential,shell_factors_res_recs2020+aeo2026_rdm.xlsx/htg_proj,2022,Heating,Washington
0.596686836,Residential,shell_factors_res_recs2020+aeo2026_rdm.xlsx/htg_proj,2022,Heating,West Virginia
0.482533152,Residential,shell_factors_res_recs2020+aeo2026_rdm.xlsx/htg_proj,2022,Heating,Wisconsin
0.462926193,Residential,shell_factors_res_recs2020+aeo2026_rdm.xlsx/htg_proj,2022,Heating,Wyoming
0.590385142,Residential,shell_factors_res_recs2020+aeo2026_rdm.xlsx/htg_proj,2023,Heating,Alabama
0.495637220,Residential,shell_factors_res_recs2020+aeo2026_rdm.xlsx/htg_proj,2023,Heating,Arizona
0.562295735,Residential,shell_factors_res_recs2020+aeo2026_rdm.xlsx/htg_proj,2023,Heating,Arkansas
0.426392703,Residential,shell_factors_res_recs2020+aeo2026_rdm.xlsx/htg_proj,2023,Heating,California
0.589992998,Residential,shell_factors_res_recs2020+aeo2026_rdm.xlsx/htg_proj,2023,Heating,Colorado
0.413396295,Residential,shell_factors_res_recs2020+aeo2026_rdm.xlsx/htg_proj,2023,Heating,Connecticut
0.491750968,Residential,shell_factors_res_recs2020+aeo2026_rdm.xlsx/htg_proj,2023,Heating,Delaware
0.331635545,Residential,shell_factors_res_recs2020+aeo2026_rdm.xlsx/htg_proj,2023,Heating,District of Columbia
0.397089801,Residential,shell_factors_res_recs2020+aeo2026_rdm.xlsx/htg_proj,2023,Heating,Florida
0.537688459,Residential,shell_factors_res_recs2020+aeo2026_rdm.xlsx/htg_proj,2023,Heating,Georgia
0.636785307,Residential,shell_factors_res_recs2020+aeo2026_rdm.xlsx/htg_proj,2023,Heating,Idaho
0.533079000,Residential,shell_factors_res_recs2020+aeo2026_rdm.xlsx/htg_proj,2023,Heating,Illinois
0.569192843,Residential,shell_factors_res_recs2020+aeo2026_rdm.xlsx/htg_proj,2023,Heating,Indiana
0.438166510,Residential,shell_factors_res_recs2020+aeo2026_rdm.xlsx/htg_proj,2023,Heating,Iowa
0.653615879,Residential,shell_factors_res_recs2020+aeo2026_rdm.xlsx/htg_proj,2023,Heating,Kansas
0.556860930,Residential,shell_factors_res_recs2020+aeo2026_rdm.xlsx/htg_proj,2023,Heating,Kentucky
0.450108855,Residential,shell_factors_res_recs2020+aeo2026_rdm.xlsx/htg_proj,2023,Heating,Louisiana
0.413423552,Residential,shell_factors_res_recs2020+aeo2026_rdm.xlsx/htg_proj,2023,Heating,Maine
0.457149753,Residential,shell_factors_res_recs2020+aeo2026_rdm.xlsx/htg_proj,2023,Heating,Maryland
0.364316475,Residential,shell_factors_res_recs2020+aeo2026_rdm.xlsx/htg_proj,2023,Heating,Massachusetts
0.594394085,Residential,shell_factors_res_recs2020+aeo2026_rdm.xlsx/htg_proj,2023,Heating,Michigan
0.514410352,Residential,shell_factors_res_recs2020+aeo2026_rdm.xlsx/htg_proj,2023,Heating,Minnesota
0.553219621,Residential,shell_factors_res_recs2020+aeo2026_rdm.xlsx/htg_proj,2023,Heating,Mississippi
0.611416747,Residential,shell_factors_res_recs2020+aeo2026_rdm.xlsx/htg_proj,2023,Heating,Missouri
0.529296924,Residential,shell_factors_res_recs2020+aeo2026_rdm.xlsx/htg_proj,2023,Heating,Montana
0.481862828,Residential,shell_factors_res_recs2020+aeo2026_rdm.xlsx/htg_proj,2023,Heating,Nebraska
0.542674274,Residential,shell_factors_res_recs2020+aeo2026_rdm.xlsx/htg_proj,2023,Heating,Nevada
0.357755040,Residential,shell_factors_res_recs2020+aeo2026_rdm.xlsx/htg_proj,2023,Heating,New Hampshire
0.513582394,Residential,shell_factors_res_recs2020+aeo2026_rdm.xlsx/htg_proj,2023,Heating,New Jersey
0.417649322,Residential,shell_factors_res_recs2020+aeo2026_rdm.xlsx/htg_proj,2023,Heating,New Mexico
0.490256803,Residential,shell_factors_res_recs2020+aeo2026_rdm.xlsx/htg_proj,2023,Heating,New York
0.495239879,Residential,shell_factors_res_recs2020+aeo2026_rdm.xlsx/htg_proj,2023,Heating,North Carolina
0.568180758,Residential,shell_factors_res_recs2020+aeo2026_rdm.xlsx/htg_proj,2023,Heating,North Dakota
0.404000232,Residential,shell_factors_res_recs2020+aeo2026_rdm.xlsx/htg_proj,2023,Heating,Ohio
0.573044545,Residential,shell_factors_res_recs2020+aeo2026_rdm.xlsx/htg_proj,2023,Heating,Oklahoma
0.590577059,Residential,shell_factors_res_recs2020+aeo2026_rdm.xlsx/htg_proj,2023,Heating,Oregon
0.428496502,Residential,shell_factors_res_recs2020+aeo2026_rdm.xlsx/htg_proj,2023,Heating,Pennsylvania
0.440147093,Residential,shell_factors_res_recs2020+aeo2026_rdm.xlsx/htg_proj,2023,Heating,Rhode Island
0.587934201,Residential,shell_factors_res_recs2020+aeo2026_rdm.xlsx/htg_proj,2023,Heating,South Carolina
0.557100553,Residential,shell_factors_res_recs2020+aeo2026_rdm.xlsx/htg_proj,2023,Heating,South Dakota
0.654176393,Residential,shell_factors_res_recs2020+aeo2026_rdm.xlsx/htg_proj,2023,Heating,Tennessee
0.586707115,Residential,shell_factors_res_recs2020+aeo2026_rdm.xlsx/htg_proj,2023,Heating,Texas
0.609141485,Residential,shell_factors_res_recs2020+aeo2026_rdm.xlsx/htg_proj,2023,Heating,Utah
0.431312777,Residential,shell_factors_res_recs2020+aeo2026_rdm.xlsx/htg_proj,2023,Heating,Vermont
0.442570027,Residential,shell_factors_res_recs2020+aeo2026_rdm.xlsx/htg_proj,2023,Heating,Virginia
0.579359603,Residential,shell_factors_res_recs2020+aeo2026_rdm.xlsx/htg_proj,2023,Heating,Washington
0.584401561,Residential,shell_factors_res_recs2020+aeo2026_rdm.xlsx/htg_proj,2023,Heating,West Virginia
0.472598205,Residential,shell_factors_res_recs2020+aeo2026_rdm.xlsx/htg_proj,2023,Heating,Wisconsin
0.453394936,Residential,shell_factors_res_recs2020+aeo2026_rdm.xlsx/htg_proj,2023,Heating,Wyoming
0.580646726,Residential,shell_factors_res_recs2020+aeo2026_rdm.xlsx/htg_proj,2024,Heating,Alabama
0.487461673,Residential,shell_factors_res_recs2020+aeo2026_rdm.xlsx/htg_proj,2024,Heating,Arizona
0.553020654,Residential,shell_factors_res_recs2020+aeo2026_rdm.xlsx/htg_proj,2024,Heating,Arkansas
0.419359346,Residential,shell_factors_res_recs2020+aeo2026_rdm.xlsx/htg_proj,2024,Heating,California
0.580261050,Residential,shell_factors_res_recs2020+aeo2026_rdm.xlsx/htg_proj,2024,Heating,Colorado
0.406577314,Residential,shell_factors_res_recs2020+aeo2026_rdm.xlsx/htg_proj,2024,Heating,Connecticut
0.483639524,Residential,shell_factors_res_recs2020+aeo2026_rdm.xlsx/htg_proj,2024,Heating,Delaware
0.326165209,Residential,shell_factors_res_recs2020+aeo2026_rdm.xlsx/htg_proj,2024,Heating,District of Columbia
0.390539796,Residential,shell_factors_res_recs2020+aeo2026_rdm.xlsx/htg_proj,2024,Heating,Florida
0.528819276,Residential,shell_factors_res_recs2020+aeo2026_rdm.xlsx/htg_proj,2024,Heating,Georgia
0.626281519,Residential,shell_factors_res_recs2020+aeo2026_rdm.xlsx/htg_proj,2024,Heating,Idaho
0.524285850,Residential,shell_factors_res_recs2020+aeo2026_rdm.xlsx/htg_proj,2024,Heating,Illinois
0.559803994,Residential,shell_factors_res_recs2020+aeo2026_rdm.xlsx/htg_proj,2024,Heating,Indiana
0.430938943,Residential,shell_factors_res_recs2020+aeo2026_rdm.xlsx/htg_proj,2024,Heating,Iowa
0.642834471,Residential,shell_factors_res_recs2020+aeo2026_rdm.xlsx/htg_proj,2024,Heating,Kansas
0.547675496,Residential,shell_factors_res_recs2020+aeo2026_rdm.xlsx/htg_proj,2024,Heating,Kentucky
0.442684300,Residential,shell_factors_res_recs2020+aeo2026_rdm.xlsx/htg_proj,2024,Heating,Louisiana
0.406604121,Residential,shell_factors_res_recs2020+aeo2026_rdm.xlsx/htg_proj,2024,Heating,Maine
0.449609058,Residential,shell_factors_res_recs2020+aeo2026_rdm.xlsx/htg_proj,2024,Heating,Maryland
0.358307066,Residential,shell_factors_res_recs2020+aeo2026_rdm.xlsx/htg_proj,2024,Heating,Massachusetts
0.584589541,Residential,shell_factors_res_recs2020+aeo2026_rdm.xlsx/htg_proj,2024,Heating,Michigan
0.505925142,Residential,shell_factors_res_recs2020+aeo2026_rdm.xlsx/htg_proj,2024,Heating,Minnesota
0.544094251,Residential,shell_factors_res_recs2020+aeo2026_rdm.xlsx/htg_proj,2024,Heating,Mississippi
0.601331414,Residential,shell_factors_res_recs2020+aeo2026_rdm.xlsx/htg_proj,2024,Heating,Missouri
0.520566159,Residential,shell_factors_res_recs2020+aeo2026_rdm.xlsx/htg_proj,2024,Heating,Montana
0.473914489,Residential,shell_factors_res_recs2020+aeo2026_rdm.xlsx/htg_proj,2024,Heating,Nebraska
0.533722849,Residential,shell_factors_res_recs2020+aeo2026_rdm.xlsx/htg_proj,2024,Heating,Nevada
0.351853863,Residential,shell_factors_res_recs2020+aeo2026_rdm.xlsx/htg_proj,2024,Heating,New Hampshire
0.505110841,Residential,shell_factors_res_recs2020+aeo2026_rdm.xlsx/htg_proj,2024,Heating,New Jersey
0.410760187,Residential,shell_factors_res_recs2020+aeo2026_rdm.xlsx/htg_proj,2024,Heating,New Mexico
0.482170006,Residential,shell_factors_res_recs2020+aeo2026_rdm.xlsx/htg_proj,2024,Heating,New York
0.487070885,Residential,shell_factors_res_recs2020+aeo2026_rdm.xlsx/htg_proj,2024,Heating,North Carolina
0.558808604,Residential,shell_factors_res_recs2020+aeo2026_rdm.xlsx/htg_proj,2024,Heating,North Dakota
0.397336239,Residential,shell_factors_res_recs2020+aeo2026_rdm.xlsx/htg_proj,2024,Heating,Ohio
0.563592162,Residential,shell_factors_res_recs2020+aeo2026_rdm.xlsx/htg_proj,2024,Heating,Oklahoma
0.580835477,Residential,shell_factors_res_recs2020+aeo2026_rdm.xlsx/htg_proj,2024,Heating,Oregon
0.421428442,Residential,shell_factors_res_recs2020+aeo2026_rdm.xlsx/htg_proj,2024,Heating,Pennsylvania
0.432886857,Residential,shell_factors_res_recs2020+aeo2026_rdm.xlsx/htg_proj,2024,Heating,Rhode Island
0.578236213,Residential,shell_factors_res_recs2020+aeo2026_rdm.xlsx/htg_proj,2024,Heating,South Carolina
0.547911166,Residential,shell_factors_res_recs2020+aeo2026_rdm.xlsx/htg_proj,2024,Heating,South Dakota
0.643385738,Residential,shell_factors_res_recs2020+aeo2026_rdm.xlsx/htg_proj,2024,Heating,Tennessee
0.577029368,Residential,shell_factors_res_recs2020+aeo2026_rdm.xlsx/htg_proj,2024,Heating,Texas
0.599093683,Residential,shell_factors_res_recs2020+aeo2026_rdm.xlsx/htg_proj,2024,Heating,Utah
0.424198263,Residential,shell_factors_res_recs2020+aeo2026_rdm.xlsx/htg_proj,2024,Heating,Vermont
0.435269825,Residential,shell_factors_res_recs2020+aeo2026_rdm.xlsx/htg_proj,2024,Heating,Virginia
0.569803053,Residential,shell_factors_res_recs2020+aeo2026_rdm.xlsx/htg_proj,2024,Heating,Washington
0.574761844,Residential,shell_factors_res_recs2020+aeo2026_rdm.xlsx/htg_proj,2024,Heating,West Virginia
0.464802686,Residential,shell_factors_res_recs2020+aeo2026_rdm.xlsx/htg_proj,2024,Heating,Wisconsin
0.445916176,Residential,shell_factors_res_recs2020+aeo2026_rdm.xlsx/htg_proj,2024,Heating,Wyoming
0.580570923,Residential,shell_factors_res_recs2020+aeo2026_rdm.xlsx/htg_proj,2025,Heating,Alabama
0.487398036,Residential,shell_factors_res_recs2020+aeo2026_rdm.xlsx/htg_proj,2025,Heating,Arizona
0.552948458,Residential,shell_factors_res_recs2020+aeo2026_rdm.xlsx/htg_proj,2025,Heating,Arkansas
0.419304599,Residential,shell_factors_res_recs2020+aeo2026_rdm.xlsx/htg_proj,2025,Heating,California
0.580185298,Residential,shell_factors_res_recs2020+aeo2026_rdm.xlsx/htg_proj,2025,Heating,Colorado
0.406524236,Residential,shell_factors_res_recs2020+aeo2026_rdm.xlsx/htg_proj,2025,Heating,Connecticut
0.483576386,Residential,shell_factors_res_recs2020+aeo2026_rdm.xlsx/htg_proj,2025,Heating,Delaware
0.326122629,Residential,shell_factors_res_recs2020+aeo2026_rdm.xlsx/htg_proj,2025,Heating,District of Columbia
0.390488811,Residential,shell_factors_res_recs2020+aeo2026_rdm.xlsx/htg_proj,2025,Heating,Florida
0.528750239,Residential,shell_factors_res_recs2020+aeo2026_rdm.xlsx/htg_proj,2025,Heating,Georgia
0.626199759,Residential,shell_factors_res_recs2020+aeo2026_rdm.xlsx/htg_proj,2025,Heating,Idaho
0.524217406,Residential,shell_factors_res_recs2020+aeo2026_rdm.xlsx/htg_proj,2025,Heating,Illinois
0.559730913,Residential,shell_factors_res_recs2020+aeo2026_rdm.xlsx/htg_proj,2025,Heating,Indiana
0.430882685,Residential,shell_factors_res_recs2020+aeo2026_rdm.xlsx/htg_proj,2025,Heating,Iowa
0.642750550,Residential,shell_factors_res_recs2020+aeo2026_rdm.xlsx/htg_proj,2025,Heating,Kansas
0.547603998,Residential,shell_factors_res_recs2020+aeo2026_rdm.xlsx/htg_proj,2025,Heating,Kentucky
0.442626508,Residential,shell_factors_res_recs2020+aeo2026_rdm.xlsx/htg_proj,2025,Heating,Louisiana
0.406551040,Residential,shell_factors_res_recs2020+aeo2026_rdm.xlsx/htg_proj,2025,Heating,Maine
0.449550362,Residential,shell_factors_res_recs2020+aeo2026_rdm.xlsx/htg_proj,2025,Heating,Maryland
0.358260290,Residential,shell_factors_res_recs2020+aeo2026_rdm.xlsx/htg_proj,2025,Heating,Massachusetts
0.584513224,Residential,shell_factors_res_recs2020+aeo2026_rdm.xlsx/htg_proj,2025,Heating,Michigan
0.505859094,Residential,shell_factors_res_recs2020+aeo2026_rdm.xlsx/htg_proj,2025,Heating,Minnesota
0.544023221,Residential,shell_factors_res_recs2020+aeo2026_rdm.xlsx/htg_proj,2025,Heating,Mississippi
0.601252911,Residential,shell_factors_res_recs2020+aeo2026_rdm.xlsx/htg_proj,2025,Heating,Missouri
0.520498200,Residential,shell_factors_res_recs2020+aeo2026_rdm.xlsx/htg_proj,2025,Heating,Montana
0.473852621,Residential,shell_factors_res_recs2020+aeo2026_rdm.xlsx/htg_proj,2025,Heating,Nebraska
0.533653173,Residential,shell_factors_res_recs2020+aeo2026_rdm.xlsx/htg_proj,2025,Heating,Nevada
0.351807929,Residential,shell_factors_res_recs2020+aeo2026_rdm.xlsx/htg_proj,2025,Heating,New Hampshire
0.505044899,Residential,shell_factors_res_recs2020+aeo2026_rdm.xlsx/htg_proj,2025,Heating,New Jersey
0.410706563,Residential,shell_factors_res_recs2020+aeo2026_rdm.xlsx/htg_proj,2025,Heating,New Mexico
0.482107059,Residential,shell_factors_res_recs2020+aeo2026_rdm.xlsx/htg_proj,2025,Heating,New York
0.487007299,Residential,shell_factors_res_recs2020+aeo2026_rdm.xlsx/htg_proj,2025,Heating,North Carolina
0.558735653,Residential,shell_factors_res_recs2020+aeo2026_rdm.xlsx/htg_proj,2025,Heating,North Dakota
0.397284367,Residential,shell_factors_res_recs2020+aeo2026_rdm.xlsx/htg_proj,2025,Heating,Ohio
0.563518586,Residential,shell_factors_res_recs2020+aeo2026_rdm.xlsx/htg_proj,2025,Heating,Oklahoma
0.580759650,Residential,shell_factors_res_recs2020+aeo2026_rdm.xlsx/htg_proj,2025,Heating,Oregon
0.421373426,Residential,shell_factors_res_recs2020+aeo2026_rdm.xlsx/htg_proj,2025,Heating,Pennsylvania
0.432830345,Residential,shell_factors_res_recs2020+aeo2026_rdm.xlsx/htg_proj,2025,Heating,Rhode Island
0.578160726,Residential,shell_factors_res_recs2020+aeo2026_rdm.xlsx/htg_proj,2025,Heating,South Carolina
0.547839638,Residential,shell_factors_res_recs2020+aeo2026_rdm.xlsx/htg_proj,2025,Heating,South Dakota
0.643301745,Residential,shell_factors_res_recs2020+aeo2026_rdm.xlsx/htg_proj,2025,Heating,Tennessee
0.576954038,Residential,shell_factors_res_recs2020+aeo2026_rdm.xlsx/htg_proj,2025,Heating,Texas
0.599015472,Residential,shell_factors_res_recs2020+aeo2026_rdm.xlsx/htg_proj,2025,Heating,Utah
0.424142885,Residential,shell_factors_res_recs2020+aeo2026_rdm.xlsx/htg_proj,2025,Heating,Vermont
0.435213001,Residential,shell_factors_res_recs2020+aeo2026_rdm.xlsx/htg_proj,2025,Heating,Virginia
0.569728666,Residential,shell_factors_res_recs2020+aeo2026_rdm.xlsx/htg_proj,2025,Heating,Washington
0.574686810,Residential,shell_factors_res_recs2020+aeo2026_rdm.xlsx/htg_proj,2025,Heating,West Virginia
0.464742007,Residential,shell_factors_res_recs2020+aeo2026_rdm.xlsx/htg_proj,2025,Heating,Wisconsin
0.445857963,Residential,shell_factors_res_recs2020+aeo2026_rdm.xlsx/htg_proj,2025,Heating,Wyoming
0.636398160,Residential,shell_factors_res_recs2020+aeo2026_rdm.xlsx/htg_proj,2026,Heating,Alabama
0.534265842,Residential,shell_factors_res_recs2020+aeo2026_rdm.xlsx/htg_proj,2026,Heating,Arizona
0.606119540,Residential,shell_factors_res_recs2020+aeo2026_rdm.xlsx/htg_proj,2026,Heating,Arkansas
0.459624595,Residential,shell_factors_res_recs2020+aeo2026_rdm.xlsx/htg_proj,2026,Heating,California
0.635975453,Residential,shell_factors_res_recs2020+aeo2026_rdm.xlsx/htg_proj,2026,Heating,Colorado
0.445615282,Residential,shell_factors_res_recs2020+aeo2026_rdm.xlsx/htg_proj,2026,Heating,Connecticut
0.530076706,Residential,shell_factors_res_recs2020+aeo2026_rdm.xlsx/htg_proj,2026,Heating,Delaware
0.357482321,Residential,shell_factors_res_recs2020+aeo2026_rdm.xlsx/htg_proj,2026,Heating,District of Columbia
0.428037904,Residential,shell_factors_res_recs2020+aeo2026_rdm.xlsx/htg_proj,2026,Heating,Florida
0.579594440,Residential,shell_factors_res_recs2020+aeo2026_rdm.xlsx/htg_proj,2026,Heating,Georgia
0.686414629,Residential,shell_factors_res_recs2020+aeo2026_rdm.xlsx/htg_proj,2026,Heating,Idaho
0.574625733,Residential,shell_factors_res_recs2020+aeo2026_rdm.xlsx/htg_proj,2026,Heating,Illinois
0.613554191,Residential,shell_factors_res_recs2020+aeo2026_rdm.xlsx/htg_proj,2026,Heating,Indiana
0.472316021,Residential,shell_factors_res_recs2020+aeo2026_rdm.xlsx/htg_proj,2026,Heating,Iowa
0.704556930,Residential,shell_factors_res_recs2020+aeo2026_rdm.xlsx/htg_proj,2026,Heating,Kansas
0.600261162,Residential,shell_factors_res_recs2020+aeo2026_rdm.xlsx/htg_proj,2026,Heating,Kentucky
0.485189120,Residential,shell_factors_res_recs2020+aeo2026_rdm.xlsx/htg_proj,2026,Heating,Louisiana
0.445644664,Residential,shell_factors_res_recs2020+aeo2026_rdm.xlsx/htg_proj,2026,Heating,Maine
0.492778766,Residential,shell_factors_res_recs2020+aeo2026_rdm.xlsx/htg_proj,2026,Heating,Maryland
0.392710314,Residential,shell_factors_res_recs2020+aeo2026_rdm.xlsx/htg_proj,2026,Heating,Massachusetts
0.640719549,Residential,shell_factors_res_recs2020+aeo2026_rdm.xlsx/htg_proj,2026,Heating,Michigan
0.554502102,Residential,shell_factors_res_recs2020+aeo2026_rdm.xlsx/htg_proj,2026,Heating,Minnesota
0.596336060,Residential,shell_factors_res_recs2020+aeo2026_rdm.xlsx/htg_proj,2026,Heating,Mississippi
0.659068912,Residential,shell_factors_res_recs2020+aeo2026_rdm.xlsx/htg_proj,2026,Heating,Missouri
0.570548892,Residential,shell_factors_res_recs2020+aeo2026_rdm.xlsx/htg_proj,2026,Heating,Montana
0.519417911,Residential,shell_factors_res_recs2020+aeo2026_rdm.xlsx/htg_proj,2026,Heating,Nebraska
0.584968836,Residential,shell_factors_res_recs2020+aeo2026_rdm.xlsx/htg_proj,2026,Heating,Nevada
0.385637499,Residential,shell_factors_res_recs2020+aeo2026_rdm.xlsx/htg_proj,2026,Heating,New Hampshire
0.553609614,Residential,shell_factors_res_recs2020+aeo2026_rdm.xlsx/htg_proj,2026,Heating,New Jersey
0.450199779,Residential,shell_factors_res_recs2020+aeo2026_rdm.xlsx/htg_proj,2026,Heating,New Mexico
0.528466090,Residential,shell_factors_res_recs2020+aeo2026_rdm.xlsx/htg_proj,2026,Heating,New York
0.533837533,Residential,shell_factors_res_recs2020+aeo2026_rdm.xlsx/htg_proj,2026,Heating,North Carolina
0.612463227,Residential,shell_factors_res_recs2020+aeo2026_rdm.xlsx/htg_proj,2026,Heating,North Dakota
0.435486915,Residential,shell_factors_res_recs2020+aeo2026_rdm.xlsx/htg_proj,2026,Heating,Ohio
0.617706084,Residential,shell_factors_res_recs2020+aeo2026_rdm.xlsx/htg_proj,2026,Heating,Oklahoma
0.636605035,Residential,shell_factors_res_recs2020+aeo2026_rdm.xlsx/htg_proj,2026,Heating,Oregon
0.461892358,Residential,shell_factors_res_recs2020+aeo2026_rdm.xlsx/htg_proj,2026,Heating,Pennsylvania
0.474450965,Residential,shell_factors_res_recs2020+aeo2026_rdm.xlsx/htg_proj,2026,Heating,Rhode Island
0.633756200,Residential,shell_factors_res_recs2020+aeo2026_rdm.xlsx/htg_proj,2026,Heating,South Carolina
0.600519460,Residential,shell_factors_res_recs2020+aeo2026_rdm.xlsx/htg_proj,2026,Heating,South Dakota
0.705161128,Residential,shell_factors_res_recs2020+aeo2026_rdm.xlsx/htg_proj,2026,Heating,Tennessee
0.632433478,Residential,shell_factors_res_recs2020+aeo2026_rdm.xlsx/htg_proj,2026,Heating,Texas
0.656616322,Residential,shell_factors_res_recs2020+aeo2026_rdm.xlsx/htg_proj,2026,Heating,Utah
0.464928126,Residential,shell_factors_res_recs2020+aeo2026_rdm.xlsx/htg_proj,2026,Heating,Vermont
0.477062736,Residential,shell_factors_res_recs2020+aeo2026_rdm.xlsx/htg_proj,2026,Heating,Virginia
0.624513321,Residential,shell_factors_res_recs2020+aeo2026_rdm.xlsx/htg_proj,2026,Heating,Washington
0.629948235,Residential,shell_factors_res_recs2020+aeo2026_rdm.xlsx/htg_proj,2026,Heating,West Virginia
0.509431228,Residential,shell_factors_res_recs2020+aeo2026_rdm.xlsx/htg_proj,2026,Heating,Wisconsin
0.488731309,Residential,shell_factors_res_recs2020+aeo2026_rdm.xlsx/htg_proj,2026,Heating,Wyoming
0.662686465,Residential,shell_factors_res_recs2020+aeo2026_rdm.xlsx/htg_proj,2027,Heating,Alabama
0.556335270,Residential,shell_factors_res_recs2020+aeo2026_rdm.xlsx/htg_proj,2027,Heating,Arizona
0.631157097,Residential,shell_factors_res_recs2020+aeo2026_rdm.xlsx/htg_proj,2027,Heating,Arkansas
0.478610746,Residential,shell_factors_res_recs2020+aeo2026_rdm.xlsx/htg_proj,2027,Heating,California
0.662246296,Residential,shell_factors_res_recs2020+aeo2026_rdm.xlsx/htg_proj,2027,Heating,Colorado
0.464022737,Residential,shell_factors_res_recs2020+aeo2026_rdm.xlsx/htg_proj,2027,Heating,Connecticut
0.551973089,Residential,shell_factors_res_recs2020+aeo2026_rdm.xlsx/htg_proj,2027,Heating,Delaware
0.372249184,Residential,shell_factors_res_recs2020+aeo2026_rdm.xlsx/htg_proj,2027,Heating,District of Columbia
0.445719273,Residential,shell_factors_res_recs2020+aeo2026_rdm.xlsx/htg_proj,2027,Heating,Florida
0.603536300,Residential,shell_factors_res_recs2020+aeo2026_rdm.xlsx/htg_proj,2027,Heating,Georgia
0.714769011,Residential,shell_factors_res_recs2020+aeo2026_rdm.xlsx/htg_proj,2027,Heating,Idaho
0.598362345,Residential,shell_factors_res_recs2020+aeo2026_rdm.xlsx/htg_proj,2027,Heating,Illinois
0.638898858,Residential,shell_factors_res_recs2020+aeo2026_rdm.xlsx/htg_proj,2027,Heating,Indiana
0.491826428,Residential,shell_factors_res_recs2020+aeo2026_rdm.xlsx/htg_proj,2027,Heating,Iowa
0.733660733,Residential,shell_factors_res_recs2020+aeo2026_rdm.xlsx/htg_proj,2027,Heating,Kansas
0.625056721,Residential,shell_factors_res_recs2020+aeo2026_rdm.xlsx/htg_proj,2027,Heating,Kentucky
0.505231289,Residential,shell_factors_res_recs2020+aeo2026_rdm.xlsx/htg_proj,2027,Heating,Louisiana
0.464053332,Residential,shell_factors_res_recs2020+aeo2026_rdm.xlsx/htg_proj,2027,Heating,Maine
0.513134448,Residential,shell_factors_res_recs2020+aeo2026_rdm.xlsx/htg_proj,2027,Heating,Maryland
0.408932372,Residential,shell_factors_res_recs2020+aeo2026_rdm.xlsx/htg_proj,2027,Heating,Massachusetts
0.667186361,Residential,shell_factors_res_recs2020+aeo2026_rdm.xlsx/htg_proj,2027,Heating,Michigan
0.577407448,Residential,shell_factors_res_recs2020+aeo2026_rdm.xlsx/htg_proj,2027,Heating,Minnesota
0.620969481,Residential,shell_factors_res_recs2020+aeo2026_rdm.xlsx/htg_proj,2027,Heating,Mississippi
0.686293699,Residential,shell_factors_res_recs2020+aeo2026_rdm.xlsx/htg_proj,2027,Heating,Missouri
0.594117098,Residential,shell_factors_res_recs2020+aeo2026_rdm.xlsx/htg_proj,2027,Heating,Montana
0.540874001,Residential,shell_factors_res_recs2020+aeo2026_rdm.xlsx/htg_proj,2027,Heating,Nebraska
0.609132701,Residential,shell_factors_res_recs2020+aeo2026_rdm.xlsx/htg_proj,2027,Heating,Nevada
0.401567394,Residential,shell_factors_res_recs2020+aeo2026_rdm.xlsx/htg_proj,2027,Heating,New Hampshire
0.576478093,Residential,shell_factors_res_recs2020+aeo2026_rdm.xlsx/htg_proj,2027,Heating,New Jersey
0.468796610,Residential,shell_factors_res_recs2020+aeo2026_rdm.xlsx/htg_proj,2027,Heating,New Mexico
0.550295941,Residential,shell_factors_res_recs2020+aeo2026_rdm.xlsx/htg_proj,2027,Heating,New York
0.555889268,Residential,shell_factors_res_recs2020+aeo2026_rdm.xlsx/htg_proj,2027,Heating,North Carolina
0.637762829,Residential,shell_factors_res_recs2020+aeo2026_rdm.xlsx/htg_proj,2027,Heating,North Dakota
0.453475988,Residential,shell_factors_res_recs2020+aeo2026_rdm.xlsx/htg_proj,2027,Heating,Ohio
0.643222257,Residential,shell_factors_res_recs2020+aeo2026_rdm.xlsx/htg_proj,2027,Heating,Oklahoma
0.662901885,Residential,shell_factors_res_recs2020+aeo2026_rdm.xlsx/htg_proj,2027,Heating,Oregon
0.480972185,Residential,shell_factors_res_recs2020+aeo2026_rdm.xlsx/htg_proj,2027,Heating,Pennsylvania
0.494049563,Residential,shell_factors_res_recs2020+aeo2026_rdm.xlsx/htg_proj,2027,Heating,Rhode Island
0.659935370,Residential,shell_factors_res_recs2020+aeo2026_rdm.xlsx/htg_proj,2027,Heating,South Carolina
0.625325689,Residential,shell_factors_res_recs2020+aeo2026_rdm.xlsx/htg_proj,2027,Heating,South Dakota
0.734289890,Residential,shell_factors_res_recs2020+aeo2026_rdm.xlsx/htg_proj,2027,Heating,Tennessee
0.658558010,Residential,shell_factors_res_recs2020+aeo2026_rdm.xlsx/htg_proj,2027,Heating,Texas
0.683739798,Residential,shell_factors_res_recs2020+aeo2026_rdm.xlsx/htg_proj,2027,Heating,Utah
0.484133355,Residential,shell_factors_res_recs2020+aeo2026_rdm.xlsx/htg_proj,2027,Heating,Vermont
0.496769220,Residential,shell_factors_res_recs2020+aeo2026_rdm.xlsx/htg_proj,2027,Heating,Virginia
0.650310687,Residential,shell_factors_res_recs2020+aeo2026_rdm.xlsx/htg_proj,2027,Heating,Washington
0.655970106,Residential,shell_factors_res_recs2020+aeo2026_rdm.xlsx/htg_proj,2027,Heating,West Virginia
0.530474789,Residential,shell_factors_res_recs2020+aeo2026_rdm.xlsx/htg_proj,2027,Heating,Wisconsin
0.508919798,Residential,shell_factors_res_recs2020+aeo2026_rdm.xlsx/htg_proj,2027,Heating,Wyoming
0.662221549,Residential,shell_factors_res_recs2020+aeo2026_rdm.xlsx/htg_proj,2028,Heating,Alabama
0.555944966,Residential,shell_factors_res_recs2020+aeo2026_rdm.xlsx/htg_proj,2028,Heating,Arizona
0.630714302,Residential,shell_factors_res_recs2020+aeo2026_rdm.xlsx/htg_proj,2028,Heating,Arkansas
0.478274971,Residential,shell_factors_res_recs2020+aeo2026_rdm.xlsx/htg_proj,2028,Heating,California
0.661781690,Residential,shell_factors_res_recs2020+aeo2026_rdm.xlsx/htg_proj,2028,Heating,Colorado
0.463697196,Residential,shell_factors_res_recs2020+aeo2026_rdm.xlsx/htg_proj,2028,Heating,Connecticut
0.551585846,Residential,shell_factors_res_recs2020+aeo2026_rdm.xlsx/htg_proj,2028,Heating,Delaware
0.371988028,Residential,shell_factors_res_recs2020+aeo2026_rdm.xlsx/htg_proj,2028,Heating,District of Columbia
0.445406574,Residential,shell_factors_res_recs2020+aeo2026_rdm.xlsx/htg_proj,2028,Heating,Florida
0.603112882,Residential,shell_factors_res_recs2020+aeo2026_rdm.xlsx/htg_proj,2028,Heating,Georgia
0.714267557,Residential,shell_factors_res_recs2020+aeo2026_rdm.xlsx/htg_proj,2028,Heating,Idaho
0.597942557,Residential,shell_factors_res_recs2020+aeo2026_rdm.xlsx/htg_proj,2028,Heating,Illinois
0.638450631,Residential,shell_factors_res_recs2020+aeo2026_rdm.xlsx/htg_proj,2028,Heating,Indiana
0.491481381,Residential,shell_factors_res_recs2020+aeo2026_rdm.xlsx/htg_proj,2028,Heating,Iowa
0.733146025,Residential,shell_factors_res_recs2020+aeo2026_rdm.xlsx/htg_proj,2028,Heating,Kansas
0.624618205,Residential,shell_factors_res_recs2020+aeo2026_rdm.xlsx/htg_proj,2028,Heating,Kentucky
0.504876838,Residential,shell_factors_res_recs2020+aeo2026_rdm.xlsx/htg_proj,2028,Heating,Louisiana
0.463727770,Residential,shell_factors_res_recs2020+aeo2026_rdm.xlsx/htg_proj,2028,Heating,Maine
0.512774452,Residential,shell_factors_res_recs2020+aeo2026_rdm.xlsx/htg_proj,2028,Heating,Maryland
0.408645481,Residential,shell_factors_res_recs2020+aeo2026_rdm.xlsx/htg_proj,2028,Heating,Massachusetts
0.666718289,Residential,shell_factors_res_recs2020+aeo2026_rdm.xlsx/htg_proj,2028,Heating,Michigan
0.577002361,Residential,shell_factors_res_recs2020+aeo2026_rdm.xlsx/htg_proj,2028,Heating,Minnesota
0.620533833,Residential,shell_factors_res_recs2020+aeo2026_rdm.xlsx/htg_proj,2028,Heating,Mississippi
0.685812221,Residential,shell_factors_res_recs2020+aeo2026_rdm.xlsx/htg_proj,2028,Heating,Missouri
0.593700288,Residential,shell_factors_res_recs2020+aeo2026_rdm.xlsx/htg_proj,2028,Heating,Montana
0.540494544,Residential,shell_factors_res_recs2020+aeo2026_rdm.xlsx/htg_proj,2028,Heating,Nebraska
0.608705357,Residential,shell_factors_res_recs2020+aeo2026_rdm.xlsx/htg_proj,2028,Heating,Nevada
0.401285670,Residential,shell_factors_res_recs2020+aeo2026_rdm.xlsx/htg_proj,2028,Heating,New Hampshire
0.576073658,Residential,shell_factors_res_recs2020+aeo2026_rdm.xlsx/htg_proj,2028,Heating,New Jersey
0.468467720,Residential,shell_factors_res_recs2020+aeo2026_rdm.xlsx/htg_proj,2028,Heating,New Mexico
0.549909875,Residential,shell_factors_res_recs2020+aeo2026_rdm.xlsx/htg_proj,2028,Heating,New York
0.555499277,Residential,shell_factors_res_recs2020+aeo2026_rdm.xlsx/htg_proj,2028,Heating,North Carolina
0.637315399,Residential,shell_factors_res_recs2020+aeo2026_rdm.xlsx/htg_proj,2028,Heating,North Dakota
0.453157846,Residential,shell_factors_res_recs2020+aeo2026_rdm.xlsx/htg_proj,2028,Heating,Ohio
0.642770997,Residential,shell_factors_res_recs2020+aeo2026_rdm.xlsx/htg_proj,2028,Heating,Oklahoma
0.662436819,Residential,shell_factors_res_recs2020+aeo2026_rdm.xlsx/htg_proj,2028,Heating,Oregon
0.480634754,Residential,shell_factors_res_recs2020+aeo2026_rdm.xlsx/htg_proj,2028,Heating,Pennsylvania
0.493702957,Residential,shell_factors_res_recs2020+aeo2026_rdm.xlsx/htg_proj,2028,Heating,Rhode Island
0.659472385,Residential,shell_factors_res_recs2020+aeo2026_rdm.xlsx/htg_proj,2028,Heating,South Carolina
0.624886985,Residential,shell_factors_res_recs2020+aeo2026_rdm.xlsx/htg_proj,2028,Heating,South Dakota
0.733774740,Residential,shell_factors_res_recs2020+aeo2026_rdm.xlsx/htg_proj,2028,Heating,Tennessee
0.658095991,Residential,shell_factors_res_recs2020+aeo2026_rdm.xlsx/htg_proj,2028,Heating,Texas
0.683260112,Residential,shell_factors_res_recs2020+aeo2026_rdm.xlsx/htg_proj,2028,Heating,Utah
0.483793705,Residential,shell_factors_res_recs2020+aeo2026_rdm.xlsx/htg_proj,2028,Heating,Vermont
0.496420706,Residential,shell_factors_res_recs2020+aeo2026_rdm.xlsx/htg_proj,2028,Heating,Virginia
0.649854454,Residential,shell_factors_res_recs2020+aeo2026_rdm.xlsx/htg_proj,2028,Heating,Washington
0.655509903,Residential,shell_factors_res_recs2020+aeo2026_rdm.xlsx/htg_proj,2028,Heating,West Virginia
0.530102628,Residential,shell_factors_res_recs2020+aeo2026_rdm.xlsx/htg_proj,2028,Heating,Wisconsin
0.508562760,Residential,shell_factors_res_recs2020+aeo2026_rdm.xlsx/htg_proj,2028,Heating,Wyoming
0.660515279,Residential,shell_factors_res_recs2020+aeo2026_rdm.xlsx/htg_proj,2029,Heating,Alabama
0.554512527,Residential,shell_factors_res_recs2020+aeo2026_rdm.xlsx/htg_proj,2029,Heating,Arizona
0.629089213,Residential,shell_factors_res_recs2020+aeo2026_rdm.xlsx/htg_proj,2029,Heating,Arkansas
0.477042655,Residential,shell_factors_res_recs2020+aeo2026_rdm.xlsx/htg_proj,2029,Heating,California
0.660076553,Residential,shell_factors_res_recs2020+aeo2026_rdm.xlsx/htg_proj,2029,Heating,Colorado
0.462502441,Residential,shell_factors_res_recs2020+aeo2026_rdm.xlsx/htg_proj,2029,Heating,Connecticut
0.550164638,Residential,shell_factors_res_recs2020+aeo2026_rdm.xlsx/htg_proj,2029,Heating,Delaware
0.371029569,Residential,shell_factors_res_recs2020+aeo2026_rdm.xlsx/htg_proj,2029,Heating,District of Columbia
0.444258946,Residential,shell_factors_res_recs2020+aeo2026_rdm.xlsx/htg_proj,2029,Heating,Florida
0.601558910,Residential,shell_factors_res_recs2020+aeo2026_rdm.xlsx/htg_proj,2029,Heating,Georgia
0.712427186,Residential,shell_factors_res_recs2020+aeo2026_rdm.xlsx/htg_proj,2029,Heating,Idaho
0.596401908,Residential,shell_factors_res_recs2020+aeo2026_rdm.xlsx/htg_proj,2029,Heating,Illinois
0.636805609,Residential,shell_factors_res_recs2020+aeo2026_rdm.xlsx/htg_proj,2029,Heating,Indiana
0.490215038,Residential,shell_factors_res_recs2020+aeo2026_rdm.xlsx/htg_proj,2029,Heating,Iowa
0.731257013,Residential,shell_factors_res_recs2020+aeo2026_rdm.xlsx/htg_proj,2029,Heating,Kansas
0.623008824,Residential,shell_factors_res_recs2020+aeo2026_rdm.xlsx/htg_proj,2029,Heating,Kentucky
0.503575980,Residential,shell_factors_res_recs2020+aeo2026_rdm.xlsx/htg_proj,2029,Heating,Louisiana
0.462532936,Residential,shell_factors_res_recs2020+aeo2026_rdm.xlsx/htg_proj,2029,Heating,Maine
0.511453246,Residential,shell_factors_res_recs2020+aeo2026_rdm.xlsx/htg_proj,2029,Heating,Maryland
0.407592571,Residential,shell_factors_res_recs2020+aeo2026_rdm.xlsx/htg_proj,2029,Heating,Massachusetts
0.665000433,Residential,shell_factors_res_recs2020+aeo2026_rdm.xlsx/htg_proj,2029,Heating,Michigan
0.575515665,Residential,shell_factors_res_recs2020+aeo2026_rdm.xlsx/htg_proj,2029,Heating,Minnesota
0.618934975,Residential,shell_factors_res_recs2020+aeo2026_rdm.xlsx/htg_proj,2029,Heating,Mississippi
0.684045168,Residential,shell_factors_res_recs2020+aeo2026_rdm.xlsx/htg_proj,2029,Heating,Missouri
0.592170569,Residential,shell_factors_res_recs2020+aeo2026_rdm.xlsx/htg_proj,2029,Heating,Montana
0.539101914,Residential,shell_factors_res_recs2020+aeo2026_rdm.xlsx/htg_proj,2029,Heating,Nebraska
0.607136976,Residential,shell_factors_res_recs2020+aeo2026_rdm.xlsx/htg_proj,2029,Heating,Nevada
0.400251723,Residential,shell_factors_res_recs2020+aeo2026_rdm.xlsx/htg_proj,2029,Heating,New Hampshire
0.574589356,Residential,shell_factors_res_recs2020+aeo2026_rdm.xlsx/htg_proj,2029,Heating,New Jersey
0.467260673,Residential,shell_factors_res_recs2020+aeo2026_rdm.xlsx/htg_proj,2029,Heating,New Mexico
0.548492986,Residential,shell_factors_res_recs2020+aeo2026_rdm.xlsx/htg_proj,2029,Heating,New York
0.554067986,Residential,shell_factors_res_recs2020+aeo2026_rdm.xlsx/htg_proj,2029,Heating,North Carolina
0.635673302,Residential,shell_factors_res_recs2020+aeo2026_rdm.xlsx/htg_proj,2029,Heating,North Dakota
0.451990247,Residential,shell_factors_res_recs2020+aeo2026_rdm.xlsx/htg_proj,2029,Heating,Ohio
0.641114843,Residential,shell_factors_res_recs2020+aeo2026_rdm.xlsx/htg_proj,2029,Heating,Oklahoma
0.660729994,Residential,shell_factors_res_recs2020+aeo2026_rdm.xlsx/htg_proj,2029,Heating,Oregon
0.479396358,Residential,shell_factors_res_recs2020+aeo2026_rdm.xlsx/htg_proj,2029,Heating,Pennsylvania
0.492430889,Residential,shell_factors_res_recs2020+aeo2026_rdm.xlsx/htg_proj,2029,Heating,Rhode Island
0.657773199,Residential,shell_factors_res_recs2020+aeo2026_rdm.xlsx/htg_proj,2029,Heating,South Carolina
0.623276910,Residential,shell_factors_res_recs2020+aeo2026_rdm.xlsx/htg_proj,2029,Heating,South Dakota
0.731884108,Residential,shell_factors_res_recs2020+aeo2026_rdm.xlsx/htg_proj,2029,Heating,Tennessee
0.656400351,Residential,shell_factors_res_recs2020+aeo2026_rdm.xlsx/htg_proj,2029,Heating,Texas
0.681499635,Residential,shell_factors_res_recs2020+aeo2026_rdm.xlsx/htg_proj,2029,Heating,Utah
0.482547170,Residential,shell_factors_res_recs2020+aeo2026_rdm.xlsx/htg_proj,2029,Heating,Vermont
0.495141636,Residential,shell_factors_res_recs2020+aeo2026_rdm.xlsx/htg_proj,2029,Heating,Virginia
0.648180049,Residential,shell_factors_res_recs2020+aeo2026_rdm.xlsx/htg_proj,2029,Heating,Washington
0.653820926,Residential,shell_factors_res_recs2020+aeo2026_rdm.xlsx/htg_proj,2029,Heating,West Virginia
0.528736774,Residential,shell_factors_res_recs2020+aeo2026_rdm.xlsx/htg_proj,2029,Heating,Wisconsin
0.507252405,Residential,shell_factors_res_recs2020+aeo2026_rdm.xlsx/htg_proj,2029,Heating,Wyoming
0.663141044,Residential,shell_factors_res_recs2020+aeo2026_rdm.xlsx/htg_proj,2030,Heating,Alabama
0.556716896,Residential,shell_factors_res_recs2020+aeo2026_rdm.xlsx/htg_proj,2030,Heating,Arizona
0.631590048,Residential,shell_factors_res_recs2020+aeo2026_rdm.xlsx/htg_proj,2030,Heating,Arkansas
0.478939055,Residential,shell_factors_res_recs2020+aeo2026_rdm.xlsx/htg_proj,2030,Heating,California
0.662700573,Residential,shell_factors_res_recs2020+aeo2026_rdm.xlsx/htg_proj,2030,Heating,Colorado
0.464341040,Residential,shell_factors_res_recs2020+aeo2026_rdm.xlsx/htg_proj,2030,Heating,Connecticut
0.552351722,Residential,shell_factors_res_recs2020+aeo2026_rdm.xlsx/htg_proj,2030,Heating,Delaware
0.372504533,Residential,shell_factors_res_recs2020+aeo2026_rdm.xlsx/htg_proj,2030,Heating,District of Columbia
0.446025020,Residential,shell_factors_res_recs2020+aeo2026_rdm.xlsx/htg_proj,2030,Heating,Florida
0.603950304,Residential,shell_factors_res_recs2020+aeo2026_rdm.xlsx/htg_proj,2030,Heating,Georgia
0.715259317,Residential,shell_factors_res_recs2020+aeo2026_rdm.xlsx/htg_proj,2030,Heating,Idaho
0.598772800,Residential,shell_factors_res_recs2020+aeo2026_rdm.xlsx/htg_proj,2030,Heating,Illinois
0.639337119,Residential,shell_factors_res_recs2020+aeo2026_rdm.xlsx/htg_proj,2030,Heating,Indiana
0.492163803,Residential,shell_factors_res_recs2020+aeo2026_rdm.xlsx/htg_proj,2030,Heating,Iowa
0.734163998,Residential,shell_factors_res_recs2020+aeo2026_rdm.xlsx/htg_proj,2030,Heating,Kansas
0.625485487,Residential,shell_factors_res_recs2020+aeo2026_rdm.xlsx/htg_proj,2030,Heating,Kentucky
0.505577859,Residential,shell_factors_res_recs2020+aeo2026_rdm.xlsx/htg_proj,2030,Heating,Louisiana
0.464371656,Residential,shell_factors_res_recs2020+aeo2026_rdm.xlsx/htg_proj,2030,Heating,Maine
0.513486439,Residential,shell_factors_res_recs2020+aeo2026_rdm.xlsx/htg_proj,2030,Heating,Maryland
0.409212885,Residential,shell_factors_res_recs2020+aeo2026_rdm.xlsx/htg_proj,2030,Heating,Massachusetts
0.667644027,Residential,shell_factors_res_recs2020+aeo2026_rdm.xlsx/htg_proj,2030,Heating,Michigan
0.577803528,Residential,shell_factors_res_recs2020+aeo2026_rdm.xlsx/htg_proj,2030,Heating,Minnesota
0.621395443,Residential,shell_factors_res_recs2020+aeo2026_rdm.xlsx/htg_proj,2030,Heating,Mississippi
0.686764471,Residential,shell_factors_res_recs2020+aeo2026_rdm.xlsx/htg_proj,2030,Heating,Missouri
0.594524641,Residential,shell_factors_res_recs2020+aeo2026_rdm.xlsx/htg_proj,2030,Heating,Montana
0.541245021,Residential,shell_factors_res_recs2020+aeo2026_rdm.xlsx/htg_proj,2030,Heating,Nebraska
0.609550544,Residential,shell_factors_res_recs2020+aeo2026_rdm.xlsx/htg_proj,2030,Heating,Nevada
0.401842854,Residential,shell_factors_res_recs2020+aeo2026_rdm.xlsx/htg_proj,2030,Heating,New Hampshire
0.576873536,Residential,shell_factors_res_recs2020+aeo2026_rdm.xlsx/htg_proj,2030,Heating,New Jersey
0.469118187,Residential,shell_factors_res_recs2020+aeo2026_rdm.xlsx/htg_proj,2030,Heating,New Mexico
0.550673424,Residential,shell_factors_res_recs2020+aeo2026_rdm.xlsx/htg_proj,2030,Heating,New York
0.556270588,Residential,shell_factors_res_recs2020+aeo2026_rdm.xlsx/htg_proj,2030,Heating,North Carolina
0.638200311,Residential,shell_factors_res_recs2020+aeo2026_rdm.xlsx/htg_proj,2030,Heating,North Dakota
0.453787056,Residential,shell_factors_res_recs2020+aeo2026_rdm.xlsx/htg_proj,2030,Heating,Ohio
0.643663484,Residential,shell_factors_res_recs2020+aeo2026_rdm.xlsx/htg_proj,2030,Heating,Oklahoma
0.663356612,Residential,shell_factors_res_recs2020+aeo2026_rdm.xlsx/htg_proj,2030,Heating,Oregon
0.481302115,Residential,shell_factors_res_recs2020+aeo2026_rdm.xlsx/htg_proj,2030,Heating,Pennsylvania
0.494388463,Residential,shell_factors_res_recs2020+aeo2026_rdm.xlsx/htg_proj,2030,Heating,Rhode Island
0.660388062,Residential,shell_factors_res_recs2020+aeo2026_rdm.xlsx/htg_proj,2030,Heating,South Carolina
0.625754640,Residential,shell_factors_res_recs2020+aeo2026_rdm.xlsx/htg_proj,2030,Heating,South Dakota
0.734793586,Residential,shell_factors_res_recs2020+aeo2026_rdm.xlsx/htg_proj,2030,Heating,Tennessee
0.659009757,Residential,shell_factors_res_recs2020+aeo2026_rdm.xlsx/htg_proj,2030,Heating,Texas
0.684208818,Residential,shell_factors_res_recs2020+aeo2026_rdm.xlsx/htg_proj,2030,Heating,Utah
0.484465453,Residential,shell_factors_res_recs2020+aeo2026_rdm.xlsx/htg_proj,2030,Heating,Vermont
0.497109986,Residential,shell_factors_res_recs2020+aeo2026_rdm.xlsx/htg_proj,2030,Heating,Virginia
0.650756776,Residential,shell_factors_res_recs2020+aeo2026_rdm.xlsx/htg_proj,2030,Heating,Washington
0.656420078,Residential,shell_factors_res_recs2020+aeo2026_rdm.xlsx/htg_proj,2030,Heating,West Virginia
0.530838675,Residential,shell_factors_res_recs2020+aeo2026_rdm.xlsx/htg_proj,2030,Heating,Wisconsin
0.509268899,Residential,shell_factors_res_recs2020+aeo2026_rdm.xlsx/htg_proj,2030,Heating,Wyoming
0.667063895,Residential,shell_factors_res_recs2020+aeo2026_rdm.xlsx/htg_proj,2031,Heating,Alabama
0.560010188,Residential,shell_factors_res_recs2020+aeo2026_rdm.xlsx/htg_proj,2031,Heating,Arizona
0.635326257,Residential,shell_factors_res_recs2020+aeo2026_rdm.xlsx/htg_proj,2031,Heating,Arkansas
0.481772248,Residential,shell_factors_res_recs2020+aeo2026_rdm.xlsx/htg_proj,2031,Heating,California
0.666620819,Residential,shell_factors_res_recs2020+aeo2026_rdm.xlsx/htg_proj,2031,Heating,Colorado
0.467087877,Residential,shell_factors_res_recs2020+aeo2026_rdm.xlsx/htg_proj,2031,Heating,Connecticut
0.555619192,Residential,shell_factors_res_recs2020+aeo2026_rdm.xlsx/htg_proj,2031,Heating,Delaware
0.374708106,Residential,shell_factors_res_recs2020+aeo2026_rdm.xlsx/htg_proj,2031,Heating,District of Columbia
0.448663508,Residential,shell_factors_res_recs2020+aeo2026_rdm.xlsx/htg_proj,2031,Heating,Florida
0.607523008,Residential,shell_factors_res_recs2020+aeo2026_rdm.xlsx/htg_proj,2031,Heating,Georgia
0.719490477,Residential,shell_factors_res_recs2020+aeo2026_rdm.xlsx/htg_proj,2031,Heating,Idaho
0.602314877,Residential,shell_factors_res_recs2020+aeo2026_rdm.xlsx/htg_proj,2031,Heating,Illinois
0.643119157,Residential,shell_factors_res_recs2020+aeo2026_rdm.xlsx/htg_proj,2031,Heating,Indiana
0.495075228,Residential,shell_factors_res_recs2020+aeo2026_rdm.xlsx/htg_proj,2031,Heating,Iowa
0.738506990,Residential,shell_factors_res_recs2020+aeo2026_rdm.xlsx/htg_proj,2031,Heating,Kansas
0.629185585,Residential,shell_factors_res_recs2020+aeo2026_rdm.xlsx/htg_proj,2031,Heating,Kentucky
0.508568636,Residential,shell_factors_res_recs2020+aeo2026_rdm.xlsx/htg_proj,2031,Heating,Louisiana
0.467118674,Residential,shell_factors_res_recs2020+aeo2026_rdm.xlsx/htg_proj,2031,Heating,Maine
0.516524000,Residential,shell_factors_res_recs2020+aeo2026_rdm.xlsx/htg_proj,2031,Heating,Maryland
0.411633609,Residential,shell_factors_res_recs2020+aeo2026_rdm.xlsx/htg_proj,2031,Heating,Massachusetts
0.671593516,Residential,shell_factors_res_recs2020+aeo2026_rdm.xlsx/htg_proj,2031,Heating,Michigan
0.581221560,Residential,shell_factors_res_recs2020+aeo2026_rdm.xlsx/htg_proj,2031,Heating,Minnesota
0.625071346,Residential,shell_factors_res_recs2020+aeo2026_rdm.xlsx/htg_proj,2031,Heating,Mississippi
0.690827068,Residential,shell_factors_res_recs2020+aeo2026_rdm.xlsx/htg_proj,2031,Heating,Missouri
0.598041587,Residential,shell_factors_res_recs2020+aeo2026_rdm.xlsx/htg_proj,2031,Heating,Montana
0.544446789,Residential,shell_factors_res_recs2020+aeo2026_rdm.xlsx/htg_proj,2031,Heating,Nebraska
0.613156377,Residential,shell_factors_res_recs2020+aeo2026_rdm.xlsx/htg_proj,2031,Heating,Nevada
0.404219980,Residential,shell_factors_res_recs2020+aeo2026_rdm.xlsx/htg_proj,2031,Heating,New Hampshire
0.580286067,Residential,shell_factors_res_recs2020+aeo2026_rdm.xlsx/htg_proj,2031,Heating,New Jersey
0.471893284,Residential,shell_factors_res_recs2020+aeo2026_rdm.xlsx/htg_proj,2031,Heating,New Mexico
0.553930967,Residential,shell_factors_res_recs2020+aeo2026_rdm.xlsx/htg_proj,2031,Heating,New York
0.559561240,Residential,shell_factors_res_recs2020+aeo2026_rdm.xlsx/htg_proj,2031,Heating,North Carolina
0.641975624,Residential,shell_factors_res_recs2020+aeo2026_rdm.xlsx/htg_proj,2031,Heating,North Dakota
0.456471461,Residential,shell_factors_res_recs2020+aeo2026_rdm.xlsx/htg_proj,2031,Heating,Ohio
0.647471115,Residential,shell_factors_res_recs2020+aeo2026_rdm.xlsx/htg_proj,2031,Heating,Oklahoma
0.667280738,Residential,shell_factors_res_recs2020+aeo2026_rdm.xlsx/htg_proj,2031,Heating,Oregon
0.484149287,Residential,shell_factors_res_recs2020+aeo2026_rdm.xlsx/htg_proj,2031,Heating,Pennsylvania
0.497313048,Residential,shell_factors_res_recs2020+aeo2026_rdm.xlsx/htg_proj,2031,Heating,Rhode Island
0.664294628,Residential,shell_factors_res_recs2020+aeo2026_rdm.xlsx/htg_proj,2031,Heating,South Carolina
0.629456329,Residential,shell_factors_res_recs2020+aeo2026_rdm.xlsx/htg_proj,2031,Heating,South Dakota
0.739140302,Residential,shell_factors_res_recs2020+aeo2026_rdm.xlsx/htg_proj,2031,Heating,Tennessee
0.662908169,Residential,shell_factors_res_recs2020+aeo2026_rdm.xlsx/htg_proj,2031,Heating,Texas
0.688256297,Residential,shell_factors_res_recs2020+aeo2026_rdm.xlsx/htg_proj,2031,Heating,Utah
0.487331337,Residential,shell_factors_res_recs2020+aeo2026_rdm.xlsx/htg_proj,2031,Heating,Vermont
0.500050670,Residential,shell_factors_res_recs2020+aeo2026_rdm.xlsx/htg_proj,2031,Heating,Virginia
0.654606368,Residential,shell_factors_res_recs2020+aeo2026_rdm.xlsx/htg_proj,2031,Heating,Washington
0.660303171,Residential,shell_factors_res_recs2020+aeo2026_rdm.xlsx/htg_proj,2031,Heating,West Virginia
0.533978884,Residential,shell_factors_res_recs2020+aeo2026_rdm.xlsx/htg_proj,2031,Heating,Wisconsin
0.512281510,Residential,shell_factors_res_recs2020+aeo2026_rdm.xlsx/htg_proj,2031,Heating,Wyoming
0.666498976,Residential,shell_factors_res_recs2020+aeo2026_rdm.xlsx/htg_proj,2032,Heating,Alabama
0.559535930,Residential,shell_factors_res_recs2020+aeo2026_rdm.xlsx/htg_proj,2032,Heating,Arizona
0.634788216,Residential,shell_factors_res_recs2020+aeo2026_rdm.xlsx/htg_proj,2032,Heating,Arkansas
0.481364248,Residential,shell_factors_res_recs2020+aeo2026_rdm.xlsx/htg_proj,2032,Heating,California
0.666056275,Residential,shell_factors_res_recs2020+aeo2026_rdm.xlsx/htg_proj,2032,Heating,Colorado
0.466692313,Residential,shell_factors_res_recs2020+aeo2026_rdm.xlsx/htg_proj,2032,Heating,Connecticut
0.555148653,Residential,shell_factors_res_recs2020+aeo2026_rdm.xlsx/htg_proj,2032,Heating,Delaware
0.374390776,Residential,shell_factors_res_recs2020+aeo2026_rdm.xlsx/htg_proj,2032,Heating,District of Columbia
0.448283547,Residential,shell_factors_res_recs2020+aeo2026_rdm.xlsx/htg_proj,2032,Heating,Florida
0.607008513,Residential,shell_factors_res_recs2020+aeo2026_rdm.xlsx/htg_proj,2032,Heating,Georgia
0.718881159,Residential,shell_factors_res_recs2020+aeo2026_rdm.xlsx/htg_proj,2032,Heating,Idaho
0.601804792,Residential,shell_factors_res_recs2020+aeo2026_rdm.xlsx/htg_proj,2032,Heating,Illinois
0.642574516,Residential,shell_factors_res_recs2020+aeo2026_rdm.xlsx/htg_proj,2032,Heating,Indiana
0.494655962,Residential,shell_factors_res_recs2020+aeo2026_rdm.xlsx/htg_proj,2032,Heating,Iowa
0.737881568,Residential,shell_factors_res_recs2020+aeo2026_rdm.xlsx/htg_proj,2032,Heating,Kansas
0.628652744,Residential,shell_factors_res_recs2020+aeo2026_rdm.xlsx/htg_proj,2032,Heating,Kentucky
0.508137942,Residential,shell_factors_res_recs2020+aeo2026_rdm.xlsx/htg_proj,2032,Heating,Louisiana
0.466723084,Residential,shell_factors_res_recs2020+aeo2026_rdm.xlsx/htg_proj,2032,Heating,Maine
0.516086569,Residential,shell_factors_res_recs2020+aeo2026_rdm.xlsx/htg_proj,2032,Heating,Maryland
0.411285007,Residential,shell_factors_res_recs2020+aeo2026_rdm.xlsx/htg_proj,2032,Heating,Massachusetts
0.671024761,Residential,shell_factors_res_recs2020+aeo2026_rdm.xlsx/htg_proj,2032,Heating,Michigan
0.580729339,Residential,shell_factors_res_recs2020+aeo2026_rdm.xlsx/htg_proj,2032,Heating,Minnesota
0.624541989,Residential,shell_factors_res_recs2020+aeo2026_rdm.xlsx/htg_proj,2032,Heating,Mississippi
0.690242025,Residential,shell_factors_res_recs2020+aeo2026_rdm.xlsx/htg_proj,2032,Heating,Missouri
0.597535122,Residential,shell_factors_res_recs2020+aeo2026_rdm.xlsx/htg_proj,2032,Heating,Montana
0.543985711,Residential,shell_factors_res_recs2020+aeo2026_rdm.xlsx/htg_proj,2032,Heating,Nebraska
0.612637111,Residential,shell_factors_res_recs2020+aeo2026_rdm.xlsx/htg_proj,2032,Heating,Nevada
0.403877657,Residential,shell_factors_res_recs2020+aeo2026_rdm.xlsx/htg_proj,2032,Heating,New Hampshire
0.579794638,Residential,shell_factors_res_recs2020+aeo2026_rdm.xlsx/htg_proj,2032,Heating,New Jersey
0.471493650,Residential,shell_factors_res_recs2020+aeo2026_rdm.xlsx/htg_proj,2032,Heating,New Mexico
0.553461857,Residential,shell_factors_res_recs2020+aeo2026_rdm.xlsx/htg_proj,2032,Heating,New York
0.559087362,Residential,shell_factors_res_recs2020+aeo2026_rdm.xlsx/htg_proj,2032,Heating,North Carolina
0.641431951,Residential,shell_factors_res_recs2020+aeo2026_rdm.xlsx/htg_proj,2032,Heating,North Dakota
0.456084887,Residential,shell_factors_res_recs2020+aeo2026_rdm.xlsx/htg_proj,2032,Heating,Ohio
0.646922788,Residential,shell_factors_res_recs2020+aeo2026_rdm.xlsx/htg_proj,2032,Heating,Oklahoma
0.666715635,Residential,shell_factors_res_recs2020+aeo2026_rdm.xlsx/htg_proj,2032,Heating,Oregon
0.483739273,Residential,shell_factors_res_recs2020+aeo2026_rdm.xlsx/htg_proj,2032,Heating,Pennsylvania
0.496891886,Residential,shell_factors_res_recs2020+aeo2026_rdm.xlsx/htg_proj,2032,Heating,Rhode Island
0.663732054,Residential,shell_factors_res_recs2020+aeo2026_rdm.xlsx/htg_proj,2032,Heating,South Carolina
0.628923259,Residential,shell_factors_res_recs2020+aeo2026_rdm.xlsx/htg_proj,2032,Heating,South Dakota
0.738514344,Residential,shell_factors_res_recs2020+aeo2026_rdm.xlsx/htg_proj,2032,Heating,Tennessee
0.662346769,Residential,shell_factors_res_recs2020+aeo2026_rdm.xlsx/htg_proj,2032,Heating,Texas
0.687673431,Residential,shell_factors_res_recs2020+aeo2026_rdm.xlsx/htg_proj,2032,Heating,Utah
0.486918629,Residential,shell_factors_res_recs2020+aeo2026_rdm.xlsx/htg_proj,2032,Heating,Vermont
0.499627190,Residential,shell_factors_res_recs2020+aeo2026_rdm.xlsx/htg_proj,2032,Heating,Virginia
0.654051998,Residential,shell_factors_res_recs2020+aeo2026_rdm.xlsx/htg_proj,2032,Heating,Washington
0.659743978,Residential,shell_factors_res_recs2020+aeo2026_rdm.xlsx/htg_proj,2032,Heating,West Virginia
0.533526671,Residential,shell_factors_res_recs2020+aeo2026_rdm.xlsx/htg_proj,2032,Heating,Wisconsin
0.511847672,Residential,shell_factors_res_recs2020+aeo2026_rdm.xlsx/htg_proj,2032,Heating,Wyoming
0.665905584,Residential,shell_factors_res_recs2020+aeo2026_rdm.xlsx/htg_proj,2033,Heating,Alabama
0.559037769,Residential,shell_factors_res_recs2020+aeo2026_rdm.xlsx/htg_proj,2033,Heating,Arizona
0.634223057,Residential,shell_factors_res_recs2020+aeo2026_rdm.xlsx/htg_proj,2033,Heating,Arkansas
0.480935684,Residential,shell_factors_res_recs2020+aeo2026_rdm.xlsx/htg_proj,2033,Heating,California
0.665463277,Residential,shell_factors_res_recs2020+aeo2026_rdm.xlsx/htg_proj,2033,Heating,Colorado
0.466276811,Residential,shell_factors_res_recs2020+aeo2026_rdm.xlsx/htg_proj,2033,Heating,Connecticut
0.554654398,Residential,shell_factors_res_recs2020+aeo2026_rdm.xlsx/htg_proj,2033,Heating,Delaware
0.374057451,Residential,shell_factors_res_recs2020+aeo2026_rdm.xlsx/htg_proj,2033,Heating,District of Columbia
0.447884435,Residential,shell_factors_res_recs2020+aeo2026_rdm.xlsx/htg_proj,2033,Heating,Florida
0.606468086,Residential,shell_factors_res_recs2020+aeo2026_rdm.xlsx/htg_proj,2033,Heating,Georgia
0.718241131,Residential,shell_factors_res_recs2020+aeo2026_rdm.xlsx/htg_proj,2033,Heating,Idaho
0.601268998,Residential,shell_factors_res_recs2020+aeo2026_rdm.xlsx/htg_proj,2033,Heating,Illinois
0.642002425,Residential,shell_factors_res_recs2020+aeo2026_rdm.xlsx/htg_proj,2033,Heating,Indiana
0.494215564,Residential,shell_factors_res_recs2020+aeo2026_rdm.xlsx/htg_proj,2033,Heating,Iowa
0.737224623,Residential,shell_factors_res_recs2020+aeo2026_rdm.xlsx/htg_proj,2033,Heating,Kansas
0.628093047,Residential,shell_factors_res_recs2020+aeo2026_rdm.xlsx/htg_proj,2033,Heating,Kentucky
0.507685541,Residential,shell_factors_res_recs2020+aeo2026_rdm.xlsx/htg_proj,2033,Heating,Louisiana
0.466307555,Residential,shell_factors_res_recs2020+aeo2026_rdm.xlsx/htg_proj,2033,Heating,Maine
0.515627091,Residential,shell_factors_res_recs2020+aeo2026_rdm.xlsx/htg_proj,2033,Heating,Maryland
0.410918835,Residential,shell_factors_res_recs2020+aeo2026_rdm.xlsx/htg_proj,2033,Heating,Massachusetts
0.670427339,Residential,shell_factors_res_recs2020+aeo2026_rdm.xlsx/htg_proj,2033,Heating,Michigan
0.580212308,Residential,shell_factors_res_recs2020+aeo2026_rdm.xlsx/htg_proj,2033,Heating,Minnesota
0.623985952,Residential,shell_factors_res_recs2020+aeo2026_rdm.xlsx/htg_proj,2033,Heating,Mississippi
0.689627494,Residential,shell_factors_res_recs2020+aeo2026_rdm.xlsx/htg_proj,2033,Heating,Missouri
0.597003129,Residential,shell_factors_res_recs2020+aeo2026_rdm.xlsx/htg_proj,2033,Heating,Montana
0.543501394,Residential,shell_factors_res_recs2020+aeo2026_rdm.xlsx/htg_proj,2033,Heating,Nebraska
0.612091673,Residential,shell_factors_res_recs2020+aeo2026_rdm.xlsx/htg_proj,2033,Heating,Nevada
0.403518080,Residential,shell_factors_res_recs2020+aeo2026_rdm.xlsx/htg_proj,2033,Heating,New Hampshire
0.579278440,Residential,shell_factors_res_recs2020+aeo2026_rdm.xlsx/htg_proj,2033,Heating,New Jersey
0.471073874,Residential,shell_factors_res_recs2020+aeo2026_rdm.xlsx/htg_proj,2033,Heating,New Mexico
0.552969103,Residential,shell_factors_res_recs2020+aeo2026_rdm.xlsx/htg_proj,2033,Heating,New York
0.558589600,Residential,shell_factors_res_recs2020+aeo2026_rdm.xlsx/htg_proj,2033,Heating,North Carolina
0.640860877,Residential,shell_factors_res_recs2020+aeo2026_rdm.xlsx/htg_proj,2033,Heating,North Dakota
0.455678829,Residential,shell_factors_res_recs2020+aeo2026_rdm.xlsx/htg_proj,2033,Heating,Ohio
0.646346825,Residential,shell_factors_res_recs2020+aeo2026_rdm.xlsx/htg_proj,2033,Heating,Oklahoma
0.666122051,Residential,shell_factors_res_recs2020+aeo2026_rdm.xlsx/htg_proj,2033,Heating,Oregon
0.483308594,Residential,shell_factors_res_recs2020+aeo2026_rdm.xlsx/htg_proj,2033,Heating,Pennsylvania
0.496449498,Residential,shell_factors_res_recs2020+aeo2026_rdm.xlsx/htg_proj,2033,Heating,Rhode Island
0.663141125,Residential,shell_factors_res_recs2020+aeo2026_rdm.xlsx/htg_proj,2033,Heating,South Carolina
0.628363321,Residential,shell_factors_res_recs2020+aeo2026_rdm.xlsx/htg_proj,2033,Heating,South Dakota
0.737856836,Residential,shell_factors_res_recs2020+aeo2026_rdm.xlsx/htg_proj,2033,Heating,Tennessee
0.661757074,Residential,shell_factors_res_recs2020+aeo2026_rdm.xlsx/htg_proj,2033,Heating,Texas
0.687061187,Residential,shell_factors_res_recs2020+aeo2026_rdm.xlsx/htg_proj,2033,Heating,Utah
0.486485120,Residential,shell_factors_res_recs2020+aeo2026_rdm.xlsx/htg_proj,2033,Heating,Vermont
0.499182367,Residential,shell_factors_res_recs2020+aeo2026_rdm.xlsx/htg_proj,2033,Heating,Virginia
0.653469688,Residential,shell_factors_res_recs2020+aeo2026_rdm.xlsx/htg_proj,2033,Heating,Washington
0.659156600,Residential,shell_factors_res_recs2020+aeo2026_rdm.xlsx/htg_proj,2033,Heating,West Virginia
0.533051666,Residential,shell_factors_res_recs2020+aeo2026_rdm.xlsx/htg_proj,2033,Heating,Wisconsin
0.511391968,Residential,shell_factors_res_recs2020+aeo2026_rdm.xlsx/htg_proj,2033,Heating,Wyoming
0.665095673,Residential,shell_factors_res_recs2020+aeo2026_rdm.xlsx/htg_proj,2034,Heating,Alabama
0.558357836,Residential,shell_factors_res_recs2020+aeo2026_rdm.xlsx/htg_proj,2034,Heating,Arizona
0.633451680,Residential,shell_factors_res_recs2020+aeo2026_rdm.xlsx/htg_proj,2034,Heating,Arkansas
0.480350743,Residential,shell_factors_res_recs2020+aeo2026_rdm.xlsx/htg_proj,2034,Heating,California
0.664653904,Residential,shell_factors_res_recs2020+aeo2026_rdm.xlsx/htg_proj,2034,Heating,Colorado
0.465709699,Residential,shell_factors_res_recs2020+aeo2026_rdm.xlsx/htg_proj,2034,Heating,Connecticut
0.553979796,Residential,shell_factors_res_recs2020+aeo2026_rdm.xlsx/htg_proj,2034,Heating,Delaware
0.373602502,Residential,shell_factors_res_recs2020+aeo2026_rdm.xlsx/htg_proj,2034,Heating,District of Columbia
0.447339693,Residential,shell_factors_res_recs2020+aeo2026_rdm.xlsx/htg_proj,2034,Heating,Florida
0.605730466,Residential,shell_factors_res_recs2020+aeo2026_rdm.xlsx/htg_proj,2034,Heating,Georgia
0.717367566,Residential,shell_factors_res_recs2020+aeo2026_rdm.xlsx/htg_proj,2034,Heating,Idaho
0.600537702,Residential,shell_factors_res_recs2020+aeo2026_rdm.xlsx/htg_proj,2034,Heating,Illinois
0.641221586,Residential,shell_factors_res_recs2020+aeo2026_rdm.xlsx/htg_proj,2034,Heating,Indiana
0.493614471,Residential,shell_factors_res_recs2020+aeo2026_rdm.xlsx/htg_proj,2034,Heating,Iowa
0.736327970,Residential,shell_factors_res_recs2020+aeo2026_rdm.xlsx/htg_proj,2034,Heating,Kansas
0.627329125,Residential,shell_factors_res_recs2020+aeo2026_rdm.xlsx/htg_proj,2034,Heating,Kentucky
0.507068066,Residential,shell_factors_res_recs2020+aeo2026_rdm.xlsx/htg_proj,2034,Heating,Louisiana
0.465740406,Residential,shell_factors_res_recs2020+aeo2026_rdm.xlsx/htg_proj,2034,Heating,Maine
0.514999957,Residential,shell_factors_res_recs2020+aeo2026_rdm.xlsx/htg_proj,2034,Heating,Maryland
0.410419053,Residential,shell_factors_res_recs2020+aeo2026_rdm.xlsx/htg_proj,2034,Heating,Massachusetts
0.669611928,Residential,shell_factors_res_recs2020+aeo2026_rdm.xlsx/htg_proj,2034,Heating,Michigan
0.579506622,Residential,shell_factors_res_recs2020+aeo2026_rdm.xlsx/htg_proj,2034,Heating,Minnesota
0.623227026,Residential,shell_factors_res_recs2020+aeo2026_rdm.xlsx/htg_proj,2034,Heating,Mississippi
0.688788731,Residential,shell_factors_res_recs2020+aeo2026_rdm.xlsx/htg_proj,2034,Heating,Missouri
0.596277021,Residential,shell_factors_res_recs2020+aeo2026_rdm.xlsx/htg_proj,2034,Heating,Montana
0.542840357,Residential,shell_factors_res_recs2020+aeo2026_rdm.xlsx/htg_proj,2034,Heating,Nebraska
0.611347213,Residential,shell_factors_res_recs2020+aeo2026_rdm.xlsx/htg_proj,2034,Heating,Nevada
0.403027299,Residential,shell_factors_res_recs2020+aeo2026_rdm.xlsx/htg_proj,2034,Heating,New Hampshire
0.578573889,Residential,shell_factors_res_recs2020+aeo2026_rdm.xlsx/htg_proj,2034,Heating,New Jersey
0.470500928,Residential,shell_factors_res_recs2020+aeo2026_rdm.xlsx/htg_proj,2034,Heating,New Mexico
0.552296552,Residential,shell_factors_res_recs2020+aeo2026_rdm.xlsx/htg_proj,2034,Heating,New York
0.557910213,Residential,shell_factors_res_recs2020+aeo2026_rdm.xlsx/htg_proj,2034,Heating,North Carolina
0.640081426,Residential,shell_factors_res_recs2020+aeo2026_rdm.xlsx/htg_proj,2034,Heating,North Dakota
0.455124607,Residential,shell_factors_res_recs2020+aeo2026_rdm.xlsx/htg_proj,2034,Heating,Ohio
0.645560702,Residential,shell_factors_res_recs2020+aeo2026_rdm.xlsx/htg_proj,2034,Heating,Oklahoma
0.665311876,Residential,shell_factors_res_recs2020+aeo2026_rdm.xlsx/htg_proj,2034,Heating,Oregon
0.482720768,Residential,shell_factors_res_recs2020+aeo2026_rdm.xlsx/htg_proj,2034,Heating,Pennsylvania
0.495845688,Residential,shell_factors_res_recs2020+aeo2026_rdm.xlsx/htg_proj,2034,Heating,Rhode Island
0.662334577,Residential,shell_factors_res_recs2020+aeo2026_rdm.xlsx/htg_proj,2034,Heating,South Carolina
0.627599071,Residential,shell_factors_res_recs2020+aeo2026_rdm.xlsx/htg_proj,2034,Heating,South Dakota
0.736959413,Residential,shell_factors_res_recs2020+aeo2026_rdm.xlsx/htg_proj,2034,Heating,Tennessee
0.660952208,Residential,shell_factors_res_recs2020+aeo2026_rdm.xlsx/htg_proj,2034,Heating,Texas
0.686225545,Residential,shell_factors_res_recs2020+aeo2026_rdm.xlsx/htg_proj,2034,Heating,Utah
0.485893430,Residential,shell_factors_res_recs2020+aeo2026_rdm.xlsx/htg_proj,2034,Heating,Vermont
0.498575233,Residential,shell_factors_res_recs2020+aeo2026_rdm.xlsx/htg_proj,2034,Heating,Virginia
0.652674902,Residential,shell_factors_res_recs2020+aeo2026_rdm.xlsx/htg_proj,2034,Heating,Washington
0.658354897,Residential,shell_factors_res_recs2020+aeo2026_rdm.xlsx/htg_proj,2034,Heating,West Virginia
0.532403339,Residential,shell_factors_res_recs2020+aeo2026_rdm.xlsx/htg_proj,2034,Heating,Wisconsin
0.510769985,Residential,shell_factors_res_recs2020+aeo2026_rdm.xlsx/htg_proj,2034,Heating,Wyoming
0.664568401,Residential,shell_factors_res_recs2020+aeo2026_rdm.xlsx/htg_proj,2035,Heating,Alabama
0.557915184,Residential,shell_factors_res_recs2020+aeo2026_rdm.xlsx/htg_proj,2035,Heating,Arizona
0.632949495,Residential,shell_factors_res_recs2020+aeo2026_rdm.xlsx/htg_proj,2035,Heating,Arkansas
0.479969933,Residential,shell_factors_res_recs2020+aeo2026_rdm.xlsx/htg_proj,2035,Heating,California
0.664126983,Residential,shell_factors_res_recs2020+aeo2026_rdm.xlsx/htg_proj,2035,Heating,Colorado
0.465340496,Residential,shell_factors_res_recs2020+aeo2026_rdm.xlsx/htg_proj,2035,Heating,Connecticut
0.553540615,Residential,shell_factors_res_recs2020+aeo2026_rdm.xlsx/htg_proj,2035,Heating,Delaware
0.373306319,Residential,shell_factors_res_recs2020+aeo2026_rdm.xlsx/htg_proj,2035,Heating,District of Columbia
0.446985053,Residential,shell_factors_res_recs2020+aeo2026_rdm.xlsx/htg_proj,2035,Heating,Florida
0.605250258,Residential,shell_factors_res_recs2020+aeo2026_rdm.xlsx/htg_proj,2035,Heating,Georgia
0.716798855,Residential,shell_factors_res_recs2020+aeo2026_rdm.xlsx/htg_proj,2035,Heating,Idaho
0.600061610,Residential,shell_factors_res_recs2020+aeo2026_rdm.xlsx/htg_proj,2035,Heating,Illinois
0.640713241,Residential,shell_factors_res_recs2020+aeo2026_rdm.xlsx/htg_proj,2035,Heating,Indiana
0.493223146,Residential,shell_factors_res_recs2020+aeo2026_rdm.xlsx/htg_proj,2035,Heating,Iowa
0.735744227,Residential,shell_factors_res_recs2020+aeo2026_rdm.xlsx/htg_proj,2035,Heating,Kansas
0.626831794,Residential,shell_factors_res_recs2020+aeo2026_rdm.xlsx/htg_proj,2035,Heating,Kentucky
0.506666074,Residential,shell_factors_res_recs2020+aeo2026_rdm.xlsx/htg_proj,2035,Heating,Louisiana
0.465371178,Residential,shell_factors_res_recs2020+aeo2026_rdm.xlsx/htg_proj,2035,Heating,Maine
0.514591677,Residential,shell_factors_res_recs2020+aeo2026_rdm.xlsx/htg_proj,2035,Heating,Maryland
0.410093683,Residential,shell_factors_res_recs2020+aeo2026_rdm.xlsx/htg_proj,2035,Heating,Massachusetts
0.669081077,Residential,shell_factors_res_recs2020+aeo2026_rdm.xlsx/htg_proj,2035,Heating,Michigan
0.579047204,Residential,shell_factors_res_recs2020+aeo2026_rdm.xlsx/htg_proj,2035,Heating,Minnesota
0.622732947,Residential,shell_factors_res_recs2020+aeo2026_rdm.xlsx/htg_proj,2035,Heating,Mississippi
0.688242676,Residential,shell_factors_res_recs2020+aeo2026_rdm.xlsx/htg_proj,2035,Heating,Missouri
0.595804307,Residential,shell_factors_res_recs2020+aeo2026_rdm.xlsx/htg_proj,2035,Heating,Montana
0.542410007,Residential,shell_factors_res_recs2020+aeo2026_rdm.xlsx/htg_proj,2035,Heating,Nebraska
0.610862552,Residential,shell_factors_res_recs2020+aeo2026_rdm.xlsx/htg_proj,2035,Heating,Nevada
0.402707789,Residential,shell_factors_res_recs2020+aeo2026_rdm.xlsx/htg_proj,2035,Heating,New Hampshire
0.578115210,Residential,shell_factors_res_recs2020+aeo2026_rdm.xlsx/htg_proj,2035,Heating,New Jersey
0.470127926,Residential,shell_factors_res_recs2020+aeo2026_rdm.xlsx/htg_proj,2035,Heating,New Mexico
0.551858704,Residential,shell_factors_res_recs2020+aeo2026_rdm.xlsx/htg_proj,2035,Heating,New York
0.557467915,Residential,shell_factors_res_recs2020+aeo2026_rdm.xlsx/htg_proj,2035,Heating,North Carolina
0.639573985,Residential,shell_factors_res_recs2020+aeo2026_rdm.xlsx/htg_proj,2035,Heating,North Dakota
0.454763796,Residential,shell_factors_res_recs2020+aeo2026_rdm.xlsx/htg_proj,2035,Heating,Ohio
0.645048918,Residential,shell_factors_res_recs2020+aeo2026_rdm.xlsx/htg_proj,2035,Heating,Oklahoma
0.664784433,Residential,shell_factors_res_recs2020+aeo2026_rdm.xlsx/htg_proj,2035,Heating,Oregon
0.482338079,Residential,shell_factors_res_recs2020+aeo2026_rdm.xlsx/htg_proj,2035,Heating,Pennsylvania
0.495452594,Residential,shell_factors_res_recs2020+aeo2026_rdm.xlsx/htg_proj,2035,Heating,Rhode Island
0.661809494,Residential,shell_factors_res_recs2020+aeo2026_rdm.xlsx/htg_proj,2035,Heating,South Carolina
0.627101526,Residential,shell_factors_res_recs2020+aeo2026_rdm.xlsx/htg_proj,2035,Heating,South Dakota
0.736375170,Residential,shell_factors_res_recs2020+aeo2026_rdm.xlsx/htg_proj,2035,Heating,Tennessee
0.660428222,Residential,shell_factors_res_recs2020+aeo2026_rdm.xlsx/htg_proj,2035,Heating,Texas
0.685681523,Residential,shell_factors_res_recs2020+aeo2026_rdm.xlsx/htg_proj,2035,Heating,Utah
0.485508225,Residential,shell_factors_res_recs2020+aeo2026_rdm.xlsx/htg_proj,2035,Heating,Vermont
0.498179975,Residential,shell_factors_res_recs2020+aeo2026_rdm.xlsx/htg_proj,2035,Heating,Virginia
0.652157478,Residential,shell_factors_res_recs2020+aeo2026_rdm.xlsx/htg_proj,2035,Heating,Washington
0.657832969,Residential,shell_factors_res_recs2020+aeo2026_rdm.xlsx/htg_proj,2035,Heating,West Virginia
0.531981262,Residential,shell_factors_res_recs2020+aeo2026_rdm.xlsx/htg_proj,2035,Heating,Wisconsin
0.510365059,Residential,shell_factors_res_recs2020+aeo2026_rdm.xlsx/htg_proj,2035,Heating,Wyoming
0.664079777,Residential,shell_factors_res_recs2020+aeo2026_rdm.xlsx/htg_proj,2036,Heating,Alabama
0.557504976,Residential,shell_factors_res_recs2020+aeo2026_rdm.xlsx/htg_proj,2036,Heating,Arizona
0.632484118,Residential,shell_factors_res_recs2020+aeo2026_rdm.xlsx/htg_proj,2036,Heating,Arkansas
0.479617035,Residential,shell_factors_res_recs2020+aeo2026_rdm.xlsx/htg_proj,2036,Heating,California
0.663638683,Residential,shell_factors_res_recs2020+aeo2026_rdm.xlsx/htg_proj,2036,Heating,Colorado
0.464998354,Residential,shell_factors_res_recs2020+aeo2026_rdm.xlsx/htg_proj,2036,Heating,Connecticut
0.553133624,Residential,shell_factors_res_recs2020+aeo2026_rdm.xlsx/htg_proj,2036,Heating,Delaware
0.373031845,Residential,shell_factors_res_recs2020+aeo2026_rdm.xlsx/htg_proj,2036,Heating,District of Columbia
0.446656407,Residential,shell_factors_res_recs2020+aeo2026_rdm.xlsx/htg_proj,2036,Heating,Florida
0.604805247,Residential,shell_factors_res_recs2020+aeo2026_rdm.xlsx/htg_proj,2036,Heating,Georgia
0.716271828,Residential,shell_factors_res_recs2020+aeo2026_rdm.xlsx/htg_proj,2036,Heating,Idaho
0.599620415,Residential,shell_factors_res_recs2020+aeo2026_rdm.xlsx/htg_proj,2036,Heating,Illinois
0.640242156,Residential,shell_factors_res_recs2020+aeo2026_rdm.xlsx/htg_proj,2036,Heating,Indiana
0.492860503,Residential,shell_factors_res_recs2020+aeo2026_rdm.xlsx/htg_proj,2036,Heating,Iowa
0.735203271,Residential,shell_factors_res_recs2020+aeo2026_rdm.xlsx/htg_proj,2036,Heating,Kansas
0.626370916,Residential,shell_factors_res_recs2020+aeo2026_rdm.xlsx/htg_proj,2036,Heating,Kentucky
0.506293548,Residential,shell_factors_res_recs2020+aeo2026_rdm.xlsx/htg_proj,2036,Heating,Louisiana
0.465029014,Residential,shell_factors_res_recs2020+aeo2026_rdm.xlsx/htg_proj,2036,Heating,Maine
0.514213324,Residential,shell_factors_res_recs2020+aeo2026_rdm.xlsx/htg_proj,2036,Heating,Maryland
0.409792161,Residential,shell_factors_res_recs2020+aeo2026_rdm.xlsx/htg_proj,2036,Heating,Massachusetts
0.668589134,Residential,shell_factors_res_recs2020+aeo2026_rdm.xlsx/htg_proj,2036,Heating,Michigan
0.578621459,Residential,shell_factors_res_recs2020+aeo2026_rdm.xlsx/htg_proj,2036,Heating,Minnesota
0.622275082,Residential,shell_factors_res_recs2020+aeo2026_rdm.xlsx/htg_proj,2036,Heating,Mississippi
0.687736646,Residential,shell_factors_res_recs2020+aeo2026_rdm.xlsx/htg_proj,2036,Heating,Missouri
0.595366242,Residential,shell_factors_res_recs2020+aeo2026_rdm.xlsx/htg_proj,2036,Heating,Montana
0.542011200,Residential,shell_factors_res_recs2020+aeo2026_rdm.xlsx/htg_proj,2036,Heating,Nebraska
0.610413415,Residential,shell_factors_res_recs2020+aeo2026_rdm.xlsx/htg_proj,2036,Heating,Nevada
0.402411698,Residential,shell_factors_res_recs2020+aeo2026_rdm.xlsx/htg_proj,2036,Heating,New Hampshire
0.577690151,Residential,shell_factors_res_recs2020+aeo2026_rdm.xlsx/htg_proj,2036,Heating,New Jersey
0.469782264,Residential,shell_factors_res_recs2020+aeo2026_rdm.xlsx/htg_proj,2036,Heating,New Mexico
0.551452950,Residential,shell_factors_res_recs2020+aeo2026_rdm.xlsx/htg_proj,2036,Heating,New York
0.557058037,Residential,shell_factors_res_recs2020+aeo2026_rdm.xlsx/htg_proj,2036,Heating,North Carolina
0.639103738,Residential,shell_factors_res_recs2020+aeo2026_rdm.xlsx/htg_proj,2036,Heating,North Dakota
0.454429431,Residential,shell_factors_res_recs2020+aeo2026_rdm.xlsx/htg_proj,2036,Heating,Ohio
0.644574645,Residential,shell_factors_res_recs2020+aeo2026_rdm.xlsx/htg_proj,2036,Heating,Oklahoma
0.664295650,Residential,shell_factors_res_recs2020+aeo2026_rdm.xlsx/htg_proj,2036,Heating,Oregon
0.481983439,Residential,shell_factors_res_recs2020+aeo2026_rdm.xlsx/htg_proj,2036,Heating,Pennsylvania
0.495088312,Residential,shell_factors_res_recs2020+aeo2026_rdm.xlsx/htg_proj,2036,Heating,Rhode Island
0.661322898,Residential,shell_factors_res_recs2020+aeo2026_rdm.xlsx/htg_proj,2036,Heating,South Carolina
0.626640449,Residential,shell_factors_res_recs2020+aeo2026_rdm.xlsx/htg_proj,2036,Heating,South Dakota
0.735833750,Residential,shell_factors_res_recs2020+aeo2026_rdm.xlsx/htg_proj,2036,Heating,Tennessee
0.659942642,Residential,shell_factors_res_recs2020+aeo2026_rdm.xlsx/htg_proj,2036,Heating,Texas
0.685177375,Residential,shell_factors_res_recs2020+aeo2026_rdm.xlsx/htg_proj,2036,Heating,Utah
0.485151255,Residential,shell_factors_res_recs2020+aeo2026_rdm.xlsx/htg_proj,2036,Heating,Vermont
0.497813688,Residential,shell_factors_res_recs2020+aeo2026_rdm.xlsx/htg_proj,2036,Heating,Virginia
0.651677979,Residential,shell_factors_res_recs2020+aeo2026_rdm.xlsx/htg_proj,2036,Heating,Washington
0.657349297,Residential,shell_factors_res_recs2020+aeo2026_rdm.xlsx/htg_proj,2036,Heating,West Virginia
0.531590123,Residential,shell_factors_res_recs2020+aeo2026_rdm.xlsx/htg_proj,2036,Heating,Wisconsin
0.509989813,Residential,shell_factors_res_recs2020+aeo2026_rdm.xlsx/htg_proj,2036,Heating,Wyoming
0.658681937,Residential,shell_factors_res_recs2020+aeo2026_rdm.xlsx/htg_proj,2037,Heating,Alabama
0.552973409,Residential,shell_factors_res_recs2020+aeo2026_rdm.xlsx/htg_proj,2037,Heating,Arizona
0.627343097,Residential,shell_factors_res_recs2020+aeo2026_rdm.xlsx/htg_proj,2037,Heating,Arkansas
0.475718564,Residential,shell_factors_res_recs2020+aeo2026_rdm.xlsx/htg_proj,2037,Heating,California
0.658244429,Residential,shell_factors_res_recs2020+aeo2026_rdm.xlsx/htg_proj,2037,Heating,Colorado
0.461218708,Residential,shell_factors_res_recs2020+aeo2026_rdm.xlsx/htg_proj,2037,Heating,Connecticut
0.548637588,Residential,shell_factors_res_recs2020+aeo2026_rdm.xlsx/htg_proj,2037,Heating,Delaware
0.369999730,Residential,shell_factors_res_recs2020+aeo2026_rdm.xlsx/htg_proj,2037,Heating,District of Columbia
0.443025850,Residential,shell_factors_res_recs2020+aeo2026_rdm.xlsx/htg_proj,2037,Heating,Florida
0.599889209,Residential,shell_factors_res_recs2020+aeo2026_rdm.xlsx/htg_proj,2037,Heating,Georgia
0.710449756,Residential,shell_factors_res_recs2020+aeo2026_rdm.xlsx/htg_proj,2037,Heating,Idaho
0.594746520,Residential,shell_factors_res_recs2020+aeo2026_rdm.xlsx/htg_proj,2037,Heating,Illinois
0.635038076,Residential,shell_factors_res_recs2020+aeo2026_rdm.xlsx/htg_proj,2037,Heating,Indiana
0.488854385,Residential,shell_factors_res_recs2020+aeo2026_rdm.xlsx/htg_proj,2037,Heating,Iowa
0.729227318,Residential,shell_factors_res_recs2020+aeo2026_rdm.xlsx/htg_proj,2037,Heating,Kansas
0.621279585,Residential,shell_factors_res_recs2020+aeo2026_rdm.xlsx/htg_proj,2037,Heating,Kentucky
0.502178242,Residential,shell_factors_res_recs2020+aeo2026_rdm.xlsx/htg_proj,2037,Heating,Louisiana
0.461249118,Residential,shell_factors_res_recs2020+aeo2026_rdm.xlsx/htg_proj,2037,Heating,Maine
0.510033643,Residential,shell_factors_res_recs2020+aeo2026_rdm.xlsx/htg_proj,2037,Heating,Maryland
0.406461247,Residential,shell_factors_res_recs2020+aeo2026_rdm.xlsx/htg_proj,2037,Heating,Massachusetts
0.663154641,Residential,shell_factors_res_recs2020+aeo2026_rdm.xlsx/htg_proj,2037,Heating,Michigan
0.573918250,Residential,shell_factors_res_recs2020+aeo2026_rdm.xlsx/htg_proj,2037,Heating,Minnesota
0.617217044,Residential,shell_factors_res_recs2020+aeo2026_rdm.xlsx/htg_proj,2037,Heating,Mississippi
0.682146516,Residential,shell_factors_res_recs2020+aeo2026_rdm.xlsx/htg_proj,2037,Heating,Missouri
0.590526926,Residential,shell_factors_res_recs2020+aeo2026_rdm.xlsx/htg_proj,2037,Heating,Montana
0.537605570,Residential,shell_factors_res_recs2020+aeo2026_rdm.xlsx/htg_proj,2037,Heating,Nebraska
0.605451792,Residential,shell_factors_res_recs2020+aeo2026_rdm.xlsx/htg_proj,2037,Heating,Nevada
0.399140775,Residential,shell_factors_res_recs2020+aeo2026_rdm.xlsx/htg_proj,2037,Heating,New Hampshire
0.572994512,Residential,shell_factors_res_recs2020+aeo2026_rdm.xlsx/htg_proj,2037,Heating,New Jersey
0.465963733,Residential,shell_factors_res_recs2020+aeo2026_rdm.xlsx/htg_proj,2037,Heating,New Mexico
0.546970575,Residential,shell_factors_res_recs2020+aeo2026_rdm.xlsx/htg_proj,2037,Heating,New York
0.552530102,Residential,shell_factors_res_recs2020+aeo2026_rdm.xlsx/htg_proj,2037,Heating,North Carolina
0.633908911,Residential,shell_factors_res_recs2020+aeo2026_rdm.xlsx/htg_proj,2037,Heating,North Dakota
0.450735692,Residential,shell_factors_res_recs2020+aeo2026_rdm.xlsx/htg_proj,2037,Heating,Ohio
0.639335349,Residential,shell_factors_res_recs2020+aeo2026_rdm.xlsx/htg_proj,2037,Heating,Oklahoma
0.658896056,Residential,shell_factors_res_recs2020+aeo2026_rdm.xlsx/htg_proj,2037,Heating,Oregon
0.478065733,Residential,shell_factors_res_recs2020+aeo2026_rdm.xlsx/htg_proj,2037,Heating,Pennsylvania
0.491064086,Residential,shell_factors_res_recs2020+aeo2026_rdm.xlsx/htg_proj,2037,Heating,Rhode Island
0.655947467,Residential,shell_factors_res_recs2020+aeo2026_rdm.xlsx/htg_proj,2037,Heating,South Carolina
0.621546928,Residential,shell_factors_res_recs2020+aeo2026_rdm.xlsx/htg_proj,2037,Heating,South Dakota
0.729852672,Residential,shell_factors_res_recs2020+aeo2026_rdm.xlsx/htg_proj,2037,Heating,Tennessee
0.654578430,Residential,shell_factors_res_recs2020+aeo2026_rdm.xlsx/htg_proj,2037,Heating,Texas
0.679608048,Residential,shell_factors_res_recs2020+aeo2026_rdm.xlsx/htg_proj,2037,Heating,Utah
0.481207800,Residential,shell_factors_res_recs2020+aeo2026_rdm.xlsx/htg_proj,2037,Heating,Vermont
0.493767309,Residential,shell_factors_res_recs2020+aeo2026_rdm.xlsx/htg_proj,2037,Heating,Virginia
0.646380944,Residential,shell_factors_res_recs2020+aeo2026_rdm.xlsx/htg_proj,2037,Heating,Washington
0.652006165,Residential,shell_factors_res_recs2020+aeo2026_rdm.xlsx/htg_proj,2037,Heating,West Virginia
0.527269199,Residential,shell_factors_res_recs2020+aeo2026_rdm.xlsx/htg_proj,2037,Heating,Wisconsin
0.505844463,Residential,shell_factors_res_recs2020+aeo2026_rdm.xlsx/htg_proj,2037,Heating,Wyoming
0.655703737,Residential,shell_factors_res_recs2020+aeo2026_rdm.xlsx/htg_proj,2038,Heating,Alabama
0.550473165,Residential,shell_factors_res_recs2020+aeo2026_rdm.xlsx/htg_proj,2038,Heating,Arizona
0.624506595,Residential,shell_factors_res_recs2020+aeo2026_rdm.xlsx/htg_proj,2038,Heating,Arkansas
0.473567624,Residential,shell_factors_res_recs2020+aeo2026_rdm.xlsx/htg_proj,2038,Heating,California
0.655268207,Residential,shell_factors_res_recs2020+aeo2026_rdm.xlsx/htg_proj,2038,Heating,Colorado
0.459133329,Residential,shell_factors_res_recs2020+aeo2026_rdm.xlsx/htg_proj,2038,Heating,Connecticut
0.546156948,Residential,shell_factors_res_recs2020+aeo2026_rdm.xlsx/htg_proj,2038,Heating,Delaware
0.368326794,Residential,shell_factors_res_recs2020+aeo2026_rdm.xlsx/htg_proj,2038,Heating,District of Columbia
0.441022729,Residential,shell_factors_res_recs2020+aeo2026_rdm.xlsx/htg_proj,2038,Heating,Florida
0.597176837,Residential,shell_factors_res_recs2020+aeo2026_rdm.xlsx/htg_proj,2038,Heating,Georgia
0.707237490,Residential,shell_factors_res_recs2020+aeo2026_rdm.xlsx/htg_proj,2038,Heating,Idaho
0.592057401,Residential,shell_factors_res_recs2020+aeo2026_rdm.xlsx/htg_proj,2038,Heating,Illinois
0.632166781,Residential,shell_factors_res_recs2020+aeo2026_rdm.xlsx/htg_proj,2038,Heating,Indiana
0.486644053,Residential,shell_factors_res_recs2020+aeo2026_rdm.xlsx/htg_proj,2038,Heating,Iowa
0.725930150,Residential,shell_factors_res_recs2020+aeo2026_rdm.xlsx/htg_proj,2038,Heating,Kansas
0.618470498,Residential,shell_factors_res_recs2020+aeo2026_rdm.xlsx/htg_proj,2038,Heating,Kentucky
0.499907666,Residential,shell_factors_res_recs2020+aeo2026_rdm.xlsx/htg_proj,2038,Heating,Louisiana
0.459163602,Residential,shell_factors_res_recs2020+aeo2026_rdm.xlsx/htg_proj,2038,Heating,Maine
0.507727550,Residential,shell_factors_res_recs2020+aeo2026_rdm.xlsx/htg_proj,2038,Heating,Maryland
0.404623452,Residential,shell_factors_res_recs2020+aeo2026_rdm.xlsx/htg_proj,2038,Heating,Massachusetts
0.660156218,Residential,shell_factors_res_recs2020+aeo2026_rdm.xlsx/htg_proj,2038,Heating,Michigan
0.571323305,Residential,shell_factors_res_recs2020+aeo2026_rdm.xlsx/htg_proj,2038,Heating,Minnesota
0.614426325,Residential,shell_factors_res_recs2020+aeo2026_rdm.xlsx/htg_proj,2038,Heating,Mississippi
0.679062222,Residential,shell_factors_res_recs2020+aeo2026_rdm.xlsx/htg_proj,2038,Heating,Missouri
0.587856886,Residential,shell_factors_res_recs2020+aeo2026_rdm.xlsx/htg_proj,2038,Heating,Montana
0.535174811,Residential,shell_factors_res_recs2020+aeo2026_rdm.xlsx/htg_proj,2038,Heating,Nebraska
0.602714269,Residential,shell_factors_res_recs2020+aeo2026_rdm.xlsx/htg_proj,2038,Heating,Nevada
0.397336078,Residential,shell_factors_res_recs2020+aeo2026_rdm.xlsx/htg_proj,2038,Heating,New Hampshire
0.570403743,Residential,shell_factors_res_recs2020+aeo2026_rdm.xlsx/htg_proj,2038,Heating,New Jersey
0.463856900,Residential,shell_factors_res_recs2020+aeo2026_rdm.xlsx/htg_proj,2038,Heating,New Mexico
0.544497473,Residential,shell_factors_res_recs2020+aeo2026_rdm.xlsx/htg_proj,2038,Heating,New York
0.550031862,Residential,shell_factors_res_recs2020+aeo2026_rdm.xlsx/htg_proj,2038,Heating,North Carolina
0.631042722,Residential,shell_factors_res_recs2020+aeo2026_rdm.xlsx/htg_proj,2038,Heating,North Dakota
0.448697711,Residential,shell_factors_res_recs2020+aeo2026_rdm.xlsx/htg_proj,2038,Heating,Ohio
0.636444624,Residential,shell_factors_res_recs2020+aeo2026_rdm.xlsx/htg_proj,2038,Heating,Oklahoma
0.655916888,Residential,shell_factors_res_recs2020+aeo2026_rdm.xlsx/htg_proj,2038,Heating,Oregon
0.475904181,Residential,shell_factors_res_recs2020+aeo2026_rdm.xlsx/htg_proj,2038,Heating,Pennsylvania
0.488843762,Residential,shell_factors_res_recs2020+aeo2026_rdm.xlsx/htg_proj,2038,Heating,Rhode Island
0.652981631,Residential,shell_factors_res_recs2020+aeo2026_rdm.xlsx/htg_proj,2038,Heating,South Carolina
0.618736632,Residential,shell_factors_res_recs2020+aeo2026_rdm.xlsx/htg_proj,2038,Heating,South Dakota
0.726552677,Residential,shell_factors_res_recs2020+aeo2026_rdm.xlsx/htg_proj,2038,Heating,Tennessee
0.651618784,Residential,shell_factors_res_recs2020+aeo2026_rdm.xlsx/htg_proj,2038,Heating,Texas
0.676535231,Residential,shell_factors_res_recs2020+aeo2026_rdm.xlsx/htg_proj,2038,Heating,Utah
0.479032041,Residential,shell_factors_res_recs2020+aeo2026_rdm.xlsx/htg_proj,2038,Heating,Vermont
0.491534763,Residential,shell_factors_res_recs2020+aeo2026_rdm.xlsx/htg_proj,2038,Heating,Virginia
0.643458363,Residential,shell_factors_res_recs2020+aeo2026_rdm.xlsx/htg_proj,2038,Heating,Washington
0.649058149,Residential,shell_factors_res_recs2020+aeo2026_rdm.xlsx/htg_proj,2038,Heating,West Virginia
0.524885176,Residential,shell_factors_res_recs2020+aeo2026_rdm.xlsx/htg_proj,2038,Heating,Wisconsin
0.503557310,Residential,shell_factors_res_recs2020+aeo2026_rdm.xlsx/htg_proj,2038,Heating,Wyoming
0.653881268,Residential,shell_factors_res_recs2020+aeo2026_rdm.xlsx/htg_proj,2039,Heating,Alabama
0.548943175,Residential,shell_factors_res_recs2020+aeo2026_rdm.xlsx/htg_proj,2039,Heating,Arizona
0.622770835,Residential,shell_factors_res_recs2020+aeo2026_rdm.xlsx/htg_proj,2039,Heating,Arkansas
0.472251386,Residential,shell_factors_res_recs2020+aeo2026_rdm.xlsx/htg_proj,2039,Heating,California
0.653446948,Residential,shell_factors_res_recs2020+aeo2026_rdm.xlsx/htg_proj,2039,Heating,Colorado
0.457857210,Residential,shell_factors_res_recs2020+aeo2026_rdm.xlsx/htg_proj,2039,Heating,Connecticut
0.544638954,Residential,shell_factors_res_recs2020+aeo2026_rdm.xlsx/htg_proj,2039,Heating,Delaware
0.367303063,Residential,shell_factors_res_recs2020+aeo2026_rdm.xlsx/htg_proj,2039,Heating,District of Columbia
0.439796946,Residential,shell_factors_res_recs2020+aeo2026_rdm.xlsx/htg_proj,2039,Heating,Florida
0.595517038,Residential,shell_factors_res_recs2020+aeo2026_rdm.xlsx/htg_proj,2039,Heating,Georgia
0.705271787,Residential,shell_factors_res_recs2020+aeo2026_rdm.xlsx/htg_proj,2039,Heating,Idaho
0.590411831,Residential,shell_factors_res_recs2020+aeo2026_rdm.xlsx/htg_proj,2039,Heating,Illinois
0.630409730,Residential,shell_factors_res_recs2020+aeo2026_rdm.xlsx/htg_proj,2039,Heating,Indiana
0.485291470,Residential,shell_factors_res_recs2020+aeo2026_rdm.xlsx/htg_proj,2039,Heating,Iowa
0.723912493,Residential,shell_factors_res_recs2020+aeo2026_rdm.xlsx/htg_proj,2039,Heating,Kansas
0.616751515,Residential,shell_factors_res_recs2020+aeo2026_rdm.xlsx/htg_proj,2039,Heating,Kentucky
0.498518218,Residential,shell_factors_res_recs2020+aeo2026_rdm.xlsx/htg_proj,2039,Heating,Louisiana
0.457887398,Residential,shell_factors_res_recs2020+aeo2026_rdm.xlsx/htg_proj,2039,Heating,Maine
0.506316367,Residential,shell_factors_res_recs2020+aeo2026_rdm.xlsx/htg_proj,2039,Heating,Maryland
0.403498837,Residential,shell_factors_res_recs2020+aeo2026_rdm.xlsx/htg_proj,2039,Heating,Massachusetts
0.658321374,Residential,shell_factors_res_recs2020+aeo2026_rdm.xlsx/htg_proj,2039,Heating,Michigan
0.569735364,Residential,shell_factors_res_recs2020+aeo2026_rdm.xlsx/htg_proj,2039,Heating,Minnesota
0.612718583,Residential,shell_factors_res_recs2020+aeo2026_rdm.xlsx/htg_proj,2039,Heating,Mississippi
0.677174830,Residential,shell_factors_res_recs2020+aeo2026_rdm.xlsx/htg_proj,2039,Heating,Missouri
0.586222991,Residential,shell_factors_res_recs2020+aeo2026_rdm.xlsx/htg_proj,2039,Heating,Montana
0.533687341,Residential,shell_factors_res_recs2020+aeo2026_rdm.xlsx/htg_proj,2039,Heating,Nebraska
0.601039080,Residential,shell_factors_res_recs2020+aeo2026_rdm.xlsx/htg_proj,2039,Heating,Nevada
0.396231718,Residential,shell_factors_res_recs2020+aeo2026_rdm.xlsx/htg_proj,2039,Heating,New Hampshire
0.568818358,Residential,shell_factors_res_recs2020+aeo2026_rdm.xlsx/htg_proj,2039,Heating,New Jersey
0.462567651,Residential,shell_factors_res_recs2020+aeo2026_rdm.xlsx/htg_proj,2039,Heating,New Mexico
0.542984091,Residential,shell_factors_res_recs2020+aeo2026_rdm.xlsx/htg_proj,2039,Heating,New York
0.548503099,Residential,shell_factors_res_recs2020+aeo2026_rdm.xlsx/htg_proj,2039,Heating,North Carolina
0.629288795,Residential,shell_factors_res_recs2020+aeo2026_rdm.xlsx/htg_proj,2039,Heating,North Dakota
0.447450596,Residential,shell_factors_res_recs2020+aeo2026_rdm.xlsx/htg_proj,2039,Heating,Ohio
0.634675684,Residential,shell_factors_res_recs2020+aeo2026_rdm.xlsx/htg_proj,2039,Heating,Oklahoma
0.654093826,Residential,shell_factors_res_recs2020+aeo2026_rdm.xlsx/htg_proj,2039,Heating,Oregon
0.474581449,Residential,shell_factors_res_recs2020+aeo2026_rdm.xlsx/htg_proj,2039,Heating,Pennsylvania
0.487485065,Residential,shell_factors_res_recs2020+aeo2026_rdm.xlsx/htg_proj,2039,Heating,Rhode Island
0.651166728,Residential,shell_factors_res_recs2020+aeo2026_rdm.xlsx/htg_proj,2039,Heating,South Carolina
0.617016910,Residential,shell_factors_res_recs2020+aeo2026_rdm.xlsx/htg_proj,2039,Heating,South Dakota
0.724533290,Residential,shell_factors_res_recs2020+aeo2026_rdm.xlsx/htg_proj,2039,Heating,Tennessee
0.649807668,Residential,shell_factors_res_recs2020+aeo2026_rdm.xlsx/htg_proj,2039,Heating,Texas
0.674654863,Residential,shell_factors_res_recs2020+aeo2026_rdm.xlsx/htg_proj,2039,Heating,Utah
0.477700615,Residential,shell_factors_res_recs2020+aeo2026_rdm.xlsx/htg_proj,2039,Heating,Vermont
0.490168587,Residential,shell_factors_res_recs2020+aeo2026_rdm.xlsx/htg_proj,2039,Heating,Virginia
0.641669929,Residential,shell_factors_res_recs2020+aeo2026_rdm.xlsx/htg_proj,2039,Heating,Washington
0.647254151,Residential,shell_factors_res_recs2020+aeo2026_rdm.xlsx/htg_proj,2039,Heating,West Virginia
0.523426305,Residential,shell_factors_res_recs2020+aeo2026_rdm.xlsx/htg_proj,2039,Heating,Wisconsin
0.502157718,Residential,shell_factors_res_recs2020+aeo2026_rdm.xlsx/htg_proj,2039,Heating,Wyoming
0.651750002,Residential,shell_factors_res_recs2020+aeo2026_rdm.xlsx/htg_proj,2040,Heating,Alabama
0.547153945,Residential,shell_factors_res_recs2020+aeo2026_rdm.xlsx/htg_proj,2040,Heating,Arizona
0.620740971,Residential,shell_factors_res_recs2020+aeo2026_rdm.xlsx/htg_proj,2040,Heating,Arkansas
0.470712126,Residential,shell_factors_res_recs2020+aeo2026_rdm.xlsx/htg_proj,2040,Heating,California
0.651317098,Residential,shell_factors_res_recs2020+aeo2026_rdm.xlsx/htg_proj,2040,Heating,Colorado
0.456364866,Residential,shell_factors_res_recs2020+aeo2026_rdm.xlsx/htg_proj,2040,Heating,Connecticut
0.542863753,Residential,shell_factors_res_recs2020+aeo2026_rdm.xlsx/htg_proj,2040,Heating,Delaware
0.366105872,Residential,shell_factors_res_recs2020+aeo2026_rdm.xlsx/htg_proj,2040,Heating,District of Columbia
0.438363468,Residential,shell_factors_res_recs2020+aeo2026_rdm.xlsx/htg_proj,2040,Heating,Florida
0.593576005,Residential,shell_factors_res_recs2020+aeo2026_rdm.xlsx/htg_proj,2040,Heating,Georgia
0.702973018,Residential,shell_factors_res_recs2020+aeo2026_rdm.xlsx/htg_proj,2040,Heating,Idaho
0.588487438,Residential,shell_factors_res_recs2020+aeo2026_rdm.xlsx/htg_proj,2040,Heating,Illinois
0.628354967,Residential,shell_factors_res_recs2020+aeo2026_rdm.xlsx/htg_proj,2040,Heating,Indiana
0.483709707,Residential,shell_factors_res_recs2020+aeo2026_rdm.xlsx/htg_proj,2040,Heating,Iowa
0.721552967,Residential,shell_factors_res_recs2020+aeo2026_rdm.xlsx/htg_proj,2040,Heating,Kansas
0.614741270,Residential,shell_factors_res_recs2020+aeo2026_rdm.xlsx/htg_proj,2040,Heating,Kentucky
0.496893344,Residential,shell_factors_res_recs2020+aeo2026_rdm.xlsx/htg_proj,2040,Heating,Louisiana
0.456394956,Residential,shell_factors_res_recs2020+aeo2026_rdm.xlsx/htg_proj,2040,Heating,Maine
0.504666075,Residential,shell_factors_res_recs2020+aeo2026_rdm.xlsx/htg_proj,2040,Heating,Maryland
0.402183670,Residential,shell_factors_res_recs2020+aeo2026_rdm.xlsx/htg_proj,2040,Heating,Massachusetts
0.656175636,Residential,shell_factors_res_recs2020+aeo2026_rdm.xlsx/htg_proj,2040,Heating,Michigan
0.567878364,Residential,shell_factors_res_recs2020+aeo2026_rdm.xlsx/htg_proj,2040,Heating,Minnesota
0.610721483,Residential,shell_factors_res_recs2020+aeo2026_rdm.xlsx/htg_proj,2040,Heating,Mississippi
0.674967641,Residential,shell_factors_res_recs2020+aeo2026_rdm.xlsx/htg_proj,2040,Heating,Missouri
0.584312251,Residential,shell_factors_res_recs2020+aeo2026_rdm.xlsx/htg_proj,2040,Heating,Montana
0.531947836,Residential,shell_factors_res_recs2020+aeo2026_rdm.xlsx/htg_proj,2040,Heating,Nebraska
0.599080048,Residential,shell_factors_res_recs2020+aeo2026_rdm.xlsx/htg_proj,2040,Heating,Nevada
0.394940237,Residential,shell_factors_res_recs2020+aeo2026_rdm.xlsx/htg_proj,2040,Heating,New Hampshire
0.566964347,Residential,shell_factors_res_recs2020+aeo2026_rdm.xlsx/htg_proj,2040,Heating,New Jersey
0.461059955,Residential,shell_factors_res_recs2020+aeo2026_rdm.xlsx/htg_proj,2040,Heating,New Mexico
0.541214285,Residential,shell_factors_res_recs2020+aeo2026_rdm.xlsx/htg_proj,2040,Heating,New York
0.546715303,Residential,shell_factors_res_recs2020+aeo2026_rdm.xlsx/htg_proj,2040,Heating,North Carolina
0.627237686,Residential,shell_factors_res_recs2020+aeo2026_rdm.xlsx/htg_proj,2040,Heating,North Dakota
0.445992172,Residential,shell_factors_res_recs2020+aeo2026_rdm.xlsx/htg_proj,2040,Heating,Ohio
0.632607016,Residential,shell_factors_res_recs2020+aeo2026_rdm.xlsx/htg_proj,2040,Heating,Oklahoma
0.651961867,Residential,shell_factors_res_recs2020+aeo2026_rdm.xlsx/htg_proj,2040,Heating,Oregon
0.473034594,Residential,shell_factors_res_recs2020+aeo2026_rdm.xlsx/htg_proj,2040,Heating,Pennsylvania
0.485896153,Residential,shell_factors_res_recs2020+aeo2026_rdm.xlsx/htg_proj,2040,Heating,Rhode Island
0.649044309,Residential,shell_factors_res_recs2020+aeo2026_rdm.xlsx/htg_proj,2040,Heating,South Carolina
0.615005800,Residential,shell_factors_res_recs2020+aeo2026_rdm.xlsx/htg_proj,2040,Heating,South Dakota
0.722171740,Residential,shell_factors_res_recs2020+aeo2026_rdm.xlsx/htg_proj,2040,Heating,Tennessee
0.647689680,Residential,shell_factors_res_recs2020+aeo2026_rdm.xlsx/htg_proj,2040,Heating,Texas
0.672455887,Residential,shell_factors_res_recs2020+aeo2026_rdm.xlsx/htg_proj,2040,Heating,Utah
0.476143594,Residential,shell_factors_res_recs2020+aeo2026_rdm.xlsx/htg_proj,2040,Heating,Vermont
0.488570927,Residential,shell_factors_res_recs2020+aeo2026_rdm.xlsx/htg_proj,2040,Heating,Virginia
0.639578464,Residential,shell_factors_res_recs2020+aeo2026_rdm.xlsx/htg_proj,2040,Heating,Washington
0.645144485,Residential,shell_factors_res_recs2020+aeo2026_rdm.xlsx/htg_proj,2040,Heating,West Virginia
0.521720245,Residential,shell_factors_res_recs2020+aeo2026_rdm.xlsx/htg_proj,2040,Heating,Wisconsin
0.500520981,Residential,shell_factors_res_recs2020+aeo2026_rdm.xlsx/htg_proj,2040,Heating,Wyoming
0.649297890,Residential,shell_factors_res_recs2020+aeo2026_rdm.xlsx/htg_proj,2041,Heating,Alabama
0.545095360,Residential,shell_factors_res_recs2020+aeo2026_rdm.xlsx/htg_proj,2041,Heating,Arizona
0.618405526,Residential,shell_factors_res_recs2020+aeo2026_rdm.xlsx/htg_proj,2041,Heating,Arkansas
0.468941142,Residential,shell_factors_res_recs2020+aeo2026_rdm.xlsx/htg_proj,2041,Heating,California
0.648866615,Residential,shell_factors_res_recs2020+aeo2026_rdm.xlsx/htg_proj,2041,Heating,Colorado
0.454647861,Residential,shell_factors_res_recs2020+aeo2026_rdm.xlsx/htg_proj,2041,Heating,Connecticut
0.540821310,Residential,shell_factors_res_recs2020+aeo2026_rdm.xlsx/htg_proj,2041,Heating,Delaware
0.364728454,Residential,shell_factors_res_recs2020+aeo2026_rdm.xlsx/htg_proj,2041,Heating,District of Columbia
0.436714191,Residential,shell_factors_res_recs2020+aeo2026_rdm.xlsx/htg_proj,2041,Heating,Florida
0.591342764,Residential,shell_factors_res_recs2020+aeo2026_rdm.xlsx/htg_proj,2041,Heating,Georgia
0.700328188,Residential,shell_factors_res_recs2020+aeo2026_rdm.xlsx/htg_proj,2041,Heating,Idaho
0.586273342,Residential,shell_factors_res_recs2020+aeo2026_rdm.xlsx/htg_proj,2041,Heating,Illinois
0.625990876,Residential,shell_factors_res_recs2020+aeo2026_rdm.xlsx/htg_proj,2041,Heating,Indiana
0.481889821,Residential,shell_factors_res_recs2020+aeo2026_rdm.xlsx/htg_proj,2041,Heating,Iowa
0.718838232,Residential,shell_factors_res_recs2020+aeo2026_rdm.xlsx/htg_proj,2041,Heating,Kansas
0.612428398,Residential,shell_factors_res_recs2020+aeo2026_rdm.xlsx/htg_proj,2041,Heating,Kentucky
0.495023857,Residential,shell_factors_res_recs2020+aeo2026_rdm.xlsx/htg_proj,2041,Heating,Louisiana
0.454677838,Residential,shell_factors_res_recs2020+aeo2026_rdm.xlsx/htg_proj,2041,Heating,Maine
0.502767345,Residential,shell_factors_res_recs2020+aeo2026_rdm.xlsx/htg_proj,2041,Heating,Maryland
0.400670514,Residential,shell_factors_res_recs2020+aeo2026_rdm.xlsx/htg_proj,2041,Heating,Massachusetts
0.653706873,Residential,shell_factors_res_recs2020+aeo2026_rdm.xlsx/htg_proj,2041,Heating,Michigan
0.565741806,Residential,shell_factors_res_recs2020+aeo2026_rdm.xlsx/htg_proj,2041,Heating,Minnesota
0.608423735,Residential,shell_factors_res_recs2020+aeo2026_rdm.xlsx/htg_proj,2041,Heating,Mississippi
0.672428176,Residential,shell_factors_res_recs2020+aeo2026_rdm.xlsx/htg_proj,2041,Heating,Missouri
0.582113863,Residential,shell_factors_res_recs2020+aeo2026_rdm.xlsx/htg_proj,2041,Heating,Montana
0.529946462,Residential,shell_factors_res_recs2020+aeo2026_rdm.xlsx/htg_proj,2041,Heating,Nebraska
0.596826099,Residential,shell_factors_res_recs2020+aeo2026_rdm.xlsx/htg_proj,2041,Heating,Nevada
0.393454334,Residential,shell_factors_res_recs2020+aeo2026_rdm.xlsx/htg_proj,2041,Heating,New Hampshire
0.564831228,Residential,shell_factors_res_recs2020+aeo2026_rdm.xlsx/htg_proj,2041,Heating,New Jersey
0.459325285,Residential,shell_factors_res_recs2020+aeo2026_rdm.xlsx/htg_proj,2041,Heating,New Mexico
0.539178047,Residential,shell_factors_res_recs2020+aeo2026_rdm.xlsx/htg_proj,2041,Heating,New York
0.544658369,Residential,shell_factors_res_recs2020+aeo2026_rdm.xlsx/htg_proj,2041,Heating,North Carolina
0.624877798,Residential,shell_factors_res_recs2020+aeo2026_rdm.xlsx/htg_proj,2041,Heating,North Dakota
0.444314193,Residential,shell_factors_res_recs2020+aeo2026_rdm.xlsx/htg_proj,2041,Heating,Ohio
0.630226927,Residential,shell_factors_res_recs2020+aeo2026_rdm.xlsx/htg_proj,2041,Heating,Oklahoma
0.649508958,Residential,shell_factors_res_recs2020+aeo2026_rdm.xlsx/htg_proj,2041,Heating,Oregon
0.471254872,Residential,shell_factors_res_recs2020+aeo2026_rdm.xlsx/htg_proj,2041,Heating,Pennsylvania
0.484068041,Residential,shell_factors_res_recs2020+aeo2026_rdm.xlsx/htg_proj,2041,Heating,Rhode Island
0.646602377,Residential,shell_factors_res_recs2020+aeo2026_rdm.xlsx/htg_proj,2041,Heating,South Carolina
0.612691932,Residential,shell_factors_res_recs2020+aeo2026_rdm.xlsx/htg_proj,2041,Heating,South Dakota
0.719454677,Residential,shell_factors_res_recs2020+aeo2026_rdm.xlsx/htg_proj,2041,Heating,Tennessee
0.645252844,Residential,shell_factors_res_recs2020+aeo2026_rdm.xlsx/htg_proj,2041,Heating,Texas
0.669925872,Residential,shell_factors_res_recs2020+aeo2026_rdm.xlsx/htg_proj,2041,Heating,Utah
0.474352175,Residential,shell_factors_res_recs2020+aeo2026_rdm.xlsx/htg_proj,2041,Heating,Vermont
0.486732752,Residential,shell_factors_res_recs2020+aeo2026_rdm.xlsx/htg_proj,2041,Heating,Virginia
0.637172146,Residential,shell_factors_res_recs2020+aeo2026_rdm.xlsx/htg_proj,2041,Heating,Washington
0.642717226,Residential,shell_factors_res_recs2020+aeo2026_rdm.xlsx/htg_proj,2041,Heating,West Virginia
0.519757350,Residential,shell_factors_res_recs2020+aeo2026_rdm.xlsx/htg_proj,2041,Heating,Wisconsin
0.498637846,Residential,shell_factors_res_recs2020+aeo2026_rdm.xlsx/htg_proj,2041,Heating,Wyoming
0.646716735,Residential,shell_factors_res_recs2020+aeo2026_rdm.xlsx/htg_proj,2042,Heating,Alabama
0.542928442,Residential,shell_factors_res_recs2020+aeo2026_rdm.xlsx/htg_proj,2042,Heating,Arizona
0.615947177,Residential,shell_factors_res_recs2020+aeo2026_rdm.xlsx/htg_proj,2042,Heating,Arkansas
0.467076959,Residential,shell_factors_res_recs2020+aeo2026_rdm.xlsx/htg_proj,2042,Heating,California
0.646287175,Residential,shell_factors_res_recs2020+aeo2026_rdm.xlsx/htg_proj,2042,Heating,Colorado
0.452840499,Residential,shell_factors_res_recs2020+aeo2026_rdm.xlsx/htg_proj,2042,Heating,Connecticut
0.538671382,Residential,shell_factors_res_recs2020+aeo2026_rdm.xlsx/htg_proj,2042,Heating,Delaware
0.363278548,Residential,shell_factors_res_recs2020+aeo2026_rdm.xlsx/htg_proj,2042,Heating,District of Columbia
0.434978121,Residential,shell_factors_res_recs2020+aeo2026_rdm.xlsx/htg_proj,2042,Heating,Florida
0.588991999,Residential,shell_factors_res_recs2020+aeo2026_rdm.xlsx/htg_proj,2042,Heating,Georgia
0.697544172,Residential,shell_factors_res_recs2020+aeo2026_rdm.xlsx/htg_proj,2042,Heating,Idaho
0.583942729,Residential,shell_factors_res_recs2020+aeo2026_rdm.xlsx/htg_proj,2042,Heating,Illinois
0.623502374,Residential,shell_factors_res_recs2020+aeo2026_rdm.xlsx/htg_proj,2042,Heating,Indiana
0.479974164,Residential,shell_factors_res_recs2020+aeo2026_rdm.xlsx/htg_proj,2042,Heating,Iowa
0.715980633,Residential,shell_factors_res_recs2020+aeo2026_rdm.xlsx/htg_proj,2042,Heating,Kansas
0.609993811,Residential,shell_factors_res_recs2020+aeo2026_rdm.xlsx/htg_proj,2042,Heating,Kentucky
0.493055988,Residential,shell_factors_res_recs2020+aeo2026_rdm.xlsx/htg_proj,2042,Heating,Louisiana
0.452870357,Residential,shell_factors_res_recs2020+aeo2026_rdm.xlsx/htg_proj,2042,Heating,Maine
0.500768693,Residential,shell_factors_res_recs2020+aeo2026_rdm.xlsx/htg_proj,2042,Heating,Maryland
0.399077728,Residential,shell_factors_res_recs2020+aeo2026_rdm.xlsx/htg_proj,2042,Heating,Massachusetts
0.651108191,Residential,shell_factors_res_recs2020+aeo2026_rdm.xlsx/htg_proj,2042,Heating,Michigan
0.563492812,Residential,shell_factors_res_recs2020+aeo2026_rdm.xlsx/htg_proj,2042,Heating,Minnesota
0.606005067,Residential,shell_factors_res_recs2020+aeo2026_rdm.xlsx/htg_proj,2042,Heating,Mississippi
0.669755071,Residential,shell_factors_res_recs2020+aeo2026_rdm.xlsx/htg_proj,2042,Heating,Missouri
0.579799786,Residential,shell_factors_res_recs2020+aeo2026_rdm.xlsx/htg_proj,2042,Heating,Montana
0.527839765,Residential,shell_factors_res_recs2020+aeo2026_rdm.xlsx/htg_proj,2042,Heating,Nebraska
0.594453535,Residential,shell_factors_res_recs2020+aeo2026_rdm.xlsx/htg_proj,2042,Heating,Nevada
0.391890234,Residential,shell_factors_res_recs2020+aeo2026_rdm.xlsx/htg_proj,2042,Heating,New Hampshire
0.562585854,Residential,shell_factors_res_recs2020+aeo2026_rdm.xlsx/htg_proj,2042,Heating,New Jersey
0.457499329,Residential,shell_factors_res_recs2020+aeo2026_rdm.xlsx/htg_proj,2042,Heating,New Mexico
0.537034652,Residential,shell_factors_res_recs2020+aeo2026_rdm.xlsx/htg_proj,2042,Heating,New York
0.542493188,Residential,shell_factors_res_recs2020+aeo2026_rdm.xlsx/htg_proj,2042,Heating,North Carolina
0.622393721,Residential,shell_factors_res_recs2020+aeo2026_rdm.xlsx/htg_proj,2042,Heating,North Dakota
0.442547911,Residential,shell_factors_res_recs2020+aeo2026_rdm.xlsx/htg_proj,2042,Heating,Ohio
0.627721585,Residential,shell_factors_res_recs2020+aeo2026_rdm.xlsx/htg_proj,2042,Heating,Oklahoma
0.646926965,Residential,shell_factors_res_recs2020+aeo2026_rdm.xlsx/htg_proj,2042,Heating,Oregon
0.469381492,Residential,shell_factors_res_recs2020+aeo2026_rdm.xlsx/htg_proj,2042,Heating,Pennsylvania
0.482143725,Residential,shell_factors_res_recs2020+aeo2026_rdm.xlsx/htg_proj,2042,Heating,Rhode Island
0.644031938,Residential,shell_factors_res_recs2020+aeo2026_rdm.xlsx/htg_proj,2042,Heating,South Carolina
0.610256297,Residential,shell_factors_res_recs2020+aeo2026_rdm.xlsx/htg_proj,2042,Heating,South Dakota
0.716594628,Residential,shell_factors_res_recs2020+aeo2026_rdm.xlsx/htg_proj,2042,Heating,Tennessee
0.642687770,Residential,shell_factors_res_recs2020+aeo2026_rdm.xlsx/htg_proj,2042,Heating,Texas
0.667262715,Residential,shell_factors_res_recs2020+aeo2026_rdm.xlsx/htg_proj,2042,Heating,Utah
0.472466482,Residential,shell_factors_res_recs2020+aeo2026_rdm.xlsx/htg_proj,2042,Heating,Vermont
0.484797843,Residential,shell_factors_res_recs2020+aeo2026_rdm.xlsx/htg_proj,2042,Heating,Virginia
0.634639195,Residential,shell_factors_res_recs2020+aeo2026_rdm.xlsx/htg_proj,2042,Heating,Washington
0.640162231,Residential,shell_factors_res_recs2020+aeo2026_rdm.xlsx/htg_proj,2042,Heating,West Virginia
0.517691158,Residential,shell_factors_res_recs2020+aeo2026_rdm.xlsx/htg_proj,2042,Heating,Wisconsin
0.496655610,Residential,shell_factors_res_recs2020+aeo2026_rdm.xlsx/htg_proj,2042,Heating,Wyoming
0.646370166,Residential,shell_factors_res_recs2020+aeo2026_rdm.xlsx/htg_proj,2043,Heating,Alabama
0.542637492,Residential,shell_factors_res_recs2020+aeo2026_rdm.xlsx/htg_proj,2043,Heating,Arizona
0.615617097,Residential,shell_factors_res_recs2020+aeo2026_rdm.xlsx/htg_proj,2043,Heating,Arkansas
0.466826657,Residential,shell_factors_res_recs2020+aeo2026_rdm.xlsx/htg_proj,2043,Heating,California
0.645940836,Residential,shell_factors_res_recs2020+aeo2026_rdm.xlsx/htg_proj,2043,Heating,Colorado
0.452597827,Residential,shell_factors_res_recs2020+aeo2026_rdm.xlsx/htg_proj,2043,Heating,Connecticut
0.538382714,Residential,shell_factors_res_recs2020+aeo2026_rdm.xlsx/htg_proj,2043,Heating,Delaware
0.363083871,Residential,shell_factors_res_recs2020+aeo2026_rdm.xlsx/htg_proj,2043,Heating,District of Columbia
0.434745020,Residential,shell_factors_res_recs2020+aeo2026_rdm.xlsx/htg_proj,2043,Heating,Florida
0.588676364,Residential,shell_factors_res_recs2020+aeo2026_rdm.xlsx/htg_proj,2043,Heating,Georgia
0.697170365,Residential,shell_factors_res_recs2020+aeo2026_rdm.xlsx/htg_proj,2043,Heating,Idaho
0.583629800,Residential,shell_factors_res_recs2020+aeo2026_rdm.xlsx/htg_proj,2043,Heating,Illinois
0.623168245,Residential,shell_factors_res_recs2020+aeo2026_rdm.xlsx/htg_proj,2043,Heating,Indiana
0.479716951,Residential,shell_factors_res_recs2020+aeo2026_rdm.xlsx/htg_proj,2043,Heating,Iowa
0.715596946,Residential,shell_factors_res_recs2020+aeo2026_rdm.xlsx/htg_proj,2043,Heating,Kansas
0.609666921,Residential,shell_factors_res_recs2020+aeo2026_rdm.xlsx/htg_proj,2043,Heating,Kentucky
0.492791764,Residential,shell_factors_res_recs2020+aeo2026_rdm.xlsx/htg_proj,2043,Heating,Louisiana
0.452627668,Residential,shell_factors_res_recs2020+aeo2026_rdm.xlsx/htg_proj,2043,Heating,Maine
0.500500336,Residential,shell_factors_res_recs2020+aeo2026_rdm.xlsx/htg_proj,2043,Heating,Maryland
0.398863866,Residential,shell_factors_res_recs2020+aeo2026_rdm.xlsx/htg_proj,2043,Heating,Massachusetts
0.650759269,Residential,shell_factors_res_recs2020+aeo2026_rdm.xlsx/htg_proj,2043,Heating,Michigan
0.563190842,Residential,shell_factors_res_recs2020+aeo2026_rdm.xlsx/htg_proj,2043,Heating,Minnesota
0.605680315,Residential,shell_factors_res_recs2020+aeo2026_rdm.xlsx/htg_proj,2043,Heating,Mississippi
0.669396156,Residential,shell_factors_res_recs2020+aeo2026_rdm.xlsx/htg_proj,2043,Heating,Missouri
0.579489076,Residential,shell_factors_res_recs2020+aeo2026_rdm.xlsx/htg_proj,2043,Heating,Montana
0.527556901,Residential,shell_factors_res_recs2020+aeo2026_rdm.xlsx/htg_proj,2043,Heating,Nebraska
0.594134973,Residential,shell_factors_res_recs2020+aeo2026_rdm.xlsx/htg_proj,2043,Heating,Nevada
0.391680224,Residential,shell_factors_res_recs2020+aeo2026_rdm.xlsx/htg_proj,2043,Heating,New Hampshire
0.562284370,Residential,shell_factors_res_recs2020+aeo2026_rdm.xlsx/htg_proj,2043,Heating,New Jersey
0.457254160,Residential,shell_factors_res_recs2020+aeo2026_rdm.xlsx/htg_proj,2043,Heating,New Mexico
0.536746860,Residential,shell_factors_res_recs2020+aeo2026_rdm.xlsx/htg_proj,2043,Heating,New York
0.542202471,Residential,shell_factors_res_recs2020+aeo2026_rdm.xlsx/htg_proj,2043,Heating,North Carolina
0.622060186,Residential,shell_factors_res_recs2020+aeo2026_rdm.xlsx/htg_proj,2043,Heating,North Dakota
0.442310754,Residential,shell_factors_res_recs2020+aeo2026_rdm.xlsx/htg_proj,2043,Heating,Ohio
0.627385195,Residential,shell_factors_res_recs2020+aeo2026_rdm.xlsx/htg_proj,2043,Heating,Oklahoma
0.646580283,Residential,shell_factors_res_recs2020+aeo2026_rdm.xlsx/htg_proj,2043,Heating,Oregon
0.469129955,Residential,shell_factors_res_recs2020+aeo2026_rdm.xlsx/htg_proj,2043,Heating,Pennsylvania
0.481885349,Residential,shell_factors_res_recs2020+aeo2026_rdm.xlsx/htg_proj,2043,Heating,Rhode Island
0.643686808,Residential,shell_factors_res_recs2020+aeo2026_rdm.xlsx/htg_proj,2043,Heating,South Carolina
0.609929267,Residential,shell_factors_res_recs2020+aeo2026_rdm.xlsx/htg_proj,2043,Heating,South Dakota
0.716210612,Residential,shell_factors_res_recs2020+aeo2026_rdm.xlsx/htg_proj,2043,Heating,Tennessee
0.642343360,Residential,shell_factors_res_recs2020+aeo2026_rdm.xlsx/htg_proj,2043,Heating,Texas
0.666905136,Residential,shell_factors_res_recs2020+aeo2026_rdm.xlsx/htg_proj,2043,Heating,Utah
0.472213292,Residential,shell_factors_res_recs2020+aeo2026_rdm.xlsx/htg_proj,2043,Heating,Vermont
0.484538044,Residential,shell_factors_res_recs2020+aeo2026_rdm.xlsx/htg_proj,2043,Heating,Virginia
0.634299098,Residential,shell_factors_res_recs2020+aeo2026_rdm.xlsx/htg_proj,2043,Heating,Washington
0.639819175,Residential,shell_factors_res_recs2020+aeo2026_rdm.xlsx/htg_proj,2043,Heating,West Virginia
0.517413733,Residential,shell_factors_res_recs2020+aeo2026_rdm.xlsx/htg_proj,2043,Heating,Wisconsin
0.496389458,Residential,shell_factors_res_recs2020+aeo2026_rdm.xlsx/htg_proj,2043,Heating,Wyoming
0.647402765,Residential,shell_factors_res_recs2020+aeo2026_rdm.xlsx/htg_proj,2044,Heating,Alabama
0.543504374,Residential,shell_factors_res_recs2020+aeo2026_rdm.xlsx/htg_proj,2044,Heating,Arizona
0.616600567,Residential,shell_factors_res_recs2020+aeo2026_rdm.xlsx/htg_proj,2044,Heating,Arkansas
0.467572429,Residential,shell_factors_res_recs2020+aeo2026_rdm.xlsx/htg_proj,2044,Heating,California
0.646972748,Residential,shell_factors_res_recs2020+aeo2026_rdm.xlsx/htg_proj,2044,Heating,Colorado
0.453320867,Residential,shell_factors_res_recs2020+aeo2026_rdm.xlsx/htg_proj,2044,Heating,Connecticut
0.539242798,Residential,shell_factors_res_recs2020+aeo2026_rdm.xlsx/htg_proj,2044,Heating,Delaware
0.363663910,Residential,shell_factors_res_recs2020+aeo2026_rdm.xlsx/htg_proj,2044,Heating,District of Columbia
0.435439541,Residential,shell_factors_res_recs2020+aeo2026_rdm.xlsx/htg_proj,2044,Heating,Florida
0.589616794,Residential,shell_factors_res_recs2020+aeo2026_rdm.xlsx/htg_proj,2044,Heating,Georgia
0.698284119,Residential,shell_factors_res_recs2020+aeo2026_rdm.xlsx/htg_proj,2044,Heating,Idaho
0.584562168,Residential,shell_factors_res_recs2020+aeo2026_rdm.xlsx/htg_proj,2044,Heating,Illinois
0.624163778,Residential,shell_factors_res_recs2020+aeo2026_rdm.xlsx/htg_proj,2044,Heating,Indiana
0.480483315,Residential,shell_factors_res_recs2020+aeo2026_rdm.xlsx/htg_proj,2044,Heating,Iowa
0.716740137,Residential,shell_factors_res_recs2020+aeo2026_rdm.xlsx/htg_proj,2044,Heating,Kansas
0.610640885,Residential,shell_factors_res_recs2020+aeo2026_rdm.xlsx/htg_proj,2044,Heating,Kentucky
0.493579016,Residential,shell_factors_res_recs2020+aeo2026_rdm.xlsx/htg_proj,2044,Heating,Louisiana
0.453350756,Residential,shell_factors_res_recs2020+aeo2026_rdm.xlsx/htg_proj,2044,Heating,Maine
0.501299903,Residential,shell_factors_res_recs2020+aeo2026_rdm.xlsx/htg_proj,2044,Heating,Maryland
0.399501065,Residential,shell_factors_res_recs2020+aeo2026_rdm.xlsx/htg_proj,2044,Heating,Massachusetts
0.651798879,Residential,shell_factors_res_recs2020+aeo2026_rdm.xlsx/htg_proj,2044,Heating,Michigan
0.564090559,Residential,shell_factors_res_recs2020+aeo2026_rdm.xlsx/htg_proj,2044,Heating,Minnesota
0.606647910,Residential,shell_factors_res_recs2020+aeo2026_rdm.xlsx/htg_proj,2044,Heating,Mississippi
0.670465539,Residential,shell_factors_res_recs2020+aeo2026_rdm.xlsx/htg_proj,2044,Heating,Missouri
0.580414830,Residential,shell_factors_res_recs2020+aeo2026_rdm.xlsx/htg_proj,2044,Heating,Montana
0.528399692,Residential,shell_factors_res_recs2020+aeo2026_rdm.xlsx/htg_proj,2044,Heating,Nebraska
0.595084125,Residential,shell_factors_res_recs2020+aeo2026_rdm.xlsx/htg_proj,2044,Heating,Nevada
0.392305947,Residential,shell_factors_res_recs2020+aeo2026_rdm.xlsx/htg_proj,2044,Heating,New Hampshire
0.563182638,Residential,shell_factors_res_recs2020+aeo2026_rdm.xlsx/htg_proj,2044,Heating,New Jersey
0.457984639,Residential,shell_factors_res_recs2020+aeo2026_rdm.xlsx/htg_proj,2044,Heating,New Mexico
0.537604332,Residential,shell_factors_res_recs2020+aeo2026_rdm.xlsx/htg_proj,2044,Heating,New York
0.543068658,Residential,shell_factors_res_recs2020+aeo2026_rdm.xlsx/htg_proj,2044,Heating,North Carolina
0.623053949,Residential,shell_factors_res_recs2020+aeo2026_rdm.xlsx/htg_proj,2044,Heating,North Dakota
0.443017360,Residential,shell_factors_res_recs2020+aeo2026_rdm.xlsx/htg_proj,2044,Heating,Ohio
0.628387465,Residential,shell_factors_res_recs2020+aeo2026_rdm.xlsx/htg_proj,2044,Heating,Oklahoma
0.647613217,Residential,shell_factors_res_recs2020+aeo2026_rdm.xlsx/htg_proj,2044,Heating,Oregon
0.469879406,Residential,shell_factors_res_recs2020+aeo2026_rdm.xlsx/htg_proj,2044,Heating,Pennsylvania
0.482655177,Residential,shell_factors_res_recs2020+aeo2026_rdm.xlsx/htg_proj,2044,Heating,Rhode Island
0.644715120,Residential,shell_factors_res_recs2020+aeo2026_rdm.xlsx/htg_proj,2044,Heating,South Carolina
0.610903650,Residential,shell_factors_res_recs2020+aeo2026_rdm.xlsx/htg_proj,2044,Heating,South Dakota
0.717354783,Residential,shell_factors_res_recs2020+aeo2026_rdm.xlsx/htg_proj,2044,Heating,Tennessee
0.643369525,Residential,shell_factors_res_recs2020+aeo2026_rdm.xlsx/htg_proj,2044,Heating,Texas
0.667970540,Residential,shell_factors_res_recs2020+aeo2026_rdm.xlsx/htg_proj,2044,Heating,Utah
0.472967669,Residential,shell_factors_res_recs2020+aeo2026_rdm.xlsx/htg_proj,2044,Heating,Vermont
0.485312110,Residential,shell_factors_res_recs2020+aeo2026_rdm.xlsx/htg_proj,2044,Heating,Virginia
0.635312413,Residential,shell_factors_res_recs2020+aeo2026_rdm.xlsx/htg_proj,2044,Heating,Washington
0.640841308,Residential,shell_factors_res_recs2020+aeo2026_rdm.xlsx/htg_proj,2044,Heating,West Virginia
0.518240319,Residential,shell_factors_res_recs2020+aeo2026_rdm.xlsx/htg_proj,2044,Heating,Wisconsin
0.497182457,Residential,shell_factors_res_recs2020+aeo2026_rdm.xlsx/htg_proj,2044,Heating,Wyoming
0.646975615,Residential,shell_factors_res_recs2020+aeo2026_rdm.xlsx/htg_proj,2045,Heating,Alabama
0.543145775,Residential,shell_factors_res_recs2020+aeo2026_rdm.xlsx/htg_proj,2045,Heating,Arizona
0.616193740,Residential,shell_factors_res_recs2020+aeo2026_rdm.xlsx/htg_proj,2045,Heating,Arkansas
0.467263929,Residential,shell_factors_res_recs2020+aeo2026_rdm.xlsx/htg_proj,2045,Heating,California
0.646545882,Residential,shell_factors_res_recs2020+aeo2026_rdm.xlsx/htg_proj,2045,Heating,Colorado
0.453021770,Residential,shell_factors_res_recs2020+aeo2026_rdm.xlsx/htg_proj,2045,Heating,Connecticut
0.538887011,Residential,shell_factors_res_recs2020+aeo2026_rdm.xlsx/htg_proj,2045,Heating,Delaware
0.363423968,Residential,shell_factors_res_recs2020+aeo2026_rdm.xlsx/htg_proj,2045,Heating,District of Columbia
0.435152242,Residential,shell_factors_res_recs2020+aeo2026_rdm.xlsx/htg_proj,2045,Heating,Florida
0.589227771,Residential,shell_factors_res_recs2020+aeo2026_rdm.xlsx/htg_proj,2045,Heating,Georgia
0.697823398,Residential,shell_factors_res_recs2020+aeo2026_rdm.xlsx/htg_proj,2045,Heating,Idaho
0.584176480,Residential,shell_factors_res_recs2020+aeo2026_rdm.xlsx/htg_proj,2045,Heating,Illinois
0.623751960,Residential,shell_factors_res_recs2020+aeo2026_rdm.xlsx/htg_proj,2045,Heating,Indiana
0.480166297,Residential,shell_factors_res_recs2020+aeo2026_rdm.xlsx/htg_proj,2045,Heating,Iowa
0.716267239,Residential,shell_factors_res_recs2020+aeo2026_rdm.xlsx/htg_proj,2045,Heating,Kansas
0.610237990,Residential,shell_factors_res_recs2020+aeo2026_rdm.xlsx/htg_proj,2045,Heating,Kentucky
0.493253357,Residential,shell_factors_res_recs2020+aeo2026_rdm.xlsx/htg_proj,2045,Heating,Louisiana
0.453051640,Residential,shell_factors_res_recs2020+aeo2026_rdm.xlsx/htg_proj,2045,Heating,Maine
0.500969150,Residential,shell_factors_res_recs2020+aeo2026_rdm.xlsx/htg_proj,2045,Heating,Maryland
0.399237478,Residential,shell_factors_res_recs2020+aeo2026_rdm.xlsx/htg_proj,2045,Heating,Massachusetts
0.651368828,Residential,shell_factors_res_recs2020+aeo2026_rdm.xlsx/htg_proj,2045,Heating,Michigan
0.563718377,Residential,shell_factors_res_recs2020+aeo2026_rdm.xlsx/htg_proj,2045,Heating,Minnesota
0.606247650,Residential,shell_factors_res_recs2020+aeo2026_rdm.xlsx/htg_proj,2045,Heating,Mississippi
0.670023173,Residential,shell_factors_res_recs2020+aeo2026_rdm.xlsx/htg_proj,2045,Heating,Missouri
0.580031878,Residential,shell_factors_res_recs2020+aeo2026_rdm.xlsx/htg_proj,2045,Heating,Montana
0.528051058,Residential,shell_factors_res_recs2020+aeo2026_rdm.xlsx/htg_proj,2045,Heating,Nebraska
0.594691494,Residential,shell_factors_res_recs2020+aeo2026_rdm.xlsx/htg_proj,2045,Heating,Nevada
0.392047107,Residential,shell_factors_res_recs2020+aeo2026_rdm.xlsx/htg_proj,2045,Heating,New Hampshire
0.562811056,Residential,shell_factors_res_recs2020+aeo2026_rdm.xlsx/htg_proj,2045,Heating,New Jersey
0.457682465,Residential,shell_factors_res_recs2020+aeo2026_rdm.xlsx/htg_proj,2045,Heating,New Mexico
0.537249626,Residential,shell_factors_res_recs2020+aeo2026_rdm.xlsx/htg_proj,2045,Heating,New York
0.542710346,Residential,shell_factors_res_recs2020+aeo2026_rdm.xlsx/htg_proj,2045,Heating,North Carolina
0.622642864,Residential,shell_factors_res_recs2020+aeo2026_rdm.xlsx/htg_proj,2045,Heating,North Dakota
0.442725062,Residential,shell_factors_res_recs2020+aeo2026_rdm.xlsx/htg_proj,2045,Heating,Ohio
0.627972861,Residential,shell_factors_res_recs2020+aeo2026_rdm.xlsx/htg_proj,2045,Heating,Oklahoma
0.647185928,Residential,shell_factors_res_recs2020+aeo2026_rdm.xlsx/htg_proj,2045,Heating,Oregon
0.469569384,Residential,shell_factors_res_recs2020+aeo2026_rdm.xlsx/htg_proj,2045,Heating,Pennsylvania
0.482336726,Residential,shell_factors_res_recs2020+aeo2026_rdm.xlsx/htg_proj,2045,Heating,Rhode Island
0.644289743,Residential,shell_factors_res_recs2020+aeo2026_rdm.xlsx/htg_proj,2045,Heating,South Carolina
0.610500582,Residential,shell_factors_res_recs2020+aeo2026_rdm.xlsx/htg_proj,2045,Heating,South Dakota
0.716881479,Residential,shell_factors_res_recs2020+aeo2026_rdm.xlsx/htg_proj,2045,Heating,Tennessee
0.642945036,Residential,shell_factors_res_recs2020+aeo2026_rdm.xlsx/htg_proj,2045,Heating,Texas
0.667529819,Residential,shell_factors_res_recs2020+aeo2026_rdm.xlsx/htg_proj,2045,Heating,Utah
0.472655609,Residential,shell_factors_res_recs2020+aeo2026_rdm.xlsx/htg_proj,2045,Heating,Vermont
0.484991906,Residential,shell_factors_res_recs2020+aeo2026_rdm.xlsx/htg_proj,2045,Heating,Virginia
0.634893240,Residential,shell_factors_res_recs2020+aeo2026_rdm.xlsx/htg_proj,2045,Heating,Washington
0.640418487,Residential,shell_factors_res_recs2020+aeo2026_rdm.xlsx/htg_proj,2045,Heating,West Virginia
0.517898389,Residential,shell_factors_res_recs2020+aeo2026_rdm.xlsx/htg_proj,2045,Heating,Wisconsin
0.496854421,Residential,shell_factors_res_recs2020+aeo2026_rdm.xlsx/htg_proj,2045,Heating,Wyoming
0.646152302,Residential,shell_factors_res_recs2020+aeo2026_rdm.xlsx/htg_proj,2046,Heating,Alabama
0.542454591,Residential,shell_factors_res_recs2020+aeo2026_rdm.xlsx/htg_proj,2046,Heating,Arizona
0.615409598,Residential,shell_factors_res_recs2020+aeo2026_rdm.xlsx/htg_proj,2046,Heating,Arkansas
0.466669309,Residential,shell_factors_res_recs2020+aeo2026_rdm.xlsx/htg_proj,2046,Heating,California
0.645723116,Residential,shell_factors_res_recs2020+aeo2026_rdm.xlsx/htg_proj,2046,Heating,Colorado
0.452445275,Residential,shell_factors_res_recs2020+aeo2026_rdm.xlsx/htg_proj,2046,Heating,Connecticut
0.538201247,Residential,shell_factors_res_recs2020+aeo2026_rdm.xlsx/htg_proj,2046,Heating,Delaware
0.362961490,Residential,shell_factors_res_recs2020+aeo2026_rdm.xlsx/htg_proj,2046,Heating,District of Columbia
0.434598486,Residential,shell_factors_res_recs2020+aeo2026_rdm.xlsx/htg_proj,2046,Heating,Florida
0.588477945,Residential,shell_factors_res_recs2020+aeo2026_rdm.xlsx/htg_proj,2046,Heating,Georgia
0.696935378,Residential,shell_factors_res_recs2020+aeo2026_rdm.xlsx/htg_proj,2046,Heating,Idaho
0.583433082,Residential,shell_factors_res_recs2020+aeo2026_rdm.xlsx/htg_proj,2046,Heating,Illinois
0.622958201,Residential,shell_factors_res_recs2020+aeo2026_rdm.xlsx/htg_proj,2046,Heating,Indiana
0.479555258,Residential,shell_factors_res_recs2020+aeo2026_rdm.xlsx/htg_proj,2046,Heating,Iowa
0.715355748,Residential,shell_factors_res_recs2020+aeo2026_rdm.xlsx/htg_proj,2046,Heating,Kansas
0.609461428,Residential,shell_factors_res_recs2020+aeo2026_rdm.xlsx/htg_proj,2046,Heating,Kentucky
0.492625664,Residential,shell_factors_res_recs2020+aeo2026_rdm.xlsx/htg_proj,2046,Heating,Louisiana
0.452475106,Residential,shell_factors_res_recs2020+aeo2026_rdm.xlsx/htg_proj,2046,Heating,Maine
0.500331638,Residential,shell_factors_res_recs2020+aeo2026_rdm.xlsx/htg_proj,2046,Heating,Maryland
0.398729426,Residential,shell_factors_res_recs2020+aeo2026_rdm.xlsx/htg_proj,2046,Heating,Massachusetts
0.650539925,Residential,shell_factors_res_recs2020+aeo2026_rdm.xlsx/htg_proj,2046,Heating,Michigan
0.563001013,Residential,shell_factors_res_recs2020+aeo2026_rdm.xlsx/htg_proj,2046,Heating,Minnesota
0.605476165,Residential,shell_factors_res_recs2020+aeo2026_rdm.xlsx/htg_proj,2046,Heating,Mississippi
0.669170530,Residential,shell_factors_res_recs2020+aeo2026_rdm.xlsx/htg_proj,2046,Heating,Missouri
0.579293755,Residential,shell_factors_res_recs2020+aeo2026_rdm.xlsx/htg_proj,2046,Heating,Montana
0.527379084,Residential,shell_factors_res_recs2020+aeo2026_rdm.xlsx/htg_proj,2046,Heating,Nebraska
0.593934715,Residential,shell_factors_res_recs2020+aeo2026_rdm.xlsx/htg_proj,2046,Heating,Nevada
0.391548205,Residential,shell_factors_res_recs2020+aeo2026_rdm.xlsx/htg_proj,2046,Heating,New Hampshire
0.562094847,Residential,shell_factors_res_recs2020+aeo2026_rdm.xlsx/htg_proj,2046,Heating,New Jersey
0.457100038,Residential,shell_factors_res_recs2020+aeo2026_rdm.xlsx/htg_proj,2046,Heating,New Mexico
0.536565945,Residential,shell_factors_res_recs2020+aeo2026_rdm.xlsx/htg_proj,2046,Heating,New York
0.542019717,Residential,shell_factors_res_recs2020+aeo2026_rdm.xlsx/htg_proj,2046,Heating,North Carolina
0.621850515,Residential,shell_factors_res_recs2020+aeo2026_rdm.xlsx/htg_proj,2046,Heating,North Dakota
0.442161669,Residential,shell_factors_res_recs2020+aeo2026_rdm.xlsx/htg_proj,2046,Heating,Ohio
0.627173730,Residential,shell_factors_res_recs2020+aeo2026_rdm.xlsx/htg_proj,2046,Heating,Oklahoma
0.646362347,Residential,shell_factors_res_recs2020+aeo2026_rdm.xlsx/htg_proj,2046,Heating,Oregon
0.468971831,Residential,shell_factors_res_recs2020+aeo2026_rdm.xlsx/htg_proj,2046,Heating,Pennsylvania
0.481722925,Residential,shell_factors_res_recs2020+aeo2026_rdm.xlsx/htg_proj,2046,Heating,Rhode Island
0.643469848,Residential,shell_factors_res_recs2020+aeo2026_rdm.xlsx/htg_proj,2046,Heating,South Carolina
0.609723685,Residential,shell_factors_res_recs2020+aeo2026_rdm.xlsx/htg_proj,2046,Heating,South Dakota
0.715969207,Residential,shell_factors_res_recs2020+aeo2026_rdm.xlsx/htg_proj,2046,Heating,Tennessee
0.642126852,Residential,shell_factors_res_recs2020+aeo2026_rdm.xlsx/htg_proj,2046,Heating,Texas
0.666680350,Residential,shell_factors_res_recs2020+aeo2026_rdm.xlsx/htg_proj,2046,Heating,Utah
0.472054128,Residential,shell_factors_res_recs2020+aeo2026_rdm.xlsx/htg_proj,2046,Heating,Vermont
0.484374727,Residential,shell_factors_res_recs2020+aeo2026_rdm.xlsx/htg_proj,2046,Heating,Virginia
0.634085302,Residential,shell_factors_res_recs2020+aeo2026_rdm.xlsx/htg_proj,2046,Heating,Washington
0.639603518,Residential,shell_factors_res_recs2020+aeo2026_rdm.xlsx/htg_proj,2046,Heating,West Virginia
0.517239334,Residential,shell_factors_res_recs2020+aeo2026_rdm.xlsx/htg_proj,2046,Heating,Wisconsin
0.496222145,Residential,shell_factors_res_recs2020+aeo2026_rdm.xlsx/htg_proj,2046,Heating,Wyoming
0.645311374,Residential,shell_factors_res_recs2020+aeo2026_rdm.xlsx/htg_proj,2047,Heating,Alabama
0.541748619,Residential,shell_factors_res_recs2020+aeo2026_rdm.xlsx/htg_proj,2047,Heating,Arizona
0.614608680,Residential,shell_factors_res_recs2020+aeo2026_rdm.xlsx/htg_proj,2047,Heating,Arkansas
0.466061968,Residential,shell_factors_res_recs2020+aeo2026_rdm.xlsx/htg_proj,2047,Heating,California
0.644882747,Residential,shell_factors_res_recs2020+aeo2026_rdm.xlsx/htg_proj,2047,Heating,Colorado
0.451856445,Residential,shell_factors_res_recs2020+aeo2026_rdm.xlsx/htg_proj,2047,Heating,Connecticut
0.537500811,Residential,shell_factors_res_recs2020+aeo2026_rdm.xlsx/htg_proj,2047,Heating,Delaware
0.362489118,Residential,shell_factors_res_recs2020+aeo2026_rdm.xlsx/htg_proj,2047,Heating,District of Columbia
0.434032883,Residential,shell_factors_res_recs2020+aeo2026_rdm.xlsx/htg_proj,2047,Heating,Florida
0.587712077,Residential,shell_factors_res_recs2020+aeo2026_rdm.xlsx/htg_proj,2047,Heating,Georgia
0.696028359,Residential,shell_factors_res_recs2020+aeo2026_rdm.xlsx/htg_proj,2047,Heating,Idaho
0.582673780,Residential,shell_factors_res_recs2020+aeo2026_rdm.xlsx/htg_proj,2047,Heating,Illinois
0.622147459,Residential,shell_factors_res_recs2020+aeo2026_rdm.xlsx/htg_proj,2047,Heating,Indiana
0.478931146,Residential,shell_factors_res_recs2020+aeo2026_rdm.xlsx/htg_proj,2047,Heating,Iowa
0.714424756,Residential,shell_factors_res_recs2020+aeo2026_rdm.xlsx/htg_proj,2047,Heating,Kansas
0.608668251,Residential,shell_factors_res_recs2020+aeo2026_rdm.xlsx/htg_proj,2047,Heating,Kentucky
0.491984542,Residential,shell_factors_res_recs2020+aeo2026_rdm.xlsx/htg_proj,2047,Heating,Louisiana
0.451886237,Residential,shell_factors_res_recs2020+aeo2026_rdm.xlsx/htg_proj,2047,Heating,Maine
0.499680487,Residential,shell_factors_res_recs2020+aeo2026_rdm.xlsx/htg_proj,2047,Heating,Maryland
0.398210504,Residential,shell_factors_res_recs2020+aeo2026_rdm.xlsx/htg_proj,2047,Heating,Massachusetts
0.649693287,Residential,shell_factors_res_recs2020+aeo2026_rdm.xlsx/htg_proj,2047,Heating,Michigan
0.562268302,Residential,shell_factors_res_recs2020+aeo2026_rdm.xlsx/htg_proj,2047,Heating,Minnesota
0.604688175,Residential,shell_factors_res_recs2020+aeo2026_rdm.xlsx/htg_proj,2047,Heating,Mississippi
0.668299646,Residential,shell_factors_res_recs2020+aeo2026_rdm.xlsx/htg_proj,2047,Heating,Missouri
0.578539839,Residential,shell_factors_res_recs2020+aeo2026_rdm.xlsx/htg_proj,2047,Heating,Montana
0.526692732,Residential,shell_factors_res_recs2020+aeo2026_rdm.xlsx/htg_proj,2047,Heating,Nebraska
0.593161745,Residential,shell_factors_res_recs2020+aeo2026_rdm.xlsx/htg_proj,2047,Heating,Nevada
0.391038629,Residential,shell_factors_res_recs2020+aeo2026_rdm.xlsx/htg_proj,2047,Heating,New Hampshire
0.561363315,Residential,shell_factors_res_recs2020+aeo2026_rdm.xlsx/htg_proj,2047,Heating,New Jersey
0.456505151,Residential,shell_factors_res_recs2020+aeo2026_rdm.xlsx/htg_proj,2047,Heating,New Mexico
0.535867637,Residential,shell_factors_res_recs2020+aeo2026_rdm.xlsx/htg_proj,2047,Heating,New York
0.541314311,Residential,shell_factors_res_recs2020+aeo2026_rdm.xlsx/htg_proj,2047,Heating,North Carolina
0.621041215,Residential,shell_factors_res_recs2020+aeo2026_rdm.xlsx/htg_proj,2047,Heating,North Dakota
0.441586223,Residential,shell_factors_res_recs2020+aeo2026_rdm.xlsx/htg_proj,2047,Heating,Ohio
0.626357502,Residential,shell_factors_res_recs2020+aeo2026_rdm.xlsx/htg_proj,2047,Heating,Oklahoma
0.645521146,Residential,shell_factors_res_recs2020+aeo2026_rdm.xlsx/htg_proj,2047,Heating,Oregon
0.468361493,Residential,shell_factors_res_recs2020+aeo2026_rdm.xlsx/htg_proj,2047,Heating,Pennsylvania
0.481095992,Residential,shell_factors_res_recs2020+aeo2026_rdm.xlsx/htg_proj,2047,Heating,Rhode Island
0.642632411,Residential,shell_factors_res_recs2020+aeo2026_rdm.xlsx/htg_proj,2047,Heating,South Carolina
0.608930167,Residential,shell_factors_res_recs2020+aeo2026_rdm.xlsx/htg_proj,2047,Heating,South Dakota
0.715037417,Residential,shell_factors_res_recs2020+aeo2026_rdm.xlsx/htg_proj,2047,Heating,Tennessee
0.641291164,Residential,shell_factors_res_recs2020+aeo2026_rdm.xlsx/htg_proj,2047,Heating,Texas
0.665812706,Residential,shell_factors_res_recs2020+aeo2026_rdm.xlsx/htg_proj,2047,Heating,Utah
0.471439779,Residential,shell_factors_res_recs2020+aeo2026_rdm.xlsx/htg_proj,2047,Heating,Vermont
0.483744343,Residential,shell_factors_res_recs2020+aeo2026_rdm.xlsx/htg_proj,2047,Heating,Virginia
0.633260079,Residential,shell_factors_res_recs2020+aeo2026_rdm.xlsx/htg_proj,2047,Heating,Washington
0.638771113,Residential,shell_factors_res_recs2020+aeo2026_rdm.xlsx/htg_proj,2047,Heating,West Virginia
0.516566179,Residential,shell_factors_res_recs2020+aeo2026_rdm.xlsx/htg_proj,2047,Heating,Wisconsin
0.495576342,Residential,shell_factors_res_recs2020+aeo2026_rdm.xlsx/htg_proj,2047,Heating,Wyoming
0.644710616,Residential,shell_factors_res_recs2020+aeo2026_rdm.xlsx/htg_proj,2048,Heating,Alabama
0.541244274,Residential,shell_factors_res_recs2020+aeo2026_rdm.xlsx/htg_proj,2048,Heating,Arizona
0.614036505,Residential,shell_factors_res_recs2020+aeo2026_rdm.xlsx/htg_proj,2048,Heating,Arkansas
0.465628084,Residential,shell_factors_res_recs2020+aeo2026_rdm.xlsx/htg_proj,2048,Heating,California
0.644282388,Residential,shell_factors_res_recs2020+aeo2026_rdm.xlsx/htg_proj,2048,Heating,Colorado
0.451435785,Residential,shell_factors_res_recs2020+aeo2026_rdm.xlsx/htg_proj,2048,Heating,Connecticut
0.537000420,Residential,shell_factors_res_recs2020+aeo2026_rdm.xlsx/htg_proj,2048,Heating,Delaware
0.362151656,Residential,shell_factors_res_recs2020+aeo2026_rdm.xlsx/htg_proj,2048,Heating,District of Columbia
0.433628816,Residential,shell_factors_res_recs2020+aeo2026_rdm.xlsx/htg_proj,2048,Heating,Florida
0.587164942,Residential,shell_factors_res_recs2020+aeo2026_rdm.xlsx/htg_proj,2048,Heating,Georgia
0.695380386,Residential,shell_factors_res_recs2020+aeo2026_rdm.xlsx/htg_proj,2048,Heating,Idaho
0.582131335,Residential,shell_factors_res_recs2020+aeo2026_rdm.xlsx/htg_proj,2048,Heating,Illinois
0.621568265,Residential,shell_factors_res_recs2020+aeo2026_rdm.xlsx/htg_proj,2048,Heating,Indiana
0.478485281,Residential,shell_factors_res_recs2020+aeo2026_rdm.xlsx/htg_proj,2048,Heating,Iowa
0.713759656,Residential,shell_factors_res_recs2020+aeo2026_rdm.xlsx/htg_proj,2048,Heating,Kansas
0.608101606,Residential,shell_factors_res_recs2020+aeo2026_rdm.xlsx/htg_proj,2048,Heating,Kentucky
0.491526525,Residential,shell_factors_res_recs2020+aeo2026_rdm.xlsx/htg_proj,2048,Heating,Louisiana
0.451465550,Residential,shell_factors_res_recs2020+aeo2026_rdm.xlsx/htg_proj,2048,Heating,Maine
0.499215305,Residential,shell_factors_res_recs2020+aeo2026_rdm.xlsx/htg_proj,2048,Heating,Maryland
0.397839786,Residential,shell_factors_res_recs2020+aeo2026_rdm.xlsx/htg_proj,2048,Heating,Massachusetts
0.649088449,Residential,shell_factors_res_recs2020+aeo2026_rdm.xlsx/htg_proj,2048,Heating,Michigan
0.561744854,Residential,shell_factors_res_recs2020+aeo2026_rdm.xlsx/htg_proj,2048,Heating,Minnesota
0.604125235,Residential,shell_factors_res_recs2020+aeo2026_rdm.xlsx/htg_proj,2048,Heating,Mississippi
0.667677487,Residential,shell_factors_res_recs2020+aeo2026_rdm.xlsx/htg_proj,2048,Heating,Missouri
0.578001243,Residential,shell_factors_res_recs2020+aeo2026_rdm.xlsx/htg_proj,2048,Heating,Montana
0.526202403,Residential,shell_factors_res_recs2020+aeo2026_rdm.xlsx/htg_proj,2048,Heating,Nebraska
0.592609536,Residential,shell_factors_res_recs2020+aeo2026_rdm.xlsx/htg_proj,2048,Heating,Nevada
0.390674588,Residential,shell_factors_res_recs2020+aeo2026_rdm.xlsx/htg_proj,2048,Heating,New Hampshire
0.560840709,Residential,shell_factors_res_recs2020+aeo2026_rdm.xlsx/htg_proj,2048,Heating,New Jersey
0.456080163,Residential,shell_factors_res_recs2020+aeo2026_rdm.xlsx/htg_proj,2048,Heating,New Mexico
0.535368767,Residential,shell_factors_res_recs2020+aeo2026_rdm.xlsx/htg_proj,2048,Heating,New York
0.540810370,Residential,shell_factors_res_recs2020+aeo2026_rdm.xlsx/htg_proj,2048,Heating,North Carolina
0.620463051,Residential,shell_factors_res_recs2020+aeo2026_rdm.xlsx/htg_proj,2048,Heating,North Dakota
0.441175124,Residential,shell_factors_res_recs2020+aeo2026_rdm.xlsx/htg_proj,2048,Heating,Ohio
0.625774389,Residential,shell_factors_res_recs2020+aeo2026_rdm.xlsx/htg_proj,2048,Heating,Oklahoma
0.644920193,Residential,shell_factors_res_recs2020+aeo2026_rdm.xlsx/htg_proj,2048,Heating,Oregon
0.467925467,Residential,shell_factors_res_recs2020+aeo2026_rdm.xlsx/htg_proj,2048,Heating,Pennsylvania
0.480648112,Residential,shell_factors_res_recs2020+aeo2026_rdm.xlsx/htg_proj,2048,Heating,Rhode Island
0.642034147,Residential,shell_factors_res_recs2020+aeo2026_rdm.xlsx/htg_proj,2048,Heating,South Carolina
0.608363278,Residential,shell_factors_res_recs2020+aeo2026_rdm.xlsx/htg_proj,2048,Heating,South Dakota
0.714371746,Residential,shell_factors_res_recs2020+aeo2026_rdm.xlsx/htg_proj,2048,Heating,Tennessee
0.640694148,Residential,shell_factors_res_recs2020+aeo2026_rdm.xlsx/htg_proj,2048,Heating,Texas
0.665192862,Residential,shell_factors_res_recs2020+aeo2026_rdm.xlsx/htg_proj,2048,Heating,Utah
0.471000888,Residential,shell_factors_res_recs2020+aeo2026_rdm.xlsx/htg_proj,2048,Heating,Vermont
0.483293997,Residential,shell_factors_res_recs2020+aeo2026_rdm.xlsx/htg_proj,2048,Heating,Virginia
0.632670540,Residential,shell_factors_res_recs2020+aeo2026_rdm.xlsx/htg_proj,2048,Heating,Washington
0.638176444,Residential,shell_factors_res_recs2020+aeo2026_rdm.xlsx/htg_proj,2048,Heating,West Virginia
0.516085277,Residential,shell_factors_res_recs2020+aeo2026_rdm.xlsx/htg_proj,2048,Heating,Wisconsin
0.495114981,Residential,shell_factors_res_recs2020+aeo2026_rdm.xlsx/htg_proj,2048,Heating,Wyoming
0.644007670,Residential,shell_factors_res_recs2020+aeo2026_rdm.xlsx/htg_proj,2049,Heating,Alabama
0.540654141,Residential,shell_factors_res_recs2020+aeo2026_rdm.xlsx/htg_proj,2049,Heating,Arizona
0.613367005,Residential,shell_factors_res_recs2020+aeo2026_rdm.xlsx/htg_proj,2049,Heating,Arkansas
0.465120397,Residential,shell_factors_res_recs2020+aeo2026_rdm.xlsx/htg_proj,2049,Heating,California
0.643579909,Residential,shell_factors_res_recs2020+aeo2026_rdm.xlsx/htg_proj,2049,Heating,Colorado
0.450943572,Residential,shell_factors_res_recs2020+aeo2026_rdm.xlsx/htg_proj,2049,Heating,Connecticut
0.536414914,Residential,shell_factors_res_recs2020+aeo2026_rdm.xlsx/htg_proj,2049,Heating,Delaware
0.361756792,Residential,shell_factors_res_recs2020+aeo2026_rdm.xlsx/htg_proj,2049,Heating,District of Columbia
0.433156019,Residential,shell_factors_res_recs2020+aeo2026_rdm.xlsx/htg_proj,2049,Heating,Florida
0.586524740,Residential,shell_factors_res_recs2020+aeo2026_rdm.xlsx/htg_proj,2049,Heating,Georgia
0.694622194,Residential,shell_factors_res_recs2020+aeo2026_rdm.xlsx/htg_proj,2049,Heating,Idaho
0.581496621,Residential,shell_factors_res_recs2020+aeo2026_rdm.xlsx/htg_proj,2049,Heating,Illinois
0.620890552,Residential,shell_factors_res_recs2020+aeo2026_rdm.xlsx/htg_proj,2049,Heating,Indiana
0.477963575,Residential,shell_factors_res_recs2020+aeo2026_rdm.xlsx/htg_proj,2049,Heating,Iowa
0.712981425,Residential,shell_factors_res_recs2020+aeo2026_rdm.xlsx/htg_proj,2049,Heating,Kansas
0.607438576,Residential,shell_factors_res_recs2020+aeo2026_rdm.xlsx/htg_proj,2049,Heating,Kentucky
0.490990600,Residential,shell_factors_res_recs2020+aeo2026_rdm.xlsx/htg_proj,2049,Heating,Louisiana
0.450973305,Residential,shell_factors_res_recs2020+aeo2026_rdm.xlsx/htg_proj,2049,Heating,Maine
0.498670997,Residential,shell_factors_res_recs2020+aeo2026_rdm.xlsx/htg_proj,2049,Heating,Maryland
0.397406011,Residential,shell_factors_res_recs2020+aeo2026_rdm.xlsx/htg_proj,2049,Heating,Massachusetts
0.648380731,Residential,shell_factors_res_recs2020+aeo2026_rdm.xlsx/htg_proj,2049,Heating,Michigan
0.561132368,Residential,shell_factors_res_recs2020+aeo2026_rdm.xlsx/htg_proj,2049,Heating,Minnesota
0.603466541,Residential,shell_factors_res_recs2020+aeo2026_rdm.xlsx/htg_proj,2049,Heating,Mississippi
0.666949500,Residential,shell_factors_res_recs2020+aeo2026_rdm.xlsx/htg_proj,2049,Heating,Missouri
0.577371032,Residential,shell_factors_res_recs2020+aeo2026_rdm.xlsx/htg_proj,2049,Heating,Montana
0.525628670,Residential,shell_factors_res_recs2020+aeo2026_rdm.xlsx/htg_proj,2049,Heating,Nebraska
0.591963398,Residential,shell_factors_res_recs2020+aeo2026_rdm.xlsx/htg_proj,2049,Heating,Nevada
0.390248625,Residential,shell_factors_res_recs2020+aeo2026_rdm.xlsx/htg_proj,2049,Heating,New Hampshire
0.560229209,Residential,shell_factors_res_recs2020+aeo2026_rdm.xlsx/htg_proj,2049,Heating,New Jersey
0.455582887,Residential,shell_factors_res_recs2020+aeo2026_rdm.xlsx/htg_proj,2049,Heating,New Mexico
0.534785040,Residential,shell_factors_res_recs2020+aeo2026_rdm.xlsx/htg_proj,2049,Heating,New York
0.540220710,Residential,shell_factors_res_recs2020+aeo2026_rdm.xlsx/htg_proj,2049,Heating,North Carolina
0.619786544,Residential,shell_factors_res_recs2020+aeo2026_rdm.xlsx/htg_proj,2049,Heating,North Dakota
0.440694099,Residential,shell_factors_res_recs2020+aeo2026_rdm.xlsx/htg_proj,2049,Heating,Ohio
0.625092090,Residential,shell_factors_res_recs2020+aeo2026_rdm.xlsx/htg_proj,2049,Heating,Oklahoma
0.644217019,Residential,shell_factors_res_recs2020+aeo2026_rdm.xlsx/htg_proj,2049,Heating,Oregon
0.467415276,Residential,shell_factors_res_recs2020+aeo2026_rdm.xlsx/htg_proj,2049,Heating,Pennsylvania
0.480124048,Residential,shell_factors_res_recs2020+aeo2026_rdm.xlsx/htg_proj,2049,Heating,Rhode Island
0.641334120,Residential,shell_factors_res_recs2020+aeo2026_rdm.xlsx/htg_proj,2049,Heating,South Carolina
0.607699963,Residential,shell_factors_res_recs2020+aeo2026_rdm.xlsx/htg_proj,2049,Heating,South Dakota
0.713592848,Residential,shell_factors_res_recs2020+aeo2026_rdm.xlsx/htg_proj,2049,Heating,Tennessee
0.639995582,Residential,shell_factors_res_recs2020+aeo2026_rdm.xlsx/htg_proj,2049,Heating,Texas
0.664467584,Residential,shell_factors_res_recs2020+aeo2026_rdm.xlsx/htg_proj,2049,Heating,Utah
0.470487343,Residential,shell_factors_res_recs2020+aeo2026_rdm.xlsx/htg_proj,2049,Heating,Vermont
0.482767048,Residential,shell_factors_res_recs2020+aeo2026_rdm.xlsx/htg_proj,2049,Heating,Virginia
0.631980722,Residential,shell_factors_res_recs2020+aeo2026_rdm.xlsx/htg_proj,2049,Heating,Washington
0.637480623,Residential,shell_factors_res_recs2020+aeo2026_rdm.xlsx/htg_proj,2049,Heating,West Virginia
0.515522575,Residential,shell_factors_res_recs2020+aeo2026_rdm.xlsx/htg_proj,2049,Heating,Wisconsin
0.494575144,Residential,shell_factors_res_recs2020+aeo2026_rdm.xlsx/htg_proj,2049,Heating,Wyoming
0.643311430,Residential,shell_factors_res_recs2020+aeo2026_rdm.xlsx/htg_proj,2050,Heating,Alabama
0.540069636,Residential,shell_factors_res_recs2020+aeo2026_rdm.xlsx/htg_proj,2050,Heating,Arizona
0.612703890,Residential,shell_factors_res_recs2020+aeo2026_rdm.xlsx/htg_proj,2050,Heating,Arkansas
0.464617552,Residential,shell_factors_res_recs2020+aeo2026_rdm.xlsx/htg_proj,2050,Heating,California
0.642884131,Residential,shell_factors_res_recs2020+aeo2026_rdm.xlsx/htg_proj,2050,Heating,Colorado
0.450456055,Residential,shell_factors_res_recs2020+aeo2026_rdm.xlsx/htg_proj,2050,Heating,Connecticut
0.535834992,Residential,shell_factors_res_recs2020+aeo2026_rdm.xlsx/htg_proj,2050,Heating,Delaware
0.361365694,Residential,shell_factors_res_recs2020+aeo2026_rdm.xlsx/htg_proj,2050,Heating,District of Columbia
0.432687731,Residential,shell_factors_res_recs2020+aeo2026_rdm.xlsx/htg_proj,2050,Heating,Florida
0.585890644,Residential,shell_factors_res_recs2020+aeo2026_rdm.xlsx/htg_proj,2050,Heating,Georgia
0.693871233,Residential,shell_factors_res_recs2020+aeo2026_rdm.xlsx/htg_proj,2050,Heating,Idaho
0.580867961,Residential,shell_factors_res_recs2020+aeo2026_rdm.xlsx/htg_proj,2050,Heating,Illinois
0.620219304,Residential,shell_factors_res_recs2020+aeo2026_rdm.xlsx/htg_proj,2050,Heating,Indiana
0.477446846,Residential,shell_factors_res_recs2020+aeo2026_rdm.xlsx/htg_proj,2050,Heating,Iowa
0.712210616,Residential,shell_factors_res_recs2020+aeo2026_rdm.xlsx/htg_proj,2050,Heating,Kansas
0.606781871,Residential,shell_factors_res_recs2020+aeo2026_rdm.xlsx/htg_proj,2050,Heating,Kentucky
0.490459787,Residential,shell_factors_res_recs2020+aeo2026_rdm.xlsx/htg_proj,2050,Heating,Louisiana
0.450485755,Residential,shell_factors_res_recs2020+aeo2026_rdm.xlsx/htg_proj,2050,Heating,Maine
0.498131881,Residential,shell_factors_res_recs2020+aeo2026_rdm.xlsx/htg_proj,2050,Heating,Maryland
0.396976373,Residential,shell_factors_res_recs2020+aeo2026_rdm.xlsx/htg_proj,2050,Heating,Massachusetts
0.647679762,Residential,shell_factors_res_recs2020+aeo2026_rdm.xlsx/htg_proj,2050,Heating,Michigan
0.560525724,Residential,shell_factors_res_recs2020+aeo2026_rdm.xlsx/htg_proj,2050,Heating,Minnesota
0.602814130,Residential,shell_factors_res_recs2020+aeo2026_rdm.xlsx/htg_proj,2050,Heating,Mississippi
0.666228456,Residential,shell_factors_res_recs2020+aeo2026_rdm.xlsx/htg_proj,2050,Heating,Missouri
0.576746833,Residential,shell_factors_res_recs2020+aeo2026_rdm.xlsx/htg_proj,2050,Heating,Montana
0.525060410,Residential,shell_factors_res_recs2020+aeo2026_rdm.xlsx/htg_proj,2050,Heating,Nebraska
0.591323423,Residential,shell_factors_res_recs2020+aeo2026_rdm.xlsx/htg_proj,2050,Heating,Nevada
0.389826725,Residential,shell_factors_res_recs2020+aeo2026_rdm.xlsx/htg_proj,2050,Heating,New Hampshire
0.559623542,Residential,shell_factors_res_recs2020+aeo2026_rdm.xlsx/htg_proj,2050,Heating,New Jersey
0.455090353,Residential,shell_factors_res_recs2020+aeo2026_rdm.xlsx/htg_proj,2050,Heating,New Mexico
0.534206880,Residential,shell_factors_res_recs2020+aeo2026_rdm.xlsx/htg_proj,2050,Heating,New York
0.539636674,Residential,shell_factors_res_recs2020+aeo2026_rdm.xlsx/htg_proj,2050,Heating,North Carolina
0.619116489,Residential,shell_factors_res_recs2020+aeo2026_rdm.xlsx/htg_proj,2050,Heating,North Dakota
0.440217662,Residential,shell_factors_res_recs2020+aeo2026_rdm.xlsx/htg_proj,2050,Heating,Ohio
0.624416299,Residential,shell_factors_res_recs2020+aeo2026_rdm.xlsx/htg_proj,2050,Heating,Oklahoma
0.643520552,Residential,shell_factors_res_recs2020+aeo2026_rdm.xlsx/htg_proj,2050,Heating,Oregon
0.466909950,Residential,shell_factors_res_recs2020+aeo2026_rdm.xlsx/htg_proj,2050,Heating,Pennsylvania
0.479604983,Residential,shell_factors_res_recs2020+aeo2026_rdm.xlsx/htg_proj,2050,Heating,Rhode Island
0.640640769,Residential,shell_factors_res_recs2020+aeo2026_rdm.xlsx/htg_proj,2050,Heating,South Carolina
0.607042975,Residential,shell_factors_res_recs2020+aeo2026_rdm.xlsx/htg_proj,2050,Heating,South Dakota
0.712821378,Residential,shell_factors_res_recs2020+aeo2026_rdm.xlsx/htg_proj,2050,Heating,Tennessee
0.639303679,Residential,shell_factors_res_recs2020+aeo2026_rdm.xlsx/htg_proj,2050,Heating,Texas
0.663749224,Residential,shell_factors_res_recs2020+aeo2026_rdm.xlsx/htg_proj,2050,Heating,Utah
0.469978696,Residential,shell_factors_res_recs2020+aeo2026_rdm.xlsx/htg_proj,2050,Heating,Vermont
0.482245126,Residential,shell_factors_res_recs2020+aeo2026_rdm.xlsx/htg_proj,2050,Heating,Virginia
0.631297484,Residential,shell_factors_res_recs2020+aeo2026_rdm.xlsx/htg_proj,2050,Heating,Washington
0.636791438,Residential,shell_factors_res_recs2020+aeo2026_rdm.xlsx/htg_proj,2050,Heating,West Virginia
0.514965240,Residential,shell_factors_res_recs2020+aeo2026_rdm.xlsx/htg_proj,2050,Heating,Wisconsin
0.494040456,Residential,shell_factors_res_recs2020+aeo2026_rdm.xlsx/htg_proj,2050,Heating,Wyoming
0.779318269,Commercial,AEO2026 CDM weighted average across bldg types,2019,Cooling,Vermont
0.779318269,Commercial,AEO2026 CDM weighted average across bldg types,2019,Cooling,Rhode Island
0.779318269,Commercial,AEO2026 CDM weighted average across bldg types,2019,Cooling,New Hampshire
0.779318269,Commercial,AEO2026 CDM weighted average across bldg types,2019,Cooling,Massachusetts
0.779318269,Commercial,AEO2026 CDM weighted average across bldg types,2019,Cooling,Maine
0.779318269,Commercial,AEO2026 CDM weighted average across bldg types,2019,Cooling,Connecticut
0.776459628,Commercial,AEO2026 CDM weighted average across bldg types,2020,Cooling,Vermont
0.776459628,Commercial,AEO2026 CDM weighted average across bldg types,2020,Cooling,Rhode Island
0.776459628,Commercial,AEO2026 CDM weighted average across bldg types,2020,Cooling,New Hampshire
0.776459628,Commercial,AEO2026 CDM weighted average across bldg types,2020,Cooling,Massachusetts
0.776459628,Commercial,AEO2026 CDM weighted average across bldg types,2020,Cooling,Maine
0.776459628,Commercial,AEO2026 CDM weighted average across bldg types,2020,Cooling,Connecticut
0.773334781,Commercial,AEO2026 CDM weighted average across bldg types,2021,Cooling,Vermont
0.773334781,Commercial,AEO2026 CDM weighted average across bldg types,2021,Cooling,Rhode Island
0.773334781,Commercial,AEO2026 CDM weighted average across bldg types,2021,Cooling,New Hampshire
0.773334781,Commercial,AEO2026 CDM weighted average across bldg types,2021,Cooling,Massachusetts
0.773334781,Commercial,AEO2026 CDM weighted average across bldg types,2021,Cooling,Maine
0.773334781,Commercial,AEO2026 CDM weighted average across bldg types,2021,Cooling,Connecticut
0.770272239,Commercial,AEO2026 CDM weighted average across bldg types,2022,Cooling,Vermont
0.770272239,Commercial,AEO2026 CDM weighted average across bldg types,2022,Cooling,Rhode Island
0.770272239,Commercial,AEO2026 CDM weighted average across bldg types,2022,Cooling,New Hampshire
0.770272239,Commercial,AEO2026 CDM weighted average across bldg types,2022,Cooling,Massachusetts
0.770272239,Commercial,AEO2026 CDM weighted average across bldg types,2022,Cooling,Maine
0.770272239,Commercial,AEO2026 CDM weighted average across bldg types,2022,Cooling,Connecticut
0.767271370,Commercial,AEO2026 CDM weighted average across bldg types,2023,Cooling,Vermont
0.767271370,Commercial,AEO2026 CDM weighted average across bldg types,2023,Cooling,Rhode Island
0.767271370,Commercial,AEO2026 CDM weighted average across bldg types,2023,Cooling,New Hampshire
0.767271370,Commercial,AEO2026 CDM weighted average across bldg types,2023,Cooling,Massachusetts
0.767271370,Commercial,AEO2026 CDM weighted average across bldg types,2023,Cooling,Maine
0.767271370,Commercial,AEO2026 CDM weighted average across bldg types,2023,Cooling,Connecticut
0.764332842,Commercial,AEO2026 CDM weighted average across bldg types,2024,Cooling,Vermont
0.764332842,Commercial,AEO2026 CDM weighted average across bldg types,2024,Cooling,Rhode Island
0.764332842,Commercial,AEO2026 CDM weighted average across bldg types,2024,Cooling,New Hampshire
0.764332842,Commercial,AEO2026 CDM weighted average across bldg types,2024,Cooling,Massachusetts
0.764332842,Commercial,AEO2026 CDM weighted average across bldg types,2024,Cooling,Maine
0.764332842,Commercial,AEO2026 CDM weighted average across bldg types,2024,Cooling,Connecticut
0.761456662,Commercial,AEO2026 CDM weighted average across bldg types,2025,Cooling,Vermont
0.761456662,Commercial,AEO2026 CDM weighted average across bldg types,2025,Cooling,Rhode Island
0.761456662,Commercial,AEO2026 CDM weighted average across bldg types,2025,Cooling,New Hampshire
0.761456662,Commercial,AEO2026 CDM weighted average across bldg types,2025,Cooling,Massachusetts
0.761456662,Commercial,AEO2026 CDM weighted average across bldg types,2025,Cooling,Maine
0.761456662,Commercial,AEO2026 CDM weighted average across bldg types,2025,Cooling,Connecticut
0.758642693,Commercial,AEO2026 CDM weighted average across bldg types,2026,Cooling,Vermont
0.758642693,Commercial,AEO2026 CDM weighted average across bldg types,2026,Cooling,Rhode Island
0.758642693,Commercial,AEO2026 CDM weighted average across bldg types,2026,Cooling,New Hampshire
0.758642693,Commercial,AEO2026 CDM weighted average across bldg types,2026,Cooling,Massachusetts
0.758642693,Commercial,AEO2026 CDM weighted average across bldg types,2026,Cooling,Maine
0.758642693,Commercial,AEO2026 CDM weighted average across bldg types,2026,Cooling,Connecticut
0.755891415,Commercial,AEO2026 CDM weighted average across bldg types,2027,Cooling,Vermont
0.755891415,Commercial,AEO2026 CDM weighted average across bldg types,2027,Cooling,Rhode Island
0.755891415,Commercial,AEO2026 CDM weighted average across bldg types,2027,Cooling,New Hampshire
0.755891415,Commercial,AEO2026 CDM weighted average across bldg types,2027,Cooling,Massachusetts
0.755891415,Commercial,AEO2026 CDM weighted average across bldg types,2027,Cooling,Maine
0.755891415,Commercial,AEO2026 CDM weighted average across bldg types,2027,Cooling,Connecticut
0.753202685,Commercial,AEO2026 CDM weighted average across bldg types,2028,Cooling,Vermont
0.753202685,Commercial,AEO2026 CDM weighted average across bldg types,2028,Cooling,Rhode Island
0.753202685,Commercial,AEO2026 CDM weighted average across bldg types,2028,Cooling,New Hampshire
0.753202685,Commercial,AEO2026 CDM weighted average across bldg types,2028,Cooling,Massachusetts
0.753202685,Commercial,AEO2026 CDM weighted average across bldg types,2028,Cooling,Maine
0.753202685,Commercial,AEO2026 CDM weighted average across bldg types,2028,Cooling,Connecticut
0.750576609,Commercial,AEO2026 CDM weighted average across bldg types,2029,Cooling,Vermont
0.750576609,Commercial,AEO2026 CDM weighted average across bldg types,2029,Cooling,Rhode Island
0.750576609,Commercial,AEO2026 CDM weighted average across bldg types,2029,Cooling,New Hampshire
0.750576609,Commercial,AEO2026 CDM weighted average across bldg types,2029,Cooling,Massachusetts
0.750576609,Commercial,AEO2026 CDM weighted average across bldg types,2029,Cooling,Maine
0.750576609,Commercial,AEO2026 CDM weighted average across bldg types,2029,Cooling,Connecticut
0.748013296,Commercial,AEO2026 CDM weighted average across bldg types,2030,Cooling,Vermont
0.748013296,Commercial,AEO2026 CDM weighted average across bldg types,2030,Cooling,Rhode Island
0.748013296,Commercial,AEO2026 CDM weighted average across bldg types,2030,Cooling,New Hampshire
0.748013296,Commercial,AEO2026 CDM weighted average across bldg types,2030,Cooling,Massachusetts
0.748013296,Commercial,AEO2026 CDM weighted average across bldg types,2030,Cooling,Maine
0.748013296,Commercial,AEO2026 CDM weighted average across bldg types,2030,Cooling,Connecticut
0.744979211,Commercial,AEO2026 CDM weighted average across bldg types,2031,Cooling,Vermont
0.744979211,Commercial,AEO2026 CDM weighted average across bldg types,2031,Cooling,Rhode Island
0.744979211,Commercial,AEO2026 CDM weighted average across bldg types,2031,Cooling,New Hampshire
0.744979211,Commercial,AEO2026 CDM weighted average across bldg types,2031,Cooling,Massachusetts
0.744979211,Commercial,AEO2026 CDM weighted average across bldg types,2031,Cooling,Maine
0.744979211,Commercial,AEO2026 CDM weighted average across bldg types,2031,Cooling,Connecticut
0.742006289,Commercial,AEO2026 CDM weighted average across bldg types,2032,Cooling,Vermont
0.742006289,Commercial,AEO2026 CDM weighted average across bldg types,2032,Cooling,Rhode Island
0.742006289,Commercial,AEO2026 CDM weighted average across bldg types,2032,Cooling,New Hampshire
0.742006289,Commercial,AEO2026 CDM weighted average across bldg types,2032,Cooling,Massachusetts
0.742006289,Commercial,AEO2026 CDM weighted average across bldg types,2032,Cooling,Maine
0.742006289,Commercial,AEO2026 CDM weighted average across bldg types,2032,Cooling,Connecticut
0.739094193,Commercial,AEO2026 CDM weighted average across bldg types,2033,Cooling,Vermont
0.739094193,Commercial,AEO2026 CDM weighted average across bldg types,2033,Cooling,Rhode Island
0.739094193,Commercial,AEO2026 CDM weighted average across bldg types,2033,Cooling,New Hampshire
0.739094193,Commercial,AEO2026 CDM weighted average across bldg types,2033,Cooling,Massachusetts
0.739094193,Commercial,AEO2026 CDM weighted average across bldg types,2033,Cooling,Maine
0.739094193,Commercial,AEO2026 CDM weighted average across bldg types,2033,Cooling,Connecticut
0.736243110,Commercial,AEO2026 CDM weighted average across bldg types,2034,Cooling,Vermont
0.736243110,Commercial,AEO2026 CDM weighted average across bldg types,2034,Cooling,Rhode Island
0.736243110,Commercial,AEO2026 CDM weighted average across bldg types,2034,Cooling,New Hampshire
0.736243110,Commercial,AEO2026 CDM weighted average across bldg types,2034,Cooling,Massachusetts
0.736243110,Commercial,AEO2026 CDM weighted average across bldg types,2034,Cooling,Maine
0.736243110,Commercial,AEO2026 CDM weighted average across bldg types,2034,Cooling,Connecticut
0.733452616,Commercial,AEO2026 CDM weighted average across bldg types,2035,Cooling,Vermont
0.733452616,Commercial,AEO2026 CDM weighted average across bldg types,2035,Cooling,Rhode Island
0.733452616,Commercial,AEO2026 CDM weighted average across bldg types,2035,Cooling,New Hampshire
0.733452616,Commercial,AEO2026 CDM weighted average across bldg types,2035,Cooling,Massachusetts
0.733452616,Commercial,AEO2026 CDM weighted average across bldg types,2035,Cooling,Maine
0.733452616,Commercial,AEO2026 CDM weighted average across bldg types,2035,Cooling,Connecticut
0.730722784,Commercial,AEO2026 CDM weighted average across bldg types,2036,Cooling,Vermont
0.730722784,Commercial,AEO2026 CDM weighted average across bldg types,2036,Cooling,Rhode Island
0.730722784,Commercial,AEO2026 CDM weighted average across bldg types,2036,Cooling,New Hampshire
0.730722784,Commercial,AEO2026 CDM weighted average across bldg types,2036,Cooling,Massachusetts
0.730722784,Commercial,AEO2026 CDM weighted average across bldg types,2036,Cooling,Maine
0.730722784,Commercial,AEO2026 CDM weighted average across bldg types,2036,Cooling,Connecticut
0.728053571,Commercial,AEO2026 CDM weighted average across bldg types,2037,Cooling,Vermont
0.728053571,Commercial,AEO2026 CDM weighted average across bldg types,2037,Cooling,Rhode Island
0.728053571,Commercial,AEO2026 CDM weighted average across bldg types,2037,Cooling,New Hampshire
0.728053571,Commercial,AEO2026 CDM weighted average across bldg types,2037,Cooling,Massachusetts
0.728053571,Commercial,AEO2026 CDM weighted average across bldg types,2037,Cooling,Maine
0.728053571,Commercial,AEO2026 CDM weighted average across bldg types,2037,Cooling,Connecticut
0.725444703,Commercial,AEO2026 CDM weighted average across bldg types,2038,Cooling,Vermont
0.725444703,Commercial,AEO2026 CDM weighted average across bldg types,2038,Cooling,Rhode Island
0.725444703,Commercial,AEO2026 CDM weighted average across bldg types,2038,Cooling,New Hampshire
0.725444703,Commercial,AEO2026 CDM weighted average across bldg types,2038,Cooling,Massachusetts
0.725444703,Commercial,AEO2026 CDM weighted average across bldg types,2038,Cooling,Maine
0.725444703,Commercial,AEO2026 CDM weighted average across bldg types,2038,Cooling,Connecticut
0.722896653,Commercial,AEO2026 CDM weighted average across bldg types,2039,Cooling,Vermont
0.722896653,Commercial,AEO2026 CDM weighted average across bldg types,2039,Cooling,Rhode Island
0.722896653,Commercial,AEO2026 CDM weighted average across bldg types,2039,Cooling,New Hampshire
0.722896653,Commercial,AEO2026 CDM weighted average across bldg types,2039,Cooling,Massachusetts
0.722896653,Commercial,AEO2026 CDM weighted average across bldg types,2039,Cooling,Maine
0.722896653,Commercial,AEO2026 CDM weighted average across bldg types,2039,Cooling,Connecticut
0.720408580,Commercial,AEO2026 CDM weighted average across bldg types,2040,Cooling,Vermont
0.720408580,Commercial,AEO2026 CDM weighted average across bldg types,2040,Cooling,Rhode Island
0.720408580,Commercial,AEO2026 CDM weighted average across bldg types,2040,Cooling,New Hampshire
0.720408580,Commercial,AEO2026 CDM weighted average across bldg types,2040,Cooling,Massachusetts
0.720408580,Commercial,AEO2026 CDM weighted average across bldg types,2040,Cooling,Maine
0.720408580,Commercial,AEO2026 CDM weighted average across bldg types,2040,Cooling,Connecticut
0.717540004,Commercial,AEO2026 CDM weighted average across bldg types,2041,Cooling,Vermont
0.717540004,Commercial,AEO2026 CDM weighted average across bldg types,2041,Cooling,Rhode Island
0.717540004,Commercial,AEO2026 CDM weighted average across bldg types,2041,Cooling,New Hampshire
0.717540004,Commercial,AEO2026 CDM weighted average across bldg types,2041,Cooling,Massachusetts
0.717540004,Commercial,AEO2026 CDM weighted average across bldg types,2041,Cooling,Maine
0.717540004,Commercial,AEO2026 CDM weighted average across bldg types,2041,Cooling,Connecticut
0.714731784,Commercial,AEO2026 CDM weighted average across bldg types,2042,Cooling,Vermont
0.714731784,Commercial,AEO2026 CDM weighted average across bldg types,2042,Cooling,Rhode Island
0.714731784,Commercial,AEO2026 CDM weighted average across bldg types,2042,Cooling,New Hampshire
0.714731784,Commercial,AEO2026 CDM weighted average across bldg types,2042,Cooling,Massachusetts
0.714731784,Commercial,AEO2026 CDM weighted average across bldg types,2042,Cooling,Maine
0.714731784,Commercial,AEO2026 CDM weighted average across bldg types,2042,Cooling,Connecticut
0.711983666,Commercial,AEO2026 CDM weighted average across bldg types,2043,Cooling,Vermont
0.711983666,Commercial,AEO2026 CDM weighted average across bldg types,2043,Cooling,Rhode Island
0.711983666,Commercial,AEO2026 CDM weighted average across bldg types,2043,Cooling,New Hampshire
0.711983666,Commercial,AEO2026 CDM weighted average across bldg types,2043,Cooling,Massachusetts
0.711983666,Commercial,AEO2026 CDM weighted average across bldg types,2043,Cooling,Maine
0.711983666,Commercial,AEO2026 CDM weighted average across bldg types,2043,Cooling,Connecticut
0.709295056,Commercial,AEO2026 CDM weighted average across bldg types,2044,Cooling,Vermont
0.709295056,Commercial,AEO2026 CDM weighted average across bldg types,2044,Cooling,Rhode Island
0.709295056,Commercial,AEO2026 CDM weighted average across bldg types,2044,Cooling,New Hampshire
0.709295056,Commercial,AEO2026 CDM weighted average across bldg types,2044,Cooling,Massachusetts
0.709295056,Commercial,AEO2026 CDM weighted average across bldg types,2044,Cooling,Maine
0.709295056,Commercial,AEO2026 CDM weighted average across bldg types,2044,Cooling,Connecticut
0.706665869,Commercial,AEO2026 CDM weighted average across bldg types,2045,Cooling,Vermont
0.706665869,Commercial,AEO2026 CDM weighted average across bldg types,2045,Cooling,Rhode Island
0.706665869,Commercial,AEO2026 CDM weighted average across bldg types,2045,Cooling,New Hampshire
0.706665869,Commercial,AEO2026 CDM weighted average across bldg types,2045,Cooling,Massachusetts
0.706665869,Commercial,AEO2026 CDM weighted average across bldg types,2045,Cooling,Maine
0.706665869,Commercial,AEO2026 CDM weighted average across bldg types,2045,Cooling,Connecticut
0.704095627,Commercial,AEO2026 CDM weighted average across bldg types,2046,Cooling,Vermont
0.704095627,Commercial,AEO2026 CDM weighted average across bldg types,2046,Cooling,Rhode Island
0.704095627,Commercial,AEO2026 CDM weighted average across bldg types,2046,Cooling,New Hampshire
0.704095627,Commercial,AEO2026 CDM weighted average across bldg types,2046,Cooling,Massachusetts
0.704095627,Commercial,AEO2026 CDM weighted average across bldg types,2046,Cooling,Maine
0.704095627,Commercial,AEO2026 CDM weighted average across bldg types,2046,Cooling,Connecticut
0.701584528,Commercial,AEO2026 CDM weighted average across bldg types,2047,Cooling,Vermont
0.701584528,Commercial,AEO2026 CDM weighted average across bldg types,2047,Cooling,Rhode Island
0.701584528,Commercial,AEO2026 CDM weighted average across bldg types,2047,Cooling,New Hampshire
0.701584528,Commercial,AEO2026 CDM weighted average across bldg types,2047,Cooling,Massachusetts
0.701584528,Commercial,AEO2026 CDM weighted average across bldg types,2047,Cooling,Maine
0.701584528,Commercial,AEO2026 CDM weighted average across bldg types,2047,Cooling,Connecticut
0.699132080,Commercial,AEO2026 CDM weighted average across bldg types,2048,Cooling,Vermont
0.699132080,Commercial,AEO2026 CDM weighted average across bldg types,2048,Cooling,Rhode Island
0.699132080,Commercial,AEO2026 CDM weighted average across bldg types,2048,Cooling,New Hampshire
0.699132080,Commercial,AEO2026 CDM weighted average across bldg types,2048,Cooling,Massachusetts
0.699132080,Commercial,AEO2026 CDM weighted average across bldg types,2048,Cooling,Maine
0.699132080,Commercial,AEO2026 CDM weighted average across bldg types,2048,Cooling,Connecticut
0.696737831,Commercial,AEO2026 CDM weighted average across bldg types,2049,Cooling,Vermont
0.696737831,Commercial,AEO2026 CDM weighted average across bldg types,2049,Cooling,Rhode Island
0.696737831,Commercial,AEO2026 CDM weighted average across bldg types,2049,Cooling,New Hampshire
0.696737831,Commercial,AEO2026 CDM weighted average across bldg types,2049,Cooling,Massachusetts
0.696737831,Commercial,AEO2026 CDM weighted average across bldg types,2049,Cooling,Maine
0.696737831,Commercial,AEO2026 CDM weighted average across bldg types,2049,Cooling,Connecticut
0.694402045,Commercial,AEO2026 CDM weighted average across bldg types,2050,Cooling,Vermont
0.694402045,Commercial,AEO2026 CDM weighted average across bldg types,2050,Cooling,Rhode Island
0.694402045,Commercial,AEO2026 CDM weighted average across bldg types,2050,Cooling,New Hampshire
0.694402045,Commercial,AEO2026 CDM weighted average across bldg types,2050,Cooling,Massachusetts
0.694402045,Commercial,AEO2026 CDM weighted average across bldg types,2050,Cooling,Maine
0.694402045,Commercial,AEO2026 CDM weighted average across bldg types,2050,Cooling,Connecticut
0.746279548,Commercial,AEO2026 CDM weighted average across bldg types,2019,Cooling,Pennsylvania
0.746279548,Commercial,AEO2026 CDM weighted average across bldg types,2019,Cooling,New York
0.746279548,Commercial,AEO2026 CDM weighted average across bldg types,2019,Cooling,New Jersey
0.745254061,Commercial,AEO2026 CDM weighted average across bldg types,2020,Cooling,Pennsylvania
0.745254061,Commercial,AEO2026 CDM weighted average across bldg types,2020,Cooling,New York
0.745254061,Commercial,AEO2026 CDM weighted average across bldg types,2020,Cooling,New Jersey
0.743443735,Commercial,AEO2026 CDM weighted average across bldg types,2021,Cooling,Pennsylvania
0.743443735,Commercial,AEO2026 CDM weighted average across bldg types,2021,Cooling,New York
0.743443735,Commercial,AEO2026 CDM weighted average across bldg types,2021,Cooling,New Jersey
0.741783906,Commercial,AEO2026 CDM weighted average across bldg types,2022,Cooling,Pennsylvania
0.741783906,Commercial,AEO2026 CDM weighted average across bldg types,2022,Cooling,New York
0.741783906,Commercial,AEO2026 CDM weighted average across bldg types,2022,Cooling,New Jersey
0.740277422,Commercial,AEO2026 CDM weighted average across bldg types,2023,Cooling,Pennsylvania
0.740277422,Commercial,AEO2026 CDM weighted average across bldg types,2023,Cooling,New York
0.740277422,Commercial,AEO2026 CDM weighted average across bldg types,2023,Cooling,New Jersey
0.738926160,Commercial,AEO2026 CDM weighted average across bldg types,2024,Cooling,Pennsylvania
0.738926160,Commercial,AEO2026 CDM weighted average across bldg types,2024,Cooling,New York
0.738926160,Commercial,AEO2026 CDM weighted average across bldg types,2024,Cooling,New Jersey
0.737732607,Commercial,AEO2026 CDM weighted average across bldg types,2025,Cooling,Pennsylvania
0.737732607,Commercial,AEO2026 CDM weighted average across bldg types,2025,Cooling,New York
0.737732607,Commercial,AEO2026 CDM weighted average across bldg types,2025,Cooling,New Jersey
0.736699180,Commercial,AEO2026 CDM weighted average across bldg types,2026,Cooling,Pennsylvania
0.736699180,Commercial,AEO2026 CDM weighted average across bldg types,2026,Cooling,New York
0.736699180,Commercial,AEO2026 CDM weighted average across bldg types,2026,Cooling,New Jersey
0.735828483,Commercial,AEO2026 CDM weighted average across bldg types,2027,Cooling,Pennsylvania
0.735828483,Commercial,AEO2026 CDM weighted average across bldg types,2027,Cooling,New York
0.735828483,Commercial,AEO2026 CDM weighted average across bldg types,2027,Cooling,New Jersey
0.735123207,Commercial,AEO2026 CDM weighted average across bldg types,2028,Cooling,Pennsylvania
0.735123207,Commercial,AEO2026 CDM weighted average across bldg types,2028,Cooling,New York
0.735123207,Commercial,AEO2026 CDM weighted average across bldg types,2028,Cooling,New Jersey
0.734586131,Commercial,AEO2026 CDM weighted average across bldg types,2029,Cooling,Pennsylvania
0.734586131,Commercial,AEO2026 CDM weighted average across bldg types,2029,Cooling,New York
0.734586131,Commercial,AEO2026 CDM weighted average across bldg types,2029,Cooling,New Jersey
0.734219873,Commercial,AEO2026 CDM weighted average across bldg types,2030,Cooling,Pennsylvania
0.734219873,Commercial,AEO2026 CDM weighted average across bldg types,2030,Cooling,New York
0.734219873,Commercial,AEO2026 CDM weighted average across bldg types,2030,Cooling,New Jersey
0.732509019,Commercial,AEO2026 CDM weighted average across bldg types,2031,Cooling,Pennsylvania
0.732509019,Commercial,AEO2026 CDM weighted average across bldg types,2031,Cooling,New York
0.732509019,Commercial,AEO2026 CDM weighted average across bldg types,2031,Cooling,New Jersey
0.730934165,Commercial,AEO2026 CDM weighted average across bldg types,2032,Cooling,Pennsylvania
0.730934165,Commercial,AEO2026 CDM weighted average across bldg types,2032,Cooling,New York
0.730934165,Commercial,AEO2026 CDM weighted average across bldg types,2032,Cooling,New Jersey
0.729496673,Commercial,AEO2026 CDM weighted average across bldg types,2033,Cooling,Pennsylvania
0.729496673,Commercial,AEO2026 CDM weighted average across bldg types,2033,Cooling,New York
0.729496673,Commercial,AEO2026 CDM weighted average across bldg types,2033,Cooling,New Jersey
0.728197591,Commercial,AEO2026 CDM weighted average across bldg types,2034,Cooling,Pennsylvania
0.728197591,Commercial,AEO2026 CDM weighted average across bldg types,2034,Cooling,New York
0.728197591,Commercial,AEO2026 CDM weighted average across bldg types,2034,Cooling,New Jersey
0.727038056,Commercial,AEO2026 CDM weighted average across bldg types,2035,Cooling,Pennsylvania
0.727038056,Commercial,AEO2026 CDM weighted average across bldg types,2035,Cooling,New York
0.727038056,Commercial,AEO2026 CDM weighted average across bldg types,2035,Cooling,New Jersey
0.726019107,Commercial,AEO2026 CDM weighted average across bldg types,2036,Cooling,Pennsylvania
0.726019107,Commercial,AEO2026 CDM weighted average across bldg types,2036,Cooling,New York
0.726019107,Commercial,AEO2026 CDM weighted average across bldg types,2036,Cooling,New Jersey
0.725142186,Commercial,AEO2026 CDM weighted average across bldg types,2037,Cooling,Pennsylvania
0.725142186,Commercial,AEO2026 CDM weighted average across bldg types,2037,Cooling,New York
0.725142186,Commercial,AEO2026 CDM weighted average across bldg types,2037,Cooling,New Jersey
0.724408187,Commercial,AEO2026 CDM weighted average across bldg types,2038,Cooling,Pennsylvania
0.724408187,Commercial,AEO2026 CDM weighted average across bldg types,2038,Cooling,New York
0.724408187,Commercial,AEO2026 CDM weighted average across bldg types,2038,Cooling,New Jersey
0.723818723,Commercial,AEO2026 CDM weighted average across bldg types,2039,Cooling,Pennsylvania
0.723818723,Commercial,AEO2026 CDM weighted average across bldg types,2039,Cooling,New York
0.723818723,Commercial,AEO2026 CDM weighted average across bldg types,2039,Cooling,New Jersey
0.723375152,Commercial,AEO2026 CDM weighted average across bldg types,2040,Cooling,Pennsylvania
0.723375152,Commercial,AEO2026 CDM weighted average across bldg types,2040,Cooling,New York
0.723375152,Commercial,AEO2026 CDM weighted average across bldg types,2040,Cooling,New Jersey
0.721741554,Commercial,AEO2026 CDM weighted average across bldg types,2041,Cooling,Pennsylvania
0.721741554,Commercial,AEO2026 CDM weighted average across bldg types,2041,Cooling,New York
0.721741554,Commercial,AEO2026 CDM weighted average across bldg types,2041,Cooling,New Jersey
0.720237036,Commercial,AEO2026 CDM weighted average across bldg types,2042,Cooling,Pennsylvania
0.720237036,Commercial,AEO2026 CDM weighted average across bldg types,2042,Cooling,New York
0.720237036,Commercial,AEO2026 CDM weighted average across bldg types,2042,Cooling,New Jersey
0.718861808,Commercial,AEO2026 CDM weighted average across bldg types,2043,Cooling,Pennsylvania
0.718861808,Commercial,AEO2026 CDM weighted average across bldg types,2043,Cooling,New York
0.718861808,Commercial,AEO2026 CDM weighted average across bldg types,2043,Cooling,New Jersey
0.717616743,Commercial,AEO2026 CDM weighted average across bldg types,2044,Cooling,Pennsylvania
0.717616743,Commercial,AEO2026 CDM weighted average across bldg types,2044,Cooling,New York
0.717616743,Commercial,AEO2026 CDM weighted average across bldg types,2044,Cooling,New Jersey
0.716501683,Commercial,AEO2026 CDM weighted average across bldg types,2045,Cooling,Pennsylvania
0.716501683,Commercial,AEO2026 CDM weighted average across bldg types,2045,Cooling,New York
0.716501683,Commercial,AEO2026 CDM weighted average across bldg types,2045,Cooling,New Jersey
0.715516959,Commercial,AEO2026 CDM weighted average across bldg types,2046,Cooling,Pennsylvania
0.715516959,Commercial,AEO2026 CDM weighted average across bldg types,2046,Cooling,New York
0.715516959,Commercial,AEO2026 CDM weighted average across bldg types,2046,Cooling,New Jersey
0.714663368,Commercial,AEO2026 CDM weighted average across bldg types,2047,Cooling,Pennsylvania
0.714663368,Commercial,AEO2026 CDM weighted average across bldg types,2047,Cooling,New York
0.714663368,Commercial,AEO2026 CDM weighted average across bldg types,2047,Cooling,New Jersey
0.713941045,Commercial,AEO2026 CDM weighted average across bldg types,2048,Cooling,Pennsylvania
0.713941045,Commercial,AEO2026 CDM weighted average across bldg types,2048,Cooling,New York
0.713941045,Commercial,AEO2026 CDM weighted average across bldg types,2048,Cooling,New Jersey
0.713350592,Commercial,AEO2026 CDM weighted average across bldg types,2049,Cooling,Pennsylvania
0.713350592,Commercial,AEO2026 CDM weighted average across bldg types,2049,Cooling,New York
0.713350592,Commercial,AEO2026 CDM weighted average across bldg types,2049,Cooling,New Jersey
0.712892830,Commercial,AEO2026 CDM weighted average across bldg types,2050,Cooling,Pennsylvania
0.712892830,Commercial,AEO2026 CDM weighted average across bldg types,2050,Cooling,New York
0.712892830,Commercial,AEO2026 CDM weighted average across bldg types,2050,Cooling,New Jersey
0.814995379,Commercial,AEO2026 CDM weighted average across bldg types,2019,Cooling,Wisconsin
0.814995379,Commercial,AEO2026 CDM weighted average across bldg types,2019,Cooling,Ohio
0.814995379,Commercial,AEO2026 CDM weighted average across bldg types,2019,Cooling,Michigan
0.814995379,Commercial,AEO2026 CDM weighted average across bldg types,2019,Cooling,Illinois
0.814995379,Commercial,AEO2026 CDM weighted average across bldg types,2019,Cooling,Indiana
0.815530123,Commercial,AEO2026 CDM weighted average across bldg types,2020,Cooling,Wisconsin
0.815530123,Commercial,AEO2026 CDM weighted average across bldg types,2020,Cooling,Ohio
0.815530123,Commercial,AEO2026 CDM weighted average across bldg types,2020,Cooling,Michigan
0.815530123,Commercial,AEO2026 CDM weighted average across bldg types,2020,Cooling,Illinois
0.815530123,Commercial,AEO2026 CDM weighted average across bldg types,2020,Cooling,Indiana
0.815620847,Commercial,AEO2026 CDM weighted average across bldg types,2021,Cooling,Wisconsin
0.815620847,Commercial,AEO2026 CDM weighted average across bldg types,2021,Cooling,Ohio
0.815620847,Commercial,AEO2026 CDM weighted average across bldg types,2021,Cooling,Michigan
0.815620847,Commercial,AEO2026 CDM weighted average across bldg types,2021,Cooling,Illinois
0.815620847,Commercial,AEO2026 CDM weighted average across bldg types,2021,Cooling,Indiana
0.815799792,Commercial,AEO2026 CDM weighted average across bldg types,2022,Cooling,Wisconsin
0.815799792,Commercial,AEO2026 CDM weighted average across bldg types,2022,Cooling,Ohio
0.815799792,Commercial,AEO2026 CDM weighted average across bldg types,2022,Cooling,Michigan
0.815799792,Commercial,AEO2026 CDM weighted average across bldg types,2022,Cooling,Illinois
0.815799792,Commercial,AEO2026 CDM weighted average across bldg types,2022,Cooling,Indiana
0.816068488,Commercial,AEO2026 CDM weighted average across bldg types,2023,Cooling,Wisconsin
0.816068488,Commercial,AEO2026 CDM weighted average across bldg types,2023,Cooling,Ohio
0.816068488,Commercial,AEO2026 CDM weighted average across bldg types,2023,Cooling,Michigan
0.816068488,Commercial,AEO2026 CDM weighted average across bldg types,2023,Cooling,Illinois
0.816068488,Commercial,AEO2026 CDM weighted average across bldg types,2023,Cooling,Indiana
0.816428008,Commercial,AEO2026 CDM weighted average across bldg types,2024,Cooling,Wisconsin
0.816428008,Commercial,AEO2026 CDM weighted average across bldg types,2024,Cooling,Ohio
0.816428008,Commercial,AEO2026 CDM weighted average across bldg types,2024,Cooling,Michigan
0.816428008,Commercial,AEO2026 CDM weighted average across bldg types,2024,Cooling,Illinois
0.816428008,Commercial,AEO2026 CDM weighted average across bldg types,2024,Cooling,Indiana
0.816879736,Commercial,AEO2026 CDM weighted average across bldg types,2025,Cooling,Wisconsin
0.816879736,Commercial,AEO2026 CDM weighted average across bldg types,2025,Cooling,Ohio
0.816879736,Commercial,AEO2026 CDM weighted average across bldg types,2025,Cooling,Michigan
0.816879736,Commercial,AEO2026 CDM weighted average across bldg types,2025,Cooling,Illinois
0.816879736,Commercial,AEO2026 CDM weighted average across bldg types,2025,Cooling,Indiana
0.817425773,Commercial,AEO2026 CDM weighted average across bldg types,2026,Cooling,Wisconsin
0.817425773,Commercial,AEO2026 CDM weighted average across bldg types,2026,Cooling,Ohio
0.817425773,Commercial,AEO2026 CDM weighted average across bldg types,2026,Cooling,Michigan
0.817425773,Commercial,AEO2026 CDM weighted average across bldg types,2026,Cooling,Illinois
0.817425773,Commercial,AEO2026 CDM weighted average across bldg types,2026,Cooling,Indiana
0.818067097,Commercial,AEO2026 CDM weighted average across bldg types,2027,Cooling,Wisconsin
0.818067097,Commercial,AEO2026 CDM weighted average across bldg types,2027,Cooling,Ohio
0.818067097,Commercial,AEO2026 CDM weighted average across bldg types,2027,Cooling,Michigan
0.818067097,Commercial,AEO2026 CDM weighted average across bldg types,2027,Cooling,Illinois
0.818067097,Commercial,AEO2026 CDM weighted average across bldg types,2027,Cooling,Indiana
0.818805162,Commercial,AEO2026 CDM weighted average across bldg types,2028,Cooling,Wisconsin
0.818805162,Commercial,AEO2026 CDM weighted average across bldg types,2028,Cooling,Ohio
0.818805162,Commercial,AEO2026 CDM weighted average across bldg types,2028,Cooling,Michigan
0.818805162,Commercial,AEO2026 CDM weighted average across bldg types,2028,Cooling,Illinois
0.818805162,Commercial,AEO2026 CDM weighted average across bldg types,2028,Cooling,Indiana
0.819642407,Commercial,AEO2026 CDM weighted average across bldg types,2029,Cooling,Wisconsin
0.819642407,Commercial,AEO2026 CDM weighted average across bldg types,2029,Cooling,Ohio
0.819642407,Commercial,AEO2026 CDM weighted average across bldg types,2029,Cooling,Michigan
0.819642407,Commercial,AEO2026 CDM weighted average across bldg types,2029,Cooling,Illinois
0.819642407,Commercial,AEO2026 CDM weighted average across bldg types,2029,Cooling,Indiana
0.820579993,Commercial,AEO2026 CDM weighted average across bldg types,2030,Cooling,Wisconsin
0.820579993,Commercial,AEO2026 CDM weighted average across bldg types,2030,Cooling,Ohio
0.820579993,Commercial,AEO2026 CDM weighted average across bldg types,2030,Cooling,Michigan
0.820579993,Commercial,AEO2026 CDM weighted average across bldg types,2030,Cooling,Illinois
0.820579993,Commercial,AEO2026 CDM weighted average across bldg types,2030,Cooling,Indiana
0.820777365,Commercial,AEO2026 CDM weighted average across bldg types,2031,Cooling,Wisconsin
0.820777365,Commercial,AEO2026 CDM weighted average across bldg types,2031,Cooling,Ohio
0.820777365,Commercial,AEO2026 CDM weighted average across bldg types,2031,Cooling,Michigan
0.820777365,Commercial,AEO2026 CDM weighted average across bldg types,2031,Cooling,Illinois
0.820777365,Commercial,AEO2026 CDM weighted average across bldg types,2031,Cooling,Indiana
0.821051879,Commercial,AEO2026 CDM weighted average across bldg types,2032,Cooling,Wisconsin
0.821051879,Commercial,AEO2026 CDM weighted average across bldg types,2032,Cooling,Ohio
0.821051879,Commercial,AEO2026 CDM weighted average across bldg types,2032,Cooling,Michigan
0.821051879,Commercial,AEO2026 CDM weighted average across bldg types,2032,Cooling,Illinois
0.821051879,Commercial,AEO2026 CDM weighted average across bldg types,2032,Cooling,Indiana
0.821403159,Commercial,AEO2026 CDM weighted average across bldg types,2033,Cooling,Wisconsin
0.821403159,Commercial,AEO2026 CDM weighted average across bldg types,2033,Cooling,Ohio
0.821403159,Commercial,AEO2026 CDM weighted average across bldg types,2033,Cooling,Michigan
0.821403159,Commercial,AEO2026 CDM weighted average across bldg types,2033,Cooling,Illinois
0.821403159,Commercial,AEO2026 CDM weighted average across bldg types,2033,Cooling,Indiana
0.821833313,Commercial,AEO2026 CDM weighted average across bldg types,2034,Cooling,Wisconsin
0.821833313,Commercial,AEO2026 CDM weighted average across bldg types,2034,Cooling,Ohio
0.821833313,Commercial,AEO2026 CDM weighted average across bldg types,2034,Cooling,Michigan
0.821833313,Commercial,AEO2026 CDM weighted average across bldg types,2034,Cooling,Illinois
0.821833313,Commercial,AEO2026 CDM weighted average across bldg types,2034,Cooling,Indiana
0.822342453,Commercial,AEO2026 CDM weighted average across bldg types,2035,Cooling,Wisconsin
0.822342453,Commercial,AEO2026 CDM weighted average across bldg types,2035,Cooling,Ohio
0.822342453,Commercial,AEO2026 CDM weighted average across bldg types,2035,Cooling,Michigan
0.822342453,Commercial,AEO2026 CDM weighted average across bldg types,2035,Cooling,Illinois
0.822342453,Commercial,AEO2026 CDM weighted average across bldg types,2035,Cooling,Indiana
0.822932084,Commercial,AEO2026 CDM weighted average across bldg types,2036,Cooling,Wisconsin
0.822932084,Commercial,AEO2026 CDM weighted average across bldg types,2036,Cooling,Ohio
0.822932084,Commercial,AEO2026 CDM weighted average across bldg types,2036,Cooling,Michigan
0.822932084,Commercial,AEO2026 CDM weighted average across bldg types,2036,Cooling,Illinois
0.822932084,Commercial,AEO2026 CDM weighted average across bldg types,2036,Cooling,Indiana
0.823602921,Commercial,AEO2026 CDM weighted average across bldg types,2037,Cooling,Wisconsin
0.823602921,Commercial,AEO2026 CDM weighted average across bldg types,2037,Cooling,Ohio
0.823602921,Commercial,AEO2026 CDM weighted average across bldg types,2037,Cooling,Michigan
0.823602921,Commercial,AEO2026 CDM weighted average across bldg types,2037,Cooling,Illinois
0.823602921,Commercial,AEO2026 CDM weighted average across bldg types,2037,Cooling,Indiana
0.824355985,Commercial,AEO2026 CDM weighted average across bldg types,2038,Cooling,Wisconsin
0.824355985,Commercial,AEO2026 CDM weighted average across bldg types,2038,Cooling,Ohio
0.824355985,Commercial,AEO2026 CDM weighted average across bldg types,2038,Cooling,Michigan
0.824355985,Commercial,AEO2026 CDM weighted average across bldg types,2038,Cooling,Illinois
0.824355985,Commercial,AEO2026 CDM weighted average across bldg types,2038,Cooling,Indiana
0.825192136,Commercial,AEO2026 CDM weighted average across bldg types,2039,Cooling,Wisconsin
0.825192136,Commercial,AEO2026 CDM weighted average across bldg types,2039,Cooling,Ohio
0.825192136,Commercial,AEO2026 CDM weighted average across bldg types,2039,Cooling,Michigan
0.825192136,Commercial,AEO2026 CDM weighted average across bldg types,2039,Cooling,Illinois
0.825192136,Commercial,AEO2026 CDM weighted average across bldg types,2039,Cooling,Indiana
0.826112628,Commercial,AEO2026 CDM weighted average across bldg types,2040,Cooling,Wisconsin
0.826112628,Commercial,AEO2026 CDM weighted average across bldg types,2040,Cooling,Ohio
0.826112628,Commercial,AEO2026 CDM weighted average across bldg types,2040,Cooling,Michigan
0.826112628,Commercial,AEO2026 CDM weighted average across bldg types,2040,Cooling,Illinois
0.826112628,Commercial,AEO2026 CDM weighted average across bldg types,2040,Cooling,Indiana
0.826346392,Commercial,AEO2026 CDM weighted average across bldg types,2041,Cooling,Wisconsin
0.826346392,Commercial,AEO2026 CDM weighted average across bldg types,2041,Cooling,Ohio
0.826346392,Commercial,AEO2026 CDM weighted average across bldg types,2041,Cooling,Michigan
0.826346392,Commercial,AEO2026 CDM weighted average across bldg types,2041,Cooling,Illinois
0.826346392,Commercial,AEO2026 CDM weighted average across bldg types,2041,Cooling,Indiana
0.826649898,Commercial,AEO2026 CDM weighted average across bldg types,2042,Cooling,Wisconsin
0.826649898,Commercial,AEO2026 CDM weighted average across bldg types,2042,Cooling,Ohio
0.826649898,Commercial,AEO2026 CDM weighted average across bldg types,2042,Cooling,Michigan
0.826649898,Commercial,AEO2026 CDM weighted average across bldg types,2042,Cooling,Illinois
0.826649898,Commercial,AEO2026 CDM weighted average across bldg types,2042,Cooling,Indiana
0.827023518,Commercial,AEO2026 CDM weighted average across bldg types,2043,Cooling,Wisconsin
0.827023518,Commercial,AEO2026 CDM weighted average across bldg types,2043,Cooling,Ohio
0.827023518,Commercial,AEO2026 CDM weighted average across bldg types,2043,Cooling,Michigan
0.827023518,Commercial,AEO2026 CDM weighted average across bldg types,2043,Cooling,Illinois
0.827023518,Commercial,AEO2026 CDM weighted average across bldg types,2043,Cooling,Indiana
0.827467866,Commercial,AEO2026 CDM weighted average across bldg types,2044,Cooling,Wisconsin
0.827467866,Commercial,AEO2026 CDM weighted average across bldg types,2044,Cooling,Ohio
0.827467866,Commercial,AEO2026 CDM weighted average across bldg types,2044,Cooling,Michigan
0.827467866,Commercial,AEO2026 CDM weighted average across bldg types,2044,Cooling,Illinois
0.827467866,Commercial,AEO2026 CDM weighted average across bldg types,2044,Cooling,Indiana
0.827983443,Commercial,AEO2026 CDM weighted average across bldg types,2045,Cooling,Wisconsin
0.827983443,Commercial,AEO2026 CDM weighted average across bldg types,2045,Cooling,Ohio
0.827983443,Commercial,AEO2026 CDM weighted average across bldg types,2045,Cooling,Michigan
0.827983443,Commercial,AEO2026 CDM weighted average across bldg types,2045,Cooling,Illinois
0.827983443,Commercial,AEO2026 CDM weighted average across bldg types,2045,Cooling,Indiana
0.828570953,Commercial,AEO2026 CDM weighted average across bldg types,2046,Cooling,Wisconsin
0.828570953,Commercial,AEO2026 CDM weighted average across bldg types,2046,Cooling,Ohio
0.828570953,Commercial,AEO2026 CDM weighted average across bldg types,2046,Cooling,Michigan
0.828570953,Commercial,AEO2026 CDM weighted average across bldg types,2046,Cooling,Illinois
0.828570953,Commercial,AEO2026 CDM weighted average across bldg types,2046,Cooling,Indiana
0.829230773,Commercial,AEO2026 CDM weighted average across bldg types,2047,Cooling,Wisconsin
0.829230773,Commercial,AEO2026 CDM weighted average across bldg types,2047,Cooling,Ohio
0.829230773,Commercial,AEO2026 CDM weighted average across bldg types,2047,Cooling,Michigan
0.829230773,Commercial,AEO2026 CDM weighted average across bldg types,2047,Cooling,Illinois
0.829230773,Commercial,AEO2026 CDM weighted average across bldg types,2047,Cooling,Indiana
0.829963964,Commercial,AEO2026 CDM weighted average across bldg types,2048,Cooling,Wisconsin
0.829963964,Commercial,AEO2026 CDM weighted average across bldg types,2048,Cooling,Ohio
0.829963964,Commercial,AEO2026 CDM weighted average across bldg types,2048,Cooling,Michigan
0.829963964,Commercial,AEO2026 CDM weighted average across bldg types,2048,Cooling,Illinois
0.829963964,Commercial,AEO2026 CDM weighted average across bldg types,2048,Cooling,Indiana
0.830770554,Commercial,AEO2026 CDM weighted average across bldg types,2049,Cooling,Wisconsin
0.830770554,Commercial,AEO2026 CDM weighted average across bldg types,2049,Cooling,Ohio
0.830770554,Commercial,AEO2026 CDM weighted average across bldg types,2049,Cooling,Michigan
0.830770554,Commercial,AEO2026 CDM weighted average across bldg types,2049,Cooling,Illinois
0.830770554,Commercial,AEO2026 CDM weighted average across bldg types,2049,Cooling,Indiana
0.831651976,Commercial,AEO2026 CDM weighted average across bldg types,2050,Cooling,Wisconsin
0.831651976,Commercial,AEO2026 CDM weighted average across bldg types,2050,Cooling,Ohio
0.831651976,Commercial,AEO2026 CDM weighted average across bldg types,2050,Cooling,Michigan
0.831651976,Commercial,AEO2026 CDM weighted average across bldg types,2050,Cooling,Illinois
0.831651976,Commercial,AEO2026 CDM weighted average across bldg types,2050,Cooling,Indiana
0.726431248,Commercial,AEO2026 CDM weighted average across bldg types,2019,Cooling,South Dakota
0.726431248,Commercial,AEO2026 CDM weighted average across bldg types,2019,Cooling,North Dakota
0.726431248,Commercial,AEO2026 CDM weighted average across bldg types,2019,Cooling,Nebraska
0.726431248,Commercial,AEO2026 CDM weighted average across bldg types,2019,Cooling,Missouri
0.726431248,Commercial,AEO2026 CDM weighted average across bldg types,2019,Cooling,Minnesota
0.726431248,Commercial,AEO2026 CDM weighted average across bldg types,2019,Cooling,Iowa
0.726431248,Commercial,AEO2026 CDM weighted average across bldg types,2019,Cooling,Kansas
0.721970732,Commercial,AEO2026 CDM weighted average across bldg types,2020,Cooling,South Dakota
0.721970732,Commercial,AEO2026 CDM weighted average across bldg types,2020,Cooling,North Dakota
0.721970732,Commercial,AEO2026 CDM weighted average across bldg types,2020,Cooling,Nebraska
0.721970732,Commercial,AEO2026 CDM weighted average across bldg types,2020,Cooling,Missouri
0.721970732,Commercial,AEO2026 CDM weighted average across bldg types,2020,Cooling,Minnesota
0.721970732,Commercial,AEO2026 CDM weighted average across bldg types,2020,Cooling,Iowa
0.721970732,Commercial,AEO2026 CDM weighted average across bldg types,2020,Cooling,Kansas
0.717319911,Commercial,AEO2026 CDM weighted average across bldg types,2021,Cooling,South Dakota
0.717319911,Commercial,AEO2026 CDM weighted average across bldg types,2021,Cooling,North Dakota
0.717319911,Commercial,AEO2026 CDM weighted average across bldg types,2021,Cooling,Nebraska
0.717319911,Commercial,AEO2026 CDM weighted average across bldg types,2021,Cooling,Missouri
0.717319911,Commercial,AEO2026 CDM weighted average across bldg types,2021,Cooling,Minnesota
0.717319911,Commercial,AEO2026 CDM weighted average across bldg types,2021,Cooling,Iowa
0.717319911,Commercial,AEO2026 CDM weighted average across bldg types,2021,Cooling,Kansas
0.712717274,Commercial,AEO2026 CDM weighted average across bldg types,2022,Cooling,South Dakota
0.712717274,Commercial,AEO2026 CDM weighted average across bldg types,2022,Cooling,North Dakota
0.712717274,Commercial,AEO2026 CDM weighted average across bldg types,2022,Cooling,Nebraska
0.712717274,Commercial,AEO2026 CDM weighted average across bldg types,2022,Cooling,Missouri
0.712717274,Commercial,AEO2026 CDM weighted average across bldg types,2022,Cooling,Minnesota
0.712717274,Commercial,AEO2026 CDM weighted average across bldg types,2022,Cooling,Iowa
0.712717274,Commercial,AEO2026 CDM weighted average across bldg types,2022,Cooling,Kansas
0.708162432,Commercial,AEO2026 CDM weighted average across bldg types,2023,Cooling,South Dakota
0.708162432,Commercial,AEO2026 CDM weighted average across bldg types,2023,Cooling,North Dakota
0.708162432,Commercial,AEO2026 CDM weighted average across bldg types,2023,Cooling,Nebraska
0.708162432,Commercial,AEO2026 CDM weighted average across bldg types,2023,Cooling,Missouri
0.708162432,Commercial,AEO2026 CDM weighted average across bldg types,2023,Cooling,Minnesota
0.708162432,Commercial,AEO2026 CDM weighted average across bldg types,2023,Cooling,Iowa
0.708162432,Commercial,AEO2026 CDM weighted average across bldg types,2023,Cooling,Kansas
0.703654793,Commercial,AEO2026 CDM weighted average across bldg types,2024,Cooling,South Dakota
0.703654793,Commercial,AEO2026 CDM weighted average across bldg types,2024,Cooling,North Dakota
0.703654793,Commercial,AEO2026 CDM weighted average across bldg types,2024,Cooling,Nebraska
0.703654793,Commercial,AEO2026 CDM weighted average across bldg types,2024,Cooling,Missouri
0.703654793,Commercial,AEO2026 CDM weighted average across bldg types,2024,Cooling,Minnesota
0.703654793,Commercial,AEO2026 CDM weighted average across bldg types,2024,Cooling,Iowa
0.703654793,Commercial,AEO2026 CDM weighted average across bldg types,2024,Cooling,Kansas
0.699193671,Commercial,AEO2026 CDM weighted average across bldg types,2025,Cooling,South Dakota
0.699193671,Commercial,AEO2026 CDM weighted average across bldg types,2025,Cooling,North Dakota
0.699193671,Commercial,AEO2026 CDM weighted average across bldg types,2025,Cooling,Nebraska
0.699193671,Commercial,AEO2026 CDM weighted average across bldg types,2025,Cooling,Missouri
0.699193671,Commercial,AEO2026 CDM weighted average across bldg types,2025,Cooling,Minnesota
0.699193671,Commercial,AEO2026 CDM weighted average across bldg types,2025,Cooling,Iowa
0.699193671,Commercial,AEO2026 CDM weighted average across bldg types,2025,Cooling,Kansas
0.694779402,Commercial,AEO2026 CDM weighted average across bldg types,2026,Cooling,South Dakota
0.694779402,Commercial,AEO2026 CDM weighted average across bldg types,2026,Cooling,North Dakota
0.694779402,Commercial,AEO2026 CDM weighted average across bldg types,2026,Cooling,Nebraska
0.694779402,Commercial,AEO2026 CDM weighted average across bldg types,2026,Cooling,Missouri
0.694779402,Commercial,AEO2026 CDM weighted average across bldg types,2026,Cooling,Minnesota
0.694779402,Commercial,AEO2026 CDM weighted average across bldg types,2026,Cooling,Iowa
0.694779402,Commercial,AEO2026 CDM weighted average across bldg types,2026,Cooling,Kansas
0.690411217,Commercial,AEO2026 CDM weighted average across bldg types,2027,Cooling,South Dakota
0.690411217,Commercial,AEO2026 CDM weighted average across bldg types,2027,Cooling,North Dakota
0.690411217,Commercial,AEO2026 CDM weighted average across bldg types,2027,Cooling,Nebraska
0.690411217,Commercial,AEO2026 CDM weighted average across bldg types,2027,Cooling,Missouri
0.690411217,Commercial,AEO2026 CDM weighted average across bldg types,2027,Cooling,Minnesota
0.690411217,Commercial,AEO2026 CDM weighted average across bldg types,2027,Cooling,Iowa
0.690411217,Commercial,AEO2026 CDM weighted average across bldg types,2027,Cooling,Kansas
0.686088556,Commercial,AEO2026 CDM weighted average across bldg types,2028,Cooling,South Dakota
0.686088556,Commercial,AEO2026 CDM weighted average across bldg types,2028,Cooling,North Dakota
0.686088556,Commercial,AEO2026 CDM weighted average across bldg types,2028,Cooling,Nebraska
0.686088556,Commercial,AEO2026 CDM weighted average across bldg types,2028,Cooling,Missouri
0.686088556,Commercial,AEO2026 CDM weighted average across bldg types,2028,Cooling,Minnesota
0.686088556,Commercial,AEO2026 CDM weighted average across bldg types,2028,Cooling,Iowa
0.686088556,Commercial,AEO2026 CDM weighted average across bldg types,2028,Cooling,Kansas
0.681811459,Commercial,AEO2026 CDM weighted average across bldg types,2029,Cooling,South Dakota
0.681811459,Commercial,AEO2026 CDM weighted average across bldg types,2029,Cooling,North Dakota
0.681811459,Commercial,AEO2026 CDM weighted average across bldg types,2029,Cooling,Nebraska
0.681811459,Commercial,AEO2026 CDM weighted average across bldg types,2029,Cooling,Missouri
0.681811459,Commercial,AEO2026 CDM weighted average across bldg types,2029,Cooling,Minnesota
0.681811459,Commercial,AEO2026 CDM weighted average across bldg types,2029,Cooling,Iowa
0.681811459,Commercial,AEO2026 CDM weighted average across bldg types,2029,Cooling,Kansas
0.677579131,Commercial,AEO2026 CDM weighted average across bldg types,2030,Cooling,South Dakota
0.677579131,Commercial,AEO2026 CDM weighted average across bldg types,2030,Cooling,North Dakota
0.677579131,Commercial,AEO2026 CDM weighted average across bldg types,2030,Cooling,Nebraska
0.677579131,Commercial,AEO2026 CDM weighted average across bldg types,2030,Cooling,Missouri
0.677579131,Commercial,AEO2026 CDM weighted average across bldg types,2030,Cooling,Minnesota
0.677579131,Commercial,AEO2026 CDM weighted average across bldg types,2030,Cooling,Iowa
0.677579131,Commercial,AEO2026 CDM weighted average across bldg types,2030,Cooling,Kansas
0.672973774,Commercial,AEO2026 CDM weighted average across bldg types,2031,Cooling,South Dakota
0.672973774,Commercial,AEO2026 CDM weighted average across bldg types,2031,Cooling,North Dakota
0.672973774,Commercial,AEO2026 CDM weighted average across bldg types,2031,Cooling,Nebraska
0.672973774,Commercial,AEO2026 CDM weighted average across bldg types,2031,Cooling,Missouri
0.672973774,Commercial,AEO2026 CDM weighted average across bldg types,2031,Cooling,Minnesota
0.672973774,Commercial,AEO2026 CDM weighted average across bldg types,2031,Cooling,Iowa
0.672973774,Commercial,AEO2026 CDM weighted average across bldg types,2031,Cooling,Kansas
0.668419922,Commercial,AEO2026 CDM weighted average across bldg types,2032,Cooling,South Dakota
0.668419922,Commercial,AEO2026 CDM weighted average across bldg types,2032,Cooling,North Dakota
0.668419922,Commercial,AEO2026 CDM weighted average across bldg types,2032,Cooling,Nebraska
0.668419922,Commercial,AEO2026 CDM weighted average across bldg types,2032,Cooling,Missouri
0.668419922,Commercial,AEO2026 CDM weighted average across bldg types,2032,Cooling,Minnesota
0.668419922,Commercial,AEO2026 CDM weighted average across bldg types,2032,Cooling,Iowa
0.668419922,Commercial,AEO2026 CDM weighted average across bldg types,2032,Cooling,Kansas
0.663917841,Commercial,AEO2026 CDM weighted average across bldg types,2033,Cooling,South Dakota
0.663917841,Commercial,AEO2026 CDM weighted average across bldg types,2033,Cooling,North Dakota
0.663917841,Commercial,AEO2026 CDM weighted average across bldg types,2033,Cooling,Nebraska
0.663917841,Commercial,AEO2026 CDM weighted average across bldg types,2033,Cooling,Missouri
0.663917841,Commercial,AEO2026 CDM weighted average across bldg types,2033,Cooling,Minnesota
0.663917841,Commercial,AEO2026 CDM weighted average across bldg types,2033,Cooling,Iowa
0.663917841,Commercial,AEO2026 CDM weighted average across bldg types,2033,Cooling,Kansas
0.659466656,Commercial,AEO2026 CDM weighted average across bldg types,2034,Cooling,South Dakota
0.659466656,Commercial,AEO2026 CDM weighted average across bldg types,2034,Cooling,North Dakota
0.659466656,Commercial,AEO2026 CDM weighted average across bldg types,2034,Cooling,Nebraska
0.659466656,Commercial,AEO2026 CDM weighted average across bldg types,2034,Cooling,Missouri
0.659466656,Commercial,AEO2026 CDM weighted average across bldg types,2034,Cooling,Minnesota
0.659466656,Commercial,AEO2026 CDM weighted average across bldg types,2034,Cooling,Iowa
0.659466656,Commercial,AEO2026 CDM weighted average across bldg types,2034,Cooling,Kansas
0.655065435,Commercial,AEO2026 CDM weighted average across bldg types,2035,Cooling,South Dakota
0.655065435,Commercial,AEO2026 CDM weighted average across bldg types,2035,Cooling,North Dakota
0.655065435,Commercial,AEO2026 CDM weighted average across bldg types,2035,Cooling,Nebraska
0.655065435,Commercial,AEO2026 CDM weighted average across bldg types,2035,Cooling,Missouri
0.655065435,Commercial,AEO2026 CDM weighted average across bldg types,2035,Cooling,Minnesota
0.655065435,Commercial,AEO2026 CDM weighted average across bldg types,2035,Cooling,Iowa
0.655065435,Commercial,AEO2026 CDM weighted average across bldg types,2035,Cooling,Kansas
0.650714597,Commercial,AEO2026 CDM weighted average across bldg types,2036,Cooling,South Dakota
0.650714597,Commercial,AEO2026 CDM weighted average across bldg types,2036,Cooling,North Dakota
0.650714597,Commercial,AEO2026 CDM weighted average across bldg types,2036,Cooling,Nebraska
0.650714597,Commercial,AEO2026 CDM weighted average across bldg types,2036,Cooling,Missouri
0.650714597,Commercial,AEO2026 CDM weighted average across bldg types,2036,Cooling,Minnesota
0.650714597,Commercial,AEO2026 CDM weighted average across bldg types,2036,Cooling,Iowa
0.650714597,Commercial,AEO2026 CDM weighted average across bldg types,2036,Cooling,Kansas
0.646412877,Commercial,AEO2026 CDM weighted average across bldg types,2037,Cooling,South Dakota
0.646412877,Commercial,AEO2026 CDM weighted average across bldg types,2037,Cooling,North Dakota
0.646412877,Commercial,AEO2026 CDM weighted average across bldg types,2037,Cooling,Nebraska
0.646412877,Commercial,AEO2026 CDM weighted average across bldg types,2037,Cooling,Missouri
0.646412877,Commercial,AEO2026 CDM weighted average across bldg types,2037,Cooling,Minnesota
0.646412877,Commercial,AEO2026 CDM weighted average across bldg types,2037,Cooling,Iowa
0.646412877,Commercial,AEO2026 CDM weighted average across bldg types,2037,Cooling,Kansas
0.642160305,Commercial,AEO2026 CDM weighted average across bldg types,2038,Cooling,South Dakota
0.642160305,Commercial,AEO2026 CDM weighted average across bldg types,2038,Cooling,North Dakota
0.642160305,Commercial,AEO2026 CDM weighted average across bldg types,2038,Cooling,Nebraska
0.642160305,Commercial,AEO2026 CDM weighted average across bldg types,2038,Cooling,Missouri
0.642160305,Commercial,AEO2026 CDM weighted average across bldg types,2038,Cooling,Minnesota
0.642160305,Commercial,AEO2026 CDM weighted average across bldg types,2038,Cooling,Iowa
0.642160305,Commercial,AEO2026 CDM weighted average across bldg types,2038,Cooling,Kansas
0.637955942,Commercial,AEO2026 CDM weighted average across bldg types,2039,Cooling,South Dakota
0.637955942,Commercial,AEO2026 CDM weighted average across bldg types,2039,Cooling,North Dakota
0.637955942,Commercial,AEO2026 CDM weighted average across bldg types,2039,Cooling,Nebraska
0.637955942,Commercial,AEO2026 CDM weighted average across bldg types,2039,Cooling,Missouri
0.637955942,Commercial,AEO2026 CDM weighted average across bldg types,2039,Cooling,Minnesota
0.637955942,Commercial,AEO2026 CDM weighted average across bldg types,2039,Cooling,Iowa
0.637955942,Commercial,AEO2026 CDM weighted average across bldg types,2039,Cooling,Kansas
0.633799871,Commercial,AEO2026 CDM weighted average across bldg types,2040,Cooling,South Dakota
0.633799871,Commercial,AEO2026 CDM weighted average across bldg types,2040,Cooling,North Dakota
0.633799871,Commercial,AEO2026 CDM weighted average across bldg types,2040,Cooling,Nebraska
0.633799871,Commercial,AEO2026 CDM weighted average across bldg types,2040,Cooling,Missouri
0.633799871,Commercial,AEO2026 CDM weighted average across bldg types,2040,Cooling,Minnesota
0.633799871,Commercial,AEO2026 CDM weighted average across bldg types,2040,Cooling,Iowa
0.633799871,Commercial,AEO2026 CDM weighted average across bldg types,2040,Cooling,Kansas
0.629194867,Commercial,AEO2026 CDM weighted average across bldg types,2041,Cooling,South Dakota
0.629194867,Commercial,AEO2026 CDM weighted average across bldg types,2041,Cooling,North Dakota
0.629194867,Commercial,AEO2026 CDM weighted average across bldg types,2041,Cooling,Nebraska
0.629194867,Commercial,AEO2026 CDM weighted average across bldg types,2041,Cooling,Missouri
0.629194867,Commercial,AEO2026 CDM weighted average across bldg types,2041,Cooling,Minnesota
0.629194867,Commercial,AEO2026 CDM weighted average across bldg types,2041,Cooling,Iowa
0.629194867,Commercial,AEO2026 CDM weighted average across bldg types,2041,Cooling,Kansas
0.624647148,Commercial,AEO2026 CDM weighted average across bldg types,2042,Cooling,South Dakota
0.624647148,Commercial,AEO2026 CDM weighted average across bldg types,2042,Cooling,North Dakota
0.624647148,Commercial,AEO2026 CDM weighted average across bldg types,2042,Cooling,Nebraska
0.624647148,Commercial,AEO2026 CDM weighted average across bldg types,2042,Cooling,Missouri
0.624647148,Commercial,AEO2026 CDM weighted average across bldg types,2042,Cooling,Minnesota
0.624647148,Commercial,AEO2026 CDM weighted average across bldg types,2042,Cooling,Iowa
0.624647148,Commercial,AEO2026 CDM weighted average across bldg types,2042,Cooling,Kansas
0.620156561,Commercial,AEO2026 CDM weighted average across bldg types,2043,Cooling,South Dakota
0.620156561,Commercial,AEO2026 CDM weighted average across bldg types,2043,Cooling,North Dakota
0.620156561,Commercial,AEO2026 CDM weighted average across bldg types,2043,Cooling,Nebraska
0.620156561,Commercial,AEO2026 CDM weighted average across bldg types,2043,Cooling,Missouri
0.620156561,Commercial,AEO2026 CDM weighted average across bldg types,2043,Cooling,Minnesota
0.620156561,Commercial,AEO2026 CDM weighted average across bldg types,2043,Cooling,Iowa
0.620156561,Commercial,AEO2026 CDM weighted average across bldg types,2043,Cooling,Kansas
0.615722056,Commercial,AEO2026 CDM weighted average across bldg types,2044,Cooling,South Dakota
0.615722056,Commercial,AEO2026 CDM weighted average across bldg types,2044,Cooling,North Dakota
0.615722056,Commercial,AEO2026 CDM weighted average across bldg types,2044,Cooling,Nebraska
0.615722056,Commercial,AEO2026 CDM weighted average across bldg types,2044,Cooling,Missouri
0.615722056,Commercial,AEO2026 CDM weighted average across bldg types,2044,Cooling,Minnesota
0.615722056,Commercial,AEO2026 CDM weighted average across bldg types,2044,Cooling,Iowa
0.615722056,Commercial,AEO2026 CDM weighted average across bldg types,2044,Cooling,Kansas
0.611342847,Commercial,AEO2026 CDM weighted average across bldg types,2045,Cooling,South Dakota
0.611342847,Commercial,AEO2026 CDM weighted average across bldg types,2045,Cooling,North Dakota
0.611342847,Commercial,AEO2026 CDM weighted average across bldg types,2045,Cooling,Nebraska
0.611342847,Commercial,AEO2026 CDM weighted average across bldg types,2045,Cooling,Missouri
0.611342847,Commercial,AEO2026 CDM weighted average across bldg types,2045,Cooling,Minnesota
0.611342847,Commercial,AEO2026 CDM weighted average across bldg types,2045,Cooling,Iowa
0.611342847,Commercial,AEO2026 CDM weighted average across bldg types,2045,Cooling,Kansas
0.607018611,Commercial,AEO2026 CDM weighted average across bldg types,2046,Cooling,South Dakota
0.607018611,Commercial,AEO2026 CDM weighted average across bldg types,2046,Cooling,North Dakota
0.607018611,Commercial,AEO2026 CDM weighted average across bldg types,2046,Cooling,Nebraska
0.607018611,Commercial,AEO2026 CDM weighted average across bldg types,2046,Cooling,Missouri
0.607018611,Commercial,AEO2026 CDM weighted average across bldg types,2046,Cooling,Minnesota
0.607018611,Commercial,AEO2026 CDM weighted average across bldg types,2046,Cooling,Iowa
0.607018611,Commercial,AEO2026 CDM weighted average across bldg types,2046,Cooling,Kansas
0.602748793,Commercial,AEO2026 CDM weighted average across bldg types,2047,Cooling,South Dakota
0.602748793,Commercial,AEO2026 CDM weighted average across bldg types,2047,Cooling,North Dakota
0.602748793,Commercial,AEO2026 CDM weighted average across bldg types,2047,Cooling,Nebraska
0.602748793,Commercial,AEO2026 CDM weighted average across bldg types,2047,Cooling,Missouri
0.602748793,Commercial,AEO2026 CDM weighted average across bldg types,2047,Cooling,Minnesota
0.602748793,Commercial,AEO2026 CDM weighted average across bldg types,2047,Cooling,Iowa
0.602748793,Commercial,AEO2026 CDM weighted average across bldg types,2047,Cooling,Kansas
0.598532592,Commercial,AEO2026 CDM weighted average across bldg types,2048,Cooling,South Dakota
0.598532592,Commercial,AEO2026 CDM weighted average across bldg types,2048,Cooling,North Dakota
0.598532592,Commercial,AEO2026 CDM weighted average across bldg types,2048,Cooling,Nebraska
0.598532592,Commercial,AEO2026 CDM weighted average across bldg types,2048,Cooling,Missouri
0.598532592,Commercial,AEO2026 CDM weighted average across bldg types,2048,Cooling,Minnesota
0.598532592,Commercial,AEO2026 CDM weighted average across bldg types,2048,Cooling,Iowa
0.598532592,Commercial,AEO2026 CDM weighted average across bldg types,2048,Cooling,Kansas
0.594369490,Commercial,AEO2026 CDM weighted average across bldg types,2049,Cooling,South Dakota
0.594369490,Commercial,AEO2026 CDM weighted average across bldg types,2049,Cooling,North Dakota
0.594369490,Commercial,AEO2026 CDM weighted average across bldg types,2049,Cooling,Nebraska
0.594369490,Commercial,AEO2026 CDM weighted average across bldg types,2049,Cooling,Missouri
0.594369490,Commercial,AEO2026 CDM weighted average across bldg types,2049,Cooling,Minnesota
0.594369490,Commercial,AEO2026 CDM weighted average across bldg types,2049,Cooling,Iowa
0.594369490,Commercial,AEO2026 CDM weighted average across bldg types,2049,Cooling,Kansas
0.590258798,Commercial,AEO2026 CDM weighted average across bldg types,2050,Cooling,South Dakota
0.590258798,Commercial,AEO2026 CDM weighted average across bldg types,2050,Cooling,North Dakota
0.590258798,Commercial,AEO2026 CDM weighted average across bldg types,2050,Cooling,Nebraska
0.590258798,Commercial,AEO2026 CDM weighted average across bldg types,2050,Cooling,Missouri
0.590258798,Commercial,AEO2026 CDM weighted average across bldg types,2050,Cooling,Minnesota
0.590258798,Commercial,AEO2026 CDM weighted average across bldg types,2050,Cooling,Iowa
0.590258798,Commercial,AEO2026 CDM weighted average across bldg types,2050,Cooling,Kansas
0.680798482,Commercial,AEO2026 CDM weighted average across bldg types,2019,Cooling,West Virginia
0.680798482,Commercial,AEO2026 CDM weighted average across bldg types,2019,Cooling,Virginia
0.680798482,Commercial,AEO2026 CDM weighted average across bldg types,2019,Cooling,South Carolina
0.680798482,Commercial,AEO2026 CDM weighted average across bldg types,2019,Cooling,North Carolina
0.680798482,Commercial,AEO2026 CDM weighted average across bldg types,2019,Cooling,Maryland
0.680798482,Commercial,AEO2026 CDM weighted average across bldg types,2019,Cooling,Delaware
0.680798482,Commercial,AEO2026 CDM weighted average across bldg types,2019,Cooling,District of Columbia
0.680798482,Commercial,AEO2026 CDM weighted average across bldg types,2019,Cooling,Florida
0.680798482,Commercial,AEO2026 CDM weighted average across bldg types,2019,Cooling,Georgia
0.676570621,Commercial,AEO2026 CDM weighted average across bldg types,2020,Cooling,West Virginia
0.676570621,Commercial,AEO2026 CDM weighted average across bldg types,2020,Cooling,Virginia
0.676570621,Commercial,AEO2026 CDM weighted average across bldg types,2020,Cooling,South Carolina
0.676570621,Commercial,AEO2026 CDM weighted average across bldg types,2020,Cooling,North Carolina
0.676570621,Commercial,AEO2026 CDM weighted average across bldg types,2020,Cooling,Maryland
0.676570621,Commercial,AEO2026 CDM weighted average across bldg types,2020,Cooling,Delaware
0.676570621,Commercial,AEO2026 CDM weighted average across bldg types,2020,Cooling,District of Columbia
0.676570621,Commercial,AEO2026 CDM weighted average across bldg types,2020,Cooling,Florida
0.676570621,Commercial,AEO2026 CDM weighted average across bldg types,2020,Cooling,Georgia
0.671792396,Commercial,AEO2026 CDM weighted average across bldg types,2021,Cooling,West Virginia
0.671792396,Commercial,AEO2026 CDM weighted average across bldg types,2021,Cooling,Virginia
0.671792396,Commercial,AEO2026 CDM weighted average across bldg types,2021,Cooling,South Carolina
0.671792396,Commercial,AEO2026 CDM weighted average across bldg types,2021,Cooling,North Carolina
0.671792396,Commercial,AEO2026 CDM weighted average across bldg types,2021,Cooling,Maryland
0.671792396,Commercial,AEO2026 CDM weighted average across bldg types,2021,Cooling,Delaware
0.671792396,Commercial,AEO2026 CDM weighted average across bldg types,2021,Cooling,District of Columbia
0.671792396,Commercial,AEO2026 CDM weighted average across bldg types,2021,Cooling,Florida
0.671792396,Commercial,AEO2026 CDM weighted average across bldg types,2021,Cooling,Georgia
0.667131112,Commercial,AEO2026 CDM weighted average across bldg types,2022,Cooling,West Virginia
0.667131112,Commercial,AEO2026 CDM weighted average across bldg types,2022,Cooling,Virginia
0.667131112,Commercial,AEO2026 CDM weighted average across bldg types,2022,Cooling,South Carolina
0.667131112,Commercial,AEO2026 CDM weighted average across bldg types,2022,Cooling,North Carolina
0.667131112,Commercial,AEO2026 CDM weighted average across bldg types,2022,Cooling,Maryland
0.667131112,Commercial,AEO2026 CDM weighted average across bldg types,2022,Cooling,Delaware
0.667131112,Commercial,AEO2026 CDM weighted average across bldg types,2022,Cooling,District of Columbia
0.667131112,Commercial,AEO2026 CDM weighted average across bldg types,2022,Cooling,Florida
0.667131112,Commercial,AEO2026 CDM weighted average across bldg types,2022,Cooling,Georgia
0.662585679,Commercial,AEO2026 CDM weighted average across bldg types,2023,Cooling,West Virginia
0.662585679,Commercial,AEO2026 CDM weighted average across bldg types,2023,Cooling,Virginia
0.662585679,Commercial,AEO2026 CDM weighted average across bldg types,2023,Cooling,South Carolina
0.662585679,Commercial,AEO2026 CDM weighted average across bldg types,2023,Cooling,North Carolina
0.662585679,Commercial,AEO2026 CDM weighted average across bldg types,2023,Cooling,Maryland
0.662585679,Commercial,AEO2026 CDM weighted average across bldg types,2023,Cooling,Delaware
0.662585679,Commercial,AEO2026 CDM weighted average across bldg types,2023,Cooling,District of Columbia
0.662585679,Commercial,AEO2026 CDM weighted average across bldg types,2023,Cooling,Florida
0.662585679,Commercial,AEO2026 CDM weighted average across bldg types,2023,Cooling,Georgia
0.658156321,Commercial,AEO2026 CDM weighted average across bldg types,2024,Cooling,West Virginia
0.658156321,Commercial,AEO2026 CDM weighted average across bldg types,2024,Cooling,Virginia
0.658156321,Commercial,AEO2026 CDM weighted average across bldg types,2024,Cooling,South Carolina
0.658156321,Commercial,AEO2026 CDM weighted average across bldg types,2024,Cooling,North Carolina
0.658156321,Commercial,AEO2026 CDM weighted average across bldg types,2024,Cooling,Maryland
0.658156321,Commercial,AEO2026 CDM weighted average across bldg types,2024,Cooling,Delaware
0.658156321,Commercial,AEO2026 CDM weighted average across bldg types,2024,Cooling,District of Columbia
0.658156321,Commercial,AEO2026 CDM weighted average across bldg types,2024,Cooling,Florida
0.658156321,Commercial,AEO2026 CDM weighted average across bldg types,2024,Cooling,Georgia
0.653841814,Commercial,AEO2026 CDM weighted average across bldg types,2025,Cooling,West Virginia
0.653841814,Commercial,AEO2026 CDM weighted average across bldg types,2025,Cooling,Virginia
0.653841814,Commercial,AEO2026 CDM weighted average across bldg types,2025,Cooling,South Carolina
0.653841814,Commercial,AEO2026 CDM weighted average across bldg types,2025,Cooling,North Carolina
0.653841814,Commercial,AEO2026 CDM weighted average across bldg types,2025,Cooling,Maryland
0.653841814,Commercial,AEO2026 CDM weighted average across bldg types,2025,Cooling,Delaware
0.653841814,Commercial,AEO2026 CDM weighted average across bldg types,2025,Cooling,District of Columbia
0.653841814,Commercial,AEO2026 CDM weighted average across bldg types,2025,Cooling,Florida
0.653841814,Commercial,AEO2026 CDM weighted average across bldg types,2025,Cooling,Georgia
0.649641492,Commercial,AEO2026 CDM weighted average across bldg types,2026,Cooling,West Virginia
0.649641492,Commercial,AEO2026 CDM weighted average across bldg types,2026,Cooling,Virginia
0.649641492,Commercial,AEO2026 CDM weighted average across bldg types,2026,Cooling,South Carolina
0.649641492,Commercial,AEO2026 CDM weighted average across bldg types,2026,Cooling,North Carolina
0.649641492,Commercial,AEO2026 CDM weighted average across bldg types,2026,Cooling,Maryland
0.649641492,Commercial,AEO2026 CDM weighted average across bldg types,2026,Cooling,Delaware
0.649641492,Commercial,AEO2026 CDM weighted average across bldg types,2026,Cooling,District of Columbia
0.649641492,Commercial,AEO2026 CDM weighted average across bldg types,2026,Cooling,Florida
0.649641492,Commercial,AEO2026 CDM weighted average across bldg types,2026,Cooling,Georgia
0.645555343,Commercial,AEO2026 CDM weighted average across bldg types,2027,Cooling,West Virginia
0.645555343,Commercial,AEO2026 CDM weighted average across bldg types,2027,Cooling,Virginia
0.645555343,Commercial,AEO2026 CDM weighted average across bldg types,2027,Cooling,South Carolina
0.645555343,Commercial,AEO2026 CDM weighted average across bldg types,2027,Cooling,North Carolina
0.645555343,Commercial,AEO2026 CDM weighted average across bldg types,2027,Cooling,Maryland
0.645555343,Commercial,AEO2026 CDM weighted average across bldg types,2027,Cooling,Delaware
0.645555343,Commercial,AEO2026 CDM weighted average across bldg types,2027,Cooling,District of Columbia
0.645555343,Commercial,AEO2026 CDM weighted average across bldg types,2027,Cooling,Florida
0.645555343,Commercial,AEO2026 CDM weighted average across bldg types,2027,Cooling,Georgia
0.641582491,Commercial,AEO2026 CDM weighted average across bldg types,2028,Cooling,West Virginia
0.641582491,Commercial,AEO2026 CDM weighted average across bldg types,2028,Cooling,Virginia
0.641582491,Commercial,AEO2026 CDM weighted average across bldg types,2028,Cooling,South Carolina
0.641582491,Commercial,AEO2026 CDM weighted average across bldg types,2028,Cooling,North Carolina
0.641582491,Commercial,AEO2026 CDM weighted average across bldg types,2028,Cooling,Maryland
0.641582491,Commercial,AEO2026 CDM weighted average across bldg types,2028,Cooling,Delaware
0.641582491,Commercial,AEO2026 CDM weighted average across bldg types,2028,Cooling,District of Columbia
0.641582491,Commercial,AEO2026 CDM weighted average across bldg types,2028,Cooling,Florida
0.641582491,Commercial,AEO2026 CDM weighted average across bldg types,2028,Cooling,Georgia
0.637722394,Commercial,AEO2026 CDM weighted average across bldg types,2029,Cooling,West Virginia
0.637722394,Commercial,AEO2026 CDM weighted average across bldg types,2029,Cooling,Virginia
0.637722394,Commercial,AEO2026 CDM weighted average across bldg types,2029,Cooling,South Carolina
0.637722394,Commercial,AEO2026 CDM weighted average across bldg types,2029,Cooling,North Carolina
0.637722394,Commercial,AEO2026 CDM weighted average across bldg types,2029,Cooling,Maryland
0.637722394,Commercial,AEO2026 CDM weighted average across bldg types,2029,Cooling,Delaware
0.637722394,Commercial,AEO2026 CDM weighted average across bldg types,2029,Cooling,District of Columbia
0.637722394,Commercial,AEO2026 CDM weighted average across bldg types,2029,Cooling,Florida
0.637722394,Commercial,AEO2026 CDM weighted average across bldg types,2029,Cooling,Georgia
0.633974346,Commercial,AEO2026 CDM weighted average across bldg types,2030,Cooling,West Virginia
0.633974346,Commercial,AEO2026 CDM weighted average across bldg types,2030,Cooling,Virginia
0.633974346,Commercial,AEO2026 CDM weighted average across bldg types,2030,Cooling,South Carolina
0.633974346,Commercial,AEO2026 CDM weighted average across bldg types,2030,Cooling,North Carolina
0.633974346,Commercial,AEO2026 CDM weighted average across bldg types,2030,Cooling,Maryland
0.633974346,Commercial,AEO2026 CDM weighted average across bldg types,2030,Cooling,Delaware
0.633974346,Commercial,AEO2026 CDM weighted average across bldg types,2030,Cooling,District of Columbia
0.633974346,Commercial,AEO2026 CDM weighted average across bldg types,2030,Cooling,Florida
0.633974346,Commercial,AEO2026 CDM weighted average across bldg types,2030,Cooling,Georgia
0.629198236,Commercial,AEO2026 CDM weighted average across bldg types,2031,Cooling,West Virginia
0.629198236,Commercial,AEO2026 CDM weighted average across bldg types,2031,Cooling,Virginia
0.629198236,Commercial,AEO2026 CDM weighted average across bldg types,2031,Cooling,South Carolina
0.629198236,Commercial,AEO2026 CDM weighted average across bldg types,2031,Cooling,North Carolina
0.629198236,Commercial,AEO2026 CDM weighted average across bldg types,2031,Cooling,Maryland
0.629198236,Commercial,AEO2026 CDM weighted average across bldg types,2031,Cooling,Delaware
0.629198236,Commercial,AEO2026 CDM weighted average across bldg types,2031,Cooling,District of Columbia
0.629198236,Commercial,AEO2026 CDM weighted average across bldg types,2031,Cooling,Florida
0.629198236,Commercial,AEO2026 CDM weighted average across bldg types,2031,Cooling,Georgia
0.624548147,Commercial,AEO2026 CDM weighted average across bldg types,2032,Cooling,West Virginia
0.624548147,Commercial,AEO2026 CDM weighted average across bldg types,2032,Cooling,Virginia
0.624548147,Commercial,AEO2026 CDM weighted average across bldg types,2032,Cooling,South Carolina
0.624548147,Commercial,AEO2026 CDM weighted average across bldg types,2032,Cooling,North Carolina
0.624548147,Commercial,AEO2026 CDM weighted average across bldg types,2032,Cooling,Maryland
0.624548147,Commercial,AEO2026 CDM weighted average across bldg types,2032,Cooling,Delaware
0.624548147,Commercial,AEO2026 CDM weighted average across bldg types,2032,Cooling,District of Columbia
0.624548147,Commercial,AEO2026 CDM weighted average across bldg types,2032,Cooling,Florida
0.624548147,Commercial,AEO2026 CDM weighted average across bldg types,2032,Cooling,Georgia
0.620022579,Commercial,AEO2026 CDM weighted average across bldg types,2033,Cooling,West Virginia
0.620022579,Commercial,AEO2026 CDM weighted average across bldg types,2033,Cooling,Virginia
0.620022579,Commercial,AEO2026 CDM weighted average across bldg types,2033,Cooling,South Carolina
0.620022579,Commercial,AEO2026 CDM weighted average across bldg types,2033,Cooling,North Carolina
0.620022579,Commercial,AEO2026 CDM weighted average across bldg types,2033,Cooling,Maryland
0.620022579,Commercial,AEO2026 CDM weighted average across bldg types,2033,Cooling,Delaware
0.620022579,Commercial,AEO2026 CDM weighted average across bldg types,2033,Cooling,District of Columbia
0.620022579,Commercial,AEO2026 CDM weighted average across bldg types,2033,Cooling,Florida
0.620022579,Commercial,AEO2026 CDM weighted average across bldg types,2033,Cooling,Georgia
0.615620879,Commercial,AEO2026 CDM weighted average across bldg types,2034,Cooling,West Virginia
0.615620879,Commercial,AEO2026 CDM weighted average across bldg types,2034,Cooling,Virginia
0.615620879,Commercial,AEO2026 CDM weighted average across bldg types,2034,Cooling,South Carolina
0.615620879,Commercial,AEO2026 CDM weighted average across bldg types,2034,Cooling,North Carolina
0.615620879,Commercial,AEO2026 CDM weighted average across bldg types,2034,Cooling,Maryland
0.615620879,Commercial,AEO2026 CDM weighted average across bldg types,2034,Cooling,Delaware
0.615620879,Commercial,AEO2026 CDM weighted average across bldg types,2034,Cooling,District of Columbia
0.615620879,Commercial,AEO2026 CDM weighted average across bldg types,2034,Cooling,Florida
0.615620879,Commercial,AEO2026 CDM weighted average across bldg types,2034,Cooling,Georgia
0.611341511,Commercial,AEO2026 CDM weighted average across bldg types,2035,Cooling,West Virginia
0.611341511,Commercial,AEO2026 CDM weighted average across bldg types,2035,Cooling,Virginia
0.611341511,Commercial,AEO2026 CDM weighted average across bldg types,2035,Cooling,South Carolina
0.611341511,Commercial,AEO2026 CDM weighted average across bldg types,2035,Cooling,North Carolina
0.611341511,Commercial,AEO2026 CDM weighted average across bldg types,2035,Cooling,Maryland
0.611341511,Commercial,AEO2026 CDM weighted average across bldg types,2035,Cooling,Delaware
0.611341511,Commercial,AEO2026 CDM weighted average across bldg types,2035,Cooling,District of Columbia
0.611341511,Commercial,AEO2026 CDM weighted average across bldg types,2035,Cooling,Florida
0.611341511,Commercial,AEO2026 CDM weighted average across bldg types,2035,Cooling,Georgia
0.607183420,Commercial,AEO2026 CDM weighted average across bldg types,2036,Cooling,West Virginia
0.607183420,Commercial,AEO2026 CDM weighted average across bldg types,2036,Cooling,Virginia
0.607183420,Commercial,AEO2026 CDM weighted average across bldg types,2036,Cooling,South Carolina
0.607183420,Commercial,AEO2026 CDM weighted average across bldg types,2036,Cooling,North Carolina
0.607183420,Commercial,AEO2026 CDM weighted average across bldg types,2036,Cooling,Maryland
0.607183420,Commercial,AEO2026 CDM weighted average across bldg types,2036,Cooling,Delaware
0.607183420,Commercial,AEO2026 CDM weighted average across bldg types,2036,Cooling,District of Columbia
0.607183420,Commercial,AEO2026 CDM weighted average across bldg types,2036,Cooling,Florida
0.607183420,Commercial,AEO2026 CDM weighted average across bldg types,2036,Cooling,Georgia
0.603145515,Commercial,AEO2026 CDM weighted average across bldg types,2037,Cooling,West Virginia
0.603145515,Commercial,AEO2026 CDM weighted average across bldg types,2037,Cooling,Virginia
0.603145515,Commercial,AEO2026 CDM weighted average across bldg types,2037,Cooling,South Carolina
0.603145515,Commercial,AEO2026 CDM weighted average across bldg types,2037,Cooling,North Carolina
0.603145515,Commercial,AEO2026 CDM weighted average across bldg types,2037,Cooling,Maryland
0.603145515,Commercial,AEO2026 CDM weighted average across bldg types,2037,Cooling,Delaware
0.603145515,Commercial,AEO2026 CDM weighted average across bldg types,2037,Cooling,District of Columbia
0.603145515,Commercial,AEO2026 CDM weighted average across bldg types,2037,Cooling,Florida
0.603145515,Commercial,AEO2026 CDM weighted average across bldg types,2037,Cooling,Georgia
0.599226992,Commercial,AEO2026 CDM weighted average across bldg types,2038,Cooling,West Virginia
0.599226992,Commercial,AEO2026 CDM weighted average across bldg types,2038,Cooling,Virginia
0.599226992,Commercial,AEO2026 CDM weighted average across bldg types,2038,Cooling,South Carolina
0.599226992,Commercial,AEO2026 CDM weighted average across bldg types,2038,Cooling,North Carolina
0.599226992,Commercial,AEO2026 CDM weighted average across bldg types,2038,Cooling,Maryland
0.599226992,Commercial,AEO2026 CDM weighted average across bldg types,2038,Cooling,Delaware
0.599226992,Commercial,AEO2026 CDM weighted average across bldg types,2038,Cooling,District of Columbia
0.599226992,Commercial,AEO2026 CDM weighted average across bldg types,2038,Cooling,Florida
0.599226992,Commercial,AEO2026 CDM weighted average across bldg types,2038,Cooling,Georgia
0.595426569,Commercial,AEO2026 CDM weighted average across bldg types,2039,Cooling,West Virginia
0.595426569,Commercial,AEO2026 CDM weighted average across bldg types,2039,Cooling,Virginia
0.595426569,Commercial,AEO2026 CDM weighted average across bldg types,2039,Cooling,South Carolina
0.595426569,Commercial,AEO2026 CDM weighted average across bldg types,2039,Cooling,North Carolina
0.595426569,Commercial,AEO2026 CDM weighted average across bldg types,2039,Cooling,Maryland
0.595426569,Commercial,AEO2026 CDM weighted average across bldg types,2039,Cooling,Delaware
0.595426569,Commercial,AEO2026 CDM weighted average across bldg types,2039,Cooling,District of Columbia
0.595426569,Commercial,AEO2026 CDM weighted average across bldg types,2039,Cooling,Florida
0.595426569,Commercial,AEO2026 CDM weighted average across bldg types,2039,Cooling,Georgia
0.591743617,Commercial,AEO2026 CDM weighted average across bldg types,2040,Cooling,West Virginia
0.591743617,Commercial,AEO2026 CDM weighted average across bldg types,2040,Cooling,Virginia
0.591743617,Commercial,AEO2026 CDM weighted average across bldg types,2040,Cooling,South Carolina
0.591743617,Commercial,AEO2026 CDM weighted average across bldg types,2040,Cooling,North Carolina
0.591743617,Commercial,AEO2026 CDM weighted average across bldg types,2040,Cooling,Maryland
0.591743617,Commercial,AEO2026 CDM weighted average across bldg types,2040,Cooling,Delaware
0.591743617,Commercial,AEO2026 CDM weighted average across bldg types,2040,Cooling,District of Columbia
0.591743617,Commercial,AEO2026 CDM weighted average across bldg types,2040,Cooling,Florida
0.591743617,Commercial,AEO2026 CDM weighted average across bldg types,2040,Cooling,Georgia
0.586925722,Commercial,AEO2026 CDM weighted average across bldg types,2041,Cooling,West Virginia
0.586925722,Commercial,AEO2026 CDM weighted average across bldg types,2041,Cooling,Virginia
0.586925722,Commercial,AEO2026 CDM weighted average across bldg types,2041,Cooling,South Carolina
0.586925722,Commercial,AEO2026 CDM weighted average across bldg types,2041,Cooling,North Carolina
0.586925722,Commercial,AEO2026 CDM weighted average across bldg types,2041,Cooling,Maryland
0.586925722,Commercial,AEO2026 CDM weighted average across bldg types,2041,Cooling,Delaware
0.586925722,Commercial,AEO2026 CDM weighted average across bldg types,2041,Cooling,District of Columbia
0.586925722,Commercial,AEO2026 CDM weighted average across bldg types,2041,Cooling,Florida
0.586925722,Commercial,AEO2026 CDM weighted average across bldg types,2041,Cooling,Georgia
0.582250028,Commercial,AEO2026 CDM weighted average across bldg types,2042,Cooling,West Virginia
0.582250028,Commercial,AEO2026 CDM weighted average across bldg types,2042,Cooling,Virginia
0.582250028,Commercial,AEO2026 CDM weighted average across bldg types,2042,Cooling,South Carolina
0.582250028,Commercial,AEO2026 CDM weighted average across bldg types,2042,Cooling,North Carolina
0.582250028,Commercial,AEO2026 CDM weighted average across bldg types,2042,Cooling,Maryland
0.582250028,Commercial,AEO2026 CDM weighted average across bldg types,2042,Cooling,Delaware
0.582250028,Commercial,AEO2026 CDM weighted average across bldg types,2042,Cooling,District of Columbia
0.582250028,Commercial,AEO2026 CDM weighted average across bldg types,2042,Cooling,Florida
0.582250028,Commercial,AEO2026 CDM weighted average across bldg types,2042,Cooling,Georgia
0.577714394,Commercial,AEO2026 CDM weighted average across bldg types,2043,Cooling,West Virginia
0.577714394,Commercial,AEO2026 CDM weighted average across bldg types,2043,Cooling,Virginia
0.577714394,Commercial,AEO2026 CDM weighted average across bldg types,2043,Cooling,South Carolina
0.577714394,Commercial,AEO2026 CDM weighted average across bldg types,2043,Cooling,North Carolina
0.577714394,Commercial,AEO2026 CDM weighted average across bldg types,2043,Cooling,Maryland
0.577714394,Commercial,AEO2026 CDM weighted average across bldg types,2043,Cooling,Delaware
0.577714394,Commercial,AEO2026 CDM weighted average across bldg types,2043,Cooling,District of Columbia
0.577714394,Commercial,AEO2026 CDM weighted average across bldg types,2043,Cooling,Florida
0.577714394,Commercial,AEO2026 CDM weighted average across bldg types,2043,Cooling,Georgia
0.573316825,Commercial,AEO2026 CDM weighted average across bldg types,2044,Cooling,West Virginia
0.573316825,Commercial,AEO2026 CDM weighted average across bldg types,2044,Cooling,Virginia
0.573316825,Commercial,AEO2026 CDM weighted average across bldg types,2044,Cooling,South Carolina
0.573316825,Commercial,AEO2026 CDM weighted average across bldg types,2044,Cooling,North Carolina
0.573316825,Commercial,AEO2026 CDM weighted average across bldg types,2044,Cooling,Maryland
0.573316825,Commercial,AEO2026 CDM weighted average across bldg types,2044,Cooling,Delaware
0.573316825,Commercial,AEO2026 CDM weighted average across bldg types,2044,Cooling,District of Columbia
0.573316825,Commercial,AEO2026 CDM weighted average across bldg types,2044,Cooling,Florida
0.573316825,Commercial,AEO2026 CDM weighted average across bldg types,2044,Cooling,Georgia
0.569056066,Commercial,AEO2026 CDM weighted average across bldg types,2045,Cooling,West Virginia
0.569056066,Commercial,AEO2026 CDM weighted average across bldg types,2045,Cooling,Virginia
0.569056066,Commercial,AEO2026 CDM weighted average across bldg types,2045,Cooling,South Carolina
0.569056066,Commercial,AEO2026 CDM weighted average across bldg types,2045,Cooling,North Carolina
0.569056066,Commercial,AEO2026 CDM weighted average across bldg types,2045,Cooling,Maryland
0.569056066,Commercial,AEO2026 CDM weighted average across bldg types,2045,Cooling,Delaware
0.569056066,Commercial,AEO2026 CDM weighted average across bldg types,2045,Cooling,District of Columbia
0.569056066,Commercial,AEO2026 CDM weighted average across bldg types,2045,Cooling,Florida
0.569056066,Commercial,AEO2026 CDM weighted average across bldg types,2045,Cooling,Georgia
0.564929677,Commercial,AEO2026 CDM weighted average across bldg types,2046,Cooling,West Virginia
0.564929677,Commercial,AEO2026 CDM weighted average across bldg types,2046,Cooling,Virginia
0.564929677,Commercial,AEO2026 CDM weighted average across bldg types,2046,Cooling,South Carolina
0.564929677,Commercial,AEO2026 CDM weighted average across bldg types,2046,Cooling,North Carolina
0.564929677,Commercial,AEO2026 CDM weighted average across bldg types,2046,Cooling,Maryland
0.564929677,Commercial,AEO2026 CDM weighted average across bldg types,2046,Cooling,Delaware
0.564929677,Commercial,AEO2026 CDM weighted average across bldg types,2046,Cooling,District of Columbia
0.564929677,Commercial,AEO2026 CDM weighted average across bldg types,2046,Cooling,Florida
0.564929677,Commercial,AEO2026 CDM weighted average across bldg types,2046,Cooling,Georgia
0.560935610,Commercial,AEO2026 CDM weighted average across bldg types,2047,Cooling,West Virginia
0.560935610,Commercial,AEO2026 CDM weighted average across bldg types,2047,Cooling,Virginia
0.560935610,Commercial,AEO2026 CDM weighted average across bldg types,2047,Cooling,South Carolina
0.560935610,Commercial,AEO2026 CDM weighted average across bldg types,2047,Cooling,North Carolina
0.560935610,Commercial,AEO2026 CDM weighted average across bldg types,2047,Cooling,Maryland
0.560935610,Commercial,AEO2026 CDM weighted average across bldg types,2047,Cooling,Delaware
0.560935610,Commercial,AEO2026 CDM weighted average across bldg types,2047,Cooling,District of Columbia
0.560935610,Commercial,AEO2026 CDM weighted average across bldg types,2047,Cooling,Florida
0.560935610,Commercial,AEO2026 CDM weighted average across bldg types,2047,Cooling,Georgia
0.557072773,Commercial,AEO2026 CDM weighted average across bldg types,2048,Cooling,West Virginia
0.557072773,Commercial,AEO2026 CDM weighted average across bldg types,2048,Cooling,Virginia
0.557072773,Commercial,AEO2026 CDM weighted average across bldg types,2048,Cooling,South Carolina
0.557072773,Commercial,AEO2026 CDM weighted average across bldg types,2048,Cooling,North Carolina
0.557072773,Commercial,AEO2026 CDM weighted average across bldg types,2048,Cooling,Maryland
0.557072773,Commercial,AEO2026 CDM weighted average across bldg types,2048,Cooling,Delaware
0.557072773,Commercial,AEO2026 CDM weighted average across bldg types,2048,Cooling,District of Columbia
0.557072773,Commercial,AEO2026 CDM weighted average across bldg types,2048,Cooling,Florida
0.557072773,Commercial,AEO2026 CDM weighted average across bldg types,2048,Cooling,Georgia
0.553338842,Commercial,AEO2026 CDM weighted average across bldg types,2049,Cooling,West Virginia
0.553338842,Commercial,AEO2026 CDM weighted average across bldg types,2049,Cooling,Virginia
0.553338842,Commercial,AEO2026 CDM weighted average across bldg types,2049,Cooling,South Carolina
0.553338842,Commercial,AEO2026 CDM weighted average across bldg types,2049,Cooling,North Carolina
0.553338842,Commercial,AEO2026 CDM weighted average across bldg types,2049,Cooling,Maryland
0.553338842,Commercial,AEO2026 CDM weighted average across bldg types,2049,Cooling,Delaware
0.553338842,Commercial,AEO2026 CDM weighted average across bldg types,2049,Cooling,District of Columbia
0.553338842,Commercial,AEO2026 CDM weighted average across bldg types,2049,Cooling,Florida
0.553338842,Commercial,AEO2026 CDM weighted average across bldg types,2049,Cooling,Georgia
0.549732505,Commercial,AEO2026 CDM weighted average across bldg types,2050,Cooling,West Virginia
0.549732505,Commercial,AEO2026 CDM weighted average across bldg types,2050,Cooling,Virginia
0.549732505,Commercial,AEO2026 CDM weighted average across bldg types,2050,Cooling,South Carolina
0.549732505,Commercial,AEO2026 CDM weighted average across bldg types,2050,Cooling,North Carolina
0.549732505,Commercial,AEO2026 CDM weighted average across bldg types,2050,Cooling,Maryland
0.549732505,Commercial,AEO2026 CDM weighted average across bldg types,2050,Cooling,Delaware
0.549732505,Commercial,AEO2026 CDM weighted average across bldg types,2050,Cooling,District of Columbia
0.549732505,Commercial,AEO2026 CDM weighted average across bldg types,2050,Cooling,Florida
0.549732505,Commercial,AEO2026 CDM weighted average across bldg types,2050,Cooling,Georgia
0.690491599,Commercial,AEO2026 CDM weighted average across bldg types,2019,Cooling,Tennessee
0.690491599,Commercial,AEO2026 CDM weighted average across bldg types,2019,Cooling,Mississippi
0.690491599,Commercial,AEO2026 CDM weighted average across bldg types,2019,Cooling,Kentucky
0.690491599,Commercial,AEO2026 CDM weighted average across bldg types,2019,Cooling,Alabama
0.686664875,Commercial,AEO2026 CDM weighted average across bldg types,2020,Cooling,Tennessee
0.686664875,Commercial,AEO2026 CDM weighted average across bldg types,2020,Cooling,Mississippi
0.686664875,Commercial,AEO2026 CDM weighted average across bldg types,2020,Cooling,Kentucky
0.686664875,Commercial,AEO2026 CDM weighted average across bldg types,2020,Cooling,Alabama
0.682535159,Commercial,AEO2026 CDM weighted average across bldg types,2021,Cooling,Tennessee
0.682535159,Commercial,AEO2026 CDM weighted average across bldg types,2021,Cooling,Mississippi
0.682535159,Commercial,AEO2026 CDM weighted average across bldg types,2021,Cooling,Kentucky
0.682535159,Commercial,AEO2026 CDM weighted average across bldg types,2021,Cooling,Alabama
0.678473290,Commercial,AEO2026 CDM weighted average across bldg types,2022,Cooling,Tennessee
0.678473290,Commercial,AEO2026 CDM weighted average across bldg types,2022,Cooling,Mississippi
0.678473290,Commercial,AEO2026 CDM weighted average across bldg types,2022,Cooling,Kentucky
0.678473290,Commercial,AEO2026 CDM weighted average across bldg types,2022,Cooling,Alabama
0.674478165,Commercial,AEO2026 CDM weighted average across bldg types,2023,Cooling,Tennessee
0.674478165,Commercial,AEO2026 CDM weighted average across bldg types,2023,Cooling,Mississippi
0.674478165,Commercial,AEO2026 CDM weighted average across bldg types,2023,Cooling,Kentucky
0.674478165,Commercial,AEO2026 CDM weighted average across bldg types,2023,Cooling,Alabama
0.670549870,Commercial,AEO2026 CDM weighted average across bldg types,2024,Cooling,Tennessee
0.670549870,Commercial,AEO2026 CDM weighted average across bldg types,2024,Cooling,Mississippi
0.670549870,Commercial,AEO2026 CDM weighted average across bldg types,2024,Cooling,Kentucky
0.670549870,Commercial,AEO2026 CDM weighted average across bldg types,2024,Cooling,Alabama
0.666687274,Commercial,AEO2026 CDM weighted average across bldg types,2025,Cooling,Tennessee
0.666687274,Commercial,AEO2026 CDM weighted average across bldg types,2025,Cooling,Mississippi
0.666687274,Commercial,AEO2026 CDM weighted average across bldg types,2025,Cooling,Kentucky
0.666687274,Commercial,AEO2026 CDM weighted average across bldg types,2025,Cooling,Alabama
0.662890230,Commercial,AEO2026 CDM weighted average across bldg types,2026,Cooling,Tennessee
0.662890230,Commercial,AEO2026 CDM weighted average across bldg types,2026,Cooling,Mississippi
0.662890230,Commercial,AEO2026 CDM weighted average across bldg types,2026,Cooling,Kentucky
0.662890230,Commercial,AEO2026 CDM weighted average across bldg types,2026,Cooling,Alabama
0.659157955,Commercial,AEO2026 CDM weighted average across bldg types,2027,Cooling,Tennessee
0.659157955,Commercial,AEO2026 CDM weighted average across bldg types,2027,Cooling,Mississippi
0.659157955,Commercial,AEO2026 CDM weighted average across bldg types,2027,Cooling,Kentucky
0.659157955,Commercial,AEO2026 CDM weighted average across bldg types,2027,Cooling,Alabama
0.655490000,Commercial,AEO2026 CDM weighted average across bldg types,2028,Cooling,Tennessee
0.655490000,Commercial,AEO2026 CDM weighted average across bldg types,2028,Cooling,Mississippi
0.655490000,Commercial,AEO2026 CDM weighted average across bldg types,2028,Cooling,Kentucky
0.655490000,Commercial,AEO2026 CDM weighted average across bldg types,2028,Cooling,Alabama
0.651886001,Commercial,AEO2026 CDM weighted average across bldg types,2029,Cooling,Tennessee
0.651886001,Commercial,AEO2026 CDM weighted average across bldg types,2029,Cooling,Mississippi
0.651886001,Commercial,AEO2026 CDM weighted average across bldg types,2029,Cooling,Kentucky
0.651886001,Commercial,AEO2026 CDM weighted average across bldg types,2029,Cooling,Alabama
0.648345462,Commercial,AEO2026 CDM weighted average across bldg types,2030,Cooling,Tennessee
0.648345462,Commercial,AEO2026 CDM weighted average across bldg types,2030,Cooling,Mississippi
0.648345462,Commercial,AEO2026 CDM weighted average across bldg types,2030,Cooling,Kentucky
0.648345462,Commercial,AEO2026 CDM weighted average across bldg types,2030,Cooling,Alabama
0.644234348,Commercial,AEO2026 CDM weighted average across bldg types,2031,Cooling,Tennessee
0.644234348,Commercial,AEO2026 CDM weighted average across bldg types,2031,Cooling,Mississippi
0.644234348,Commercial,AEO2026 CDM weighted average across bldg types,2031,Cooling,Kentucky
0.644234348,Commercial,AEO2026 CDM weighted average across bldg types,2031,Cooling,Alabama
0.640196204,Commercial,AEO2026 CDM weighted average across bldg types,2032,Cooling,Tennessee
0.640196204,Commercial,AEO2026 CDM weighted average across bldg types,2032,Cooling,Mississippi
0.640196204,Commercial,AEO2026 CDM weighted average across bldg types,2032,Cooling,Kentucky
0.640196204,Commercial,AEO2026 CDM weighted average across bldg types,2032,Cooling,Alabama
0.636231754,Commercial,AEO2026 CDM weighted average across bldg types,2033,Cooling,Tennessee
0.636231754,Commercial,AEO2026 CDM weighted average across bldg types,2033,Cooling,Mississippi
0.636231754,Commercial,AEO2026 CDM weighted average across bldg types,2033,Cooling,Kentucky
0.636231754,Commercial,AEO2026 CDM weighted average across bldg types,2033,Cooling,Alabama
0.632339264,Commercial,AEO2026 CDM weighted average across bldg types,2034,Cooling,Tennessee
0.632339264,Commercial,AEO2026 CDM weighted average across bldg types,2034,Cooling,Mississippi
0.632339264,Commercial,AEO2026 CDM weighted average across bldg types,2034,Cooling,Kentucky
0.632339264,Commercial,AEO2026 CDM weighted average across bldg types,2034,Cooling,Alabama
0.628517960,Commercial,AEO2026 CDM weighted average across bldg types,2035,Cooling,Tennessee
0.628517960,Commercial,AEO2026 CDM weighted average across bldg types,2035,Cooling,Mississippi
0.628517960,Commercial,AEO2026 CDM weighted average across bldg types,2035,Cooling,Kentucky
0.628517960,Commercial,AEO2026 CDM weighted average across bldg types,2035,Cooling,Alabama
0.624767426,Commercial,AEO2026 CDM weighted average across bldg types,2036,Cooling,Tennessee
0.624767426,Commercial,AEO2026 CDM weighted average across bldg types,2036,Cooling,Mississippi
0.624767426,Commercial,AEO2026 CDM weighted average across bldg types,2036,Cooling,Kentucky
0.624767426,Commercial,AEO2026 CDM weighted average across bldg types,2036,Cooling,Alabama
0.621086770,Commercial,AEO2026 CDM weighted average across bldg types,2037,Cooling,Tennessee
0.621086770,Commercial,AEO2026 CDM weighted average across bldg types,2037,Cooling,Mississippi
0.621086770,Commercial,AEO2026 CDM weighted average across bldg types,2037,Cooling,Kentucky
0.621086770,Commercial,AEO2026 CDM weighted average across bldg types,2037,Cooling,Alabama
0.617475276,Commercial,AEO2026 CDM weighted average across bldg types,2038,Cooling,Tennessee
0.617475276,Commercial,AEO2026 CDM weighted average across bldg types,2038,Cooling,Mississippi
0.617475276,Commercial,AEO2026 CDM weighted average across bldg types,2038,Cooling,Kentucky
0.617475276,Commercial,AEO2026 CDM weighted average across bldg types,2038,Cooling,Alabama
0.613932465,Commercial,AEO2026 CDM weighted average across bldg types,2039,Cooling,Tennessee
0.613932465,Commercial,AEO2026 CDM weighted average across bldg types,2039,Cooling,Mississippi
0.613932465,Commercial,AEO2026 CDM weighted average across bldg types,2039,Cooling,Kentucky
0.613932465,Commercial,AEO2026 CDM weighted average across bldg types,2039,Cooling,Alabama
0.610457496,Commercial,AEO2026 CDM weighted average across bldg types,2040,Cooling,Tennessee
0.610457496,Commercial,AEO2026 CDM weighted average across bldg types,2040,Cooling,Mississippi
0.610457496,Commercial,AEO2026 CDM weighted average across bldg types,2040,Cooling,Kentucky
0.610457496,Commercial,AEO2026 CDM weighted average across bldg types,2040,Cooling,Alabama
0.606329266,Commercial,AEO2026 CDM weighted average across bldg types,2041,Cooling,Tennessee
0.606329266,Commercial,AEO2026 CDM weighted average across bldg types,2041,Cooling,Mississippi
0.606329266,Commercial,AEO2026 CDM weighted average across bldg types,2041,Cooling,Kentucky
0.606329266,Commercial,AEO2026 CDM weighted average across bldg types,2041,Cooling,Alabama
0.602283697,Commercial,AEO2026 CDM weighted average across bldg types,2042,Cooling,Tennessee
0.602283697,Commercial,AEO2026 CDM weighted average across bldg types,2042,Cooling,Mississippi
0.602283697,Commercial,AEO2026 CDM weighted average across bldg types,2042,Cooling,Kentucky
0.602283697,Commercial,AEO2026 CDM weighted average across bldg types,2042,Cooling,Alabama
0.598319996,Commercial,AEO2026 CDM weighted average across bldg types,2043,Cooling,Tennessee
0.598319996,Commercial,AEO2026 CDM weighted average across bldg types,2043,Cooling,Mississippi
0.598319996,Commercial,AEO2026 CDM weighted average across bldg types,2043,Cooling,Kentucky
0.598319996,Commercial,AEO2026 CDM weighted average across bldg types,2043,Cooling,Alabama
0.594436623,Commercial,AEO2026 CDM weighted average across bldg types,2044,Cooling,Tennessee
0.594436623,Commercial,AEO2026 CDM weighted average across bldg types,2044,Cooling,Mississippi
0.594436623,Commercial,AEO2026 CDM weighted average across bldg types,2044,Cooling,Kentucky
0.594436623,Commercial,AEO2026 CDM weighted average across bldg types,2044,Cooling,Alabama
0.590633393,Commercial,AEO2026 CDM weighted average across bldg types,2045,Cooling,Tennessee
0.590633393,Commercial,AEO2026 CDM weighted average across bldg types,2045,Cooling,Mississippi
0.590633393,Commercial,AEO2026 CDM weighted average across bldg types,2045,Cooling,Kentucky
0.590633393,Commercial,AEO2026 CDM weighted average across bldg types,2045,Cooling,Alabama
0.586908242,Commercial,AEO2026 CDM weighted average across bldg types,2046,Cooling,Tennessee
0.586908242,Commercial,AEO2026 CDM weighted average across bldg types,2046,Cooling,Mississippi
0.586908242,Commercial,AEO2026 CDM weighted average across bldg types,2046,Cooling,Kentucky
0.586908242,Commercial,AEO2026 CDM weighted average across bldg types,2046,Cooling,Alabama
0.583260748,Commercial,AEO2026 CDM weighted average across bldg types,2047,Cooling,Tennessee
0.583260748,Commercial,AEO2026 CDM weighted average across bldg types,2047,Cooling,Mississippi
0.583260748,Commercial,AEO2026 CDM weighted average across bldg types,2047,Cooling,Kentucky
0.583260748,Commercial,AEO2026 CDM weighted average across bldg types,2047,Cooling,Alabama
0.579689836,Commercial,AEO2026 CDM weighted average across bldg types,2048,Cooling,Tennessee
0.579689836,Commercial,AEO2026 CDM weighted average across bldg types,2048,Cooling,Mississippi
0.579689836,Commercial,AEO2026 CDM weighted average across bldg types,2048,Cooling,Kentucky
0.579689836,Commercial,AEO2026 CDM weighted average across bldg types,2048,Cooling,Alabama
0.576194853,Commercial,AEO2026 CDM weighted average across bldg types,2049,Cooling,Tennessee
0.576194853,Commercial,AEO2026 CDM weighted average across bldg types,2049,Cooling,Mississippi
0.576194853,Commercial,AEO2026 CDM weighted average across bldg types,2049,Cooling,Kentucky
0.576194853,Commercial,AEO2026 CDM weighted average across bldg types,2049,Cooling,Alabama
0.572774009,Commercial,AEO2026 CDM weighted average across bldg types,2050,Cooling,Tennessee
0.572774009,Commercial,AEO2026 CDM weighted average across bldg types,2050,Cooling,Mississippi
0.572774009,Commercial,AEO2026 CDM weighted average across bldg types,2050,Cooling,Kentucky
0.572774009,Commercial,AEO2026 CDM weighted average across bldg types,2050,Cooling,Alabama
0.653423320,Commercial,AEO2026 CDM weighted average across bldg types,2019,Cooling,Texas
0.653423320,Commercial,AEO2026 CDM weighted average across bldg types,2019,Cooling,Oklahoma
0.653423320,Commercial,AEO2026 CDM weighted average across bldg types,2019,Cooling,Louisiana
0.653423320,Commercial,AEO2026 CDM weighted average across bldg types,2019,Cooling,Arkansas
0.653145175,Commercial,AEO2026 CDM weighted average across bldg types,2020,Cooling,Texas
0.653145175,Commercial,AEO2026 CDM weighted average across bldg types,2020,Cooling,Oklahoma
0.653145175,Commercial,AEO2026 CDM weighted average across bldg types,2020,Cooling,Louisiana
0.653145175,Commercial,AEO2026 CDM weighted average across bldg types,2020,Cooling,Arkansas
0.651334028,Commercial,AEO2026 CDM weighted average across bldg types,2021,Cooling,Texas
0.651334028,Commercial,AEO2026 CDM weighted average across bldg types,2021,Cooling,Oklahoma
0.651334028,Commercial,AEO2026 CDM weighted average across bldg types,2021,Cooling,Louisiana
0.651334028,Commercial,AEO2026 CDM weighted average across bldg types,2021,Cooling,Arkansas
0.649796625,Commercial,AEO2026 CDM weighted average across bldg types,2022,Cooling,Texas
0.649796625,Commercial,AEO2026 CDM weighted average across bldg types,2022,Cooling,Oklahoma
0.649796625,Commercial,AEO2026 CDM weighted average across bldg types,2022,Cooling,Louisiana
0.649796625,Commercial,AEO2026 CDM weighted average across bldg types,2022,Cooling,Arkansas
0.648542196,Commercial,AEO2026 CDM weighted average across bldg types,2023,Cooling,Texas
0.648542196,Commercial,AEO2026 CDM weighted average across bldg types,2023,Cooling,Oklahoma
0.648542196,Commercial,AEO2026 CDM weighted average across bldg types,2023,Cooling,Louisiana
0.648542196,Commercial,AEO2026 CDM weighted average across bldg types,2023,Cooling,Arkansas
0.647580565,Commercial,AEO2026 CDM weighted average across bldg types,2024,Cooling,Texas
0.647580565,Commercial,AEO2026 CDM weighted average across bldg types,2024,Cooling,Oklahoma
0.647580565,Commercial,AEO2026 CDM weighted average across bldg types,2024,Cooling,Louisiana
0.647580565,Commercial,AEO2026 CDM weighted average across bldg types,2024,Cooling,Arkansas
0.646922491,Commercial,AEO2026 CDM weighted average across bldg types,2025,Cooling,Texas
0.646922491,Commercial,AEO2026 CDM weighted average across bldg types,2025,Cooling,Oklahoma
0.646922491,Commercial,AEO2026 CDM weighted average across bldg types,2025,Cooling,Louisiana
0.646922491,Commercial,AEO2026 CDM weighted average across bldg types,2025,Cooling,Arkansas
0.646579785,Commercial,AEO2026 CDM weighted average across bldg types,2026,Cooling,Texas
0.646579785,Commercial,AEO2026 CDM weighted average across bldg types,2026,Cooling,Oklahoma
0.646579785,Commercial,AEO2026 CDM weighted average across bldg types,2026,Cooling,Louisiana
0.646579785,Commercial,AEO2026 CDM weighted average across bldg types,2026,Cooling,Arkansas
0.646563611,Commercial,AEO2026 CDM weighted average across bldg types,2027,Cooling,Texas
0.646563611,Commercial,AEO2026 CDM weighted average across bldg types,2027,Cooling,Oklahoma
0.646563611,Commercial,AEO2026 CDM weighted average across bldg types,2027,Cooling,Louisiana
0.646563611,Commercial,AEO2026 CDM weighted average across bldg types,2027,Cooling,Arkansas
0.646886992,Commercial,AEO2026 CDM weighted average across bldg types,2028,Cooling,Texas
0.646886992,Commercial,AEO2026 CDM weighted average across bldg types,2028,Cooling,Oklahoma
0.646886992,Commercial,AEO2026 CDM weighted average across bldg types,2028,Cooling,Louisiana
0.646886992,Commercial,AEO2026 CDM weighted average across bldg types,2028,Cooling,Arkansas
0.647562402,Commercial,AEO2026 CDM weighted average across bldg types,2029,Cooling,Texas
0.647562402,Commercial,AEO2026 CDM weighted average across bldg types,2029,Cooling,Oklahoma
0.647562402,Commercial,AEO2026 CDM weighted average across bldg types,2029,Cooling,Louisiana
0.647562402,Commercial,AEO2026 CDM weighted average across bldg types,2029,Cooling,Arkansas
0.648604373,Commercial,AEO2026 CDM weighted average across bldg types,2030,Cooling,Texas
0.648604373,Commercial,AEO2026 CDM weighted average across bldg types,2030,Cooling,Oklahoma
0.648604373,Commercial,AEO2026 CDM weighted average across bldg types,2030,Cooling,Louisiana
0.648604373,Commercial,AEO2026 CDM weighted average across bldg types,2030,Cooling,Arkansas
0.647142885,Commercial,AEO2026 CDM weighted average across bldg types,2031,Cooling,Texas
0.647142885,Commercial,AEO2026 CDM weighted average across bldg types,2031,Cooling,Oklahoma
0.647142885,Commercial,AEO2026 CDM weighted average across bldg types,2031,Cooling,Louisiana
0.647142885,Commercial,AEO2026 CDM weighted average across bldg types,2031,Cooling,Arkansas
0.645903763,Commercial,AEO2026 CDM weighted average across bldg types,2032,Cooling,Texas
0.645903763,Commercial,AEO2026 CDM weighted average across bldg types,2032,Cooling,Oklahoma
0.645903763,Commercial,AEO2026 CDM weighted average across bldg types,2032,Cooling,Louisiana
0.645903763,Commercial,AEO2026 CDM weighted average across bldg types,2032,Cooling,Arkansas
0.644890997,Commercial,AEO2026 CDM weighted average across bldg types,2033,Cooling,Texas
0.644890997,Commercial,AEO2026 CDM weighted average across bldg types,2033,Cooling,Oklahoma
0.644890997,Commercial,AEO2026 CDM weighted average across bldg types,2033,Cooling,Louisiana
0.644890997,Commercial,AEO2026 CDM weighted average across bldg types,2033,Cooling,Arkansas
0.644108177,Commercial,AEO2026 CDM weighted average across bldg types,2034,Cooling,Texas
0.644108177,Commercial,AEO2026 CDM weighted average across bldg types,2034,Cooling,Oklahoma
0.644108177,Commercial,AEO2026 CDM weighted average across bldg types,2034,Cooling,Louisiana
0.644108177,Commercial,AEO2026 CDM weighted average across bldg types,2034,Cooling,Arkansas
0.643559467,Commercial,AEO2026 CDM weighted average across bldg types,2035,Cooling,Texas
0.643559467,Commercial,AEO2026 CDM weighted average across bldg types,2035,Cooling,Oklahoma
0.643559467,Commercial,AEO2026 CDM weighted average across bldg types,2035,Cooling,Louisiana
0.643559467,Commercial,AEO2026 CDM weighted average across bldg types,2035,Cooling,Arkansas
0.643249623,Commercial,AEO2026 CDM weighted average across bldg types,2036,Cooling,Texas
0.643249623,Commercial,AEO2026 CDM weighted average across bldg types,2036,Cooling,Oklahoma
0.643249623,Commercial,AEO2026 CDM weighted average across bldg types,2036,Cooling,Louisiana
0.643249623,Commercial,AEO2026 CDM weighted average across bldg types,2036,Cooling,Arkansas
0.643182773,Commercial,AEO2026 CDM weighted average across bldg types,2037,Cooling,Texas
0.643182773,Commercial,AEO2026 CDM weighted average across bldg types,2037,Cooling,Oklahoma
0.643182773,Commercial,AEO2026 CDM weighted average across bldg types,2037,Cooling,Louisiana
0.643182773,Commercial,AEO2026 CDM weighted average across bldg types,2037,Cooling,Arkansas
0.643363540,Commercial,AEO2026 CDM weighted average across bldg types,2038,Cooling,Texas
0.643363540,Commercial,AEO2026 CDM weighted average across bldg types,2038,Cooling,Oklahoma
0.643363540,Commercial,AEO2026 CDM weighted average across bldg types,2038,Cooling,Louisiana
0.643363540,Commercial,AEO2026 CDM weighted average across bldg types,2038,Cooling,Arkansas
0.643797024,Commercial,AEO2026 CDM weighted average across bldg types,2039,Cooling,Texas
0.643797024,Commercial,AEO2026 CDM weighted average across bldg types,2039,Cooling,Oklahoma
0.643797024,Commercial,AEO2026 CDM weighted average across bldg types,2039,Cooling,Louisiana
0.643797024,Commercial,AEO2026 CDM weighted average across bldg types,2039,Cooling,Arkansas
0.644488625,Commercial,AEO2026 CDM weighted average across bldg types,2040,Cooling,Texas
0.644488625,Commercial,AEO2026 CDM weighted average across bldg types,2040,Cooling,Oklahoma
0.644488625,Commercial,AEO2026 CDM weighted average across bldg types,2040,Cooling,Louisiana
0.644488625,Commercial,AEO2026 CDM weighted average across bldg types,2040,Cooling,Arkansas
0.643156238,Commercial,AEO2026 CDM weighted average across bldg types,2041,Cooling,Texas
0.643156238,Commercial,AEO2026 CDM weighted average across bldg types,2041,Cooling,Oklahoma
0.643156238,Commercial,AEO2026 CDM weighted average across bldg types,2041,Cooling,Louisiana
0.643156238,Commercial,AEO2026 CDM weighted average across bldg types,2041,Cooling,Arkansas
0.642025759,Commercial,AEO2026 CDM weighted average across bldg types,2042,Cooling,Texas
0.642025759,Commercial,AEO2026 CDM weighted average across bldg types,2042,Cooling,Oklahoma
0.642025759,Commercial,AEO2026 CDM weighted average across bldg types,2042,Cooling,Louisiana
0.642025759,Commercial,AEO2026 CDM weighted average across bldg types,2042,Cooling,Arkansas
0.641098151,Commercial,AEO2026 CDM weighted average across bldg types,2043,Cooling,Texas
0.641098151,Commercial,AEO2026 CDM weighted average across bldg types,2043,Cooling,Oklahoma
0.641098151,Commercial,AEO2026 CDM weighted average across bldg types,2043,Cooling,Louisiana
0.641098151,Commercial,AEO2026 CDM weighted average across bldg types,2043,Cooling,Arkansas
0.640375067,Commercial,AEO2026 CDM weighted average across bldg types,2044,Cooling,Texas
0.640375067,Commercial,AEO2026 CDM weighted average across bldg types,2044,Cooling,Oklahoma
0.640375067,Commercial,AEO2026 CDM weighted average across bldg types,2044,Cooling,Louisiana
0.640375067,Commercial,AEO2026 CDM weighted average across bldg types,2044,Cooling,Arkansas
0.639857862,Commercial,AEO2026 CDM weighted average across bldg types,2045,Cooling,Texas
0.639857862,Commercial,AEO2026 CDM weighted average across bldg types,2045,Cooling,Oklahoma
0.639857862,Commercial,AEO2026 CDM weighted average across bldg types,2045,Cooling,Louisiana
0.639857862,Commercial,AEO2026 CDM weighted average across bldg types,2045,Cooling,Arkansas
0.639548328,Commercial,AEO2026 CDM weighted average across bldg types,2046,Cooling,Texas
0.639548328,Commercial,AEO2026 CDM weighted average across bldg types,2046,Cooling,Oklahoma
0.639548328,Commercial,AEO2026 CDM weighted average across bldg types,2046,Cooling,Louisiana
0.639548328,Commercial,AEO2026 CDM weighted average across bldg types,2046,Cooling,Arkansas
0.639448111,Commercial,AEO2026 CDM weighted average across bldg types,2047,Cooling,Texas
0.639448111,Commercial,AEO2026 CDM weighted average across bldg types,2047,Cooling,Oklahoma
0.639448111,Commercial,AEO2026 CDM weighted average across bldg types,2047,Cooling,Louisiana
0.639448111,Commercial,AEO2026 CDM weighted average across bldg types,2047,Cooling,Arkansas
0.639558751,Commercial,AEO2026 CDM weighted average across bldg types,2048,Cooling,Texas
0.639558751,Commercial,AEO2026 CDM weighted average across bldg types,2048,Cooling,Oklahoma
0.639558751,Commercial,AEO2026 CDM weighted average across bldg types,2048,Cooling,Louisiana
0.639558751,Commercial,AEO2026 CDM weighted average across bldg types,2048,Cooling,Arkansas
0.639882362,Commercial,AEO2026 CDM weighted average across bldg types,2049,Cooling,Texas
0.639882362,Commercial,AEO2026 CDM weighted average across bldg types,2049,Cooling,Oklahoma
0.639882362,Commercial,AEO2026 CDM weighted average across bldg types,2049,Cooling,Louisiana
0.639882362,Commercial,AEO2026 CDM weighted average across bldg types,2049,Cooling,Arkansas
0.640421155,Commercial,AEO2026 CDM weighted average across bldg types,2050,Cooling,Texas
0.640421155,Commercial,AEO2026 CDM weighted average across bldg types,2050,Cooling,Oklahoma
0.640421155,Commercial,AEO2026 CDM weighted average across bldg types,2050,Cooling,Louisiana
0.640421155,Commercial,AEO2026 CDM weighted average across bldg types,2050,Cooling,Arkansas
0.743046037,Commercial,AEO2026 CDM weighted average across bldg types,2019,Cooling,Wyoming
0.743046037,Commercial,AEO2026 CDM weighted average across bldg types,2019,Cooling,Utah
0.743046037,Commercial,AEO2026 CDM weighted average across bldg types,2019,Cooling,New Mexico
0.743046037,Commercial,AEO2026 CDM weighted average across bldg types,2019,Cooling,Nevada
0.743046037,Commercial,AEO2026 CDM weighted average across bldg types,2019,Cooling,Montana
0.743046037,Commercial,AEO2026 CDM weighted average across bldg types,2019,Cooling,Idaho
0.743046037,Commercial,AEO2026 CDM weighted average across bldg types,2019,Cooling,Colorado
0.743046037,Commercial,AEO2026 CDM weighted average across bldg types,2019,Cooling,Arizona
0.738412559,Commercial,AEO2026 CDM weighted average across bldg types,2020,Cooling,Wyoming
0.738412559,Commercial,AEO2026 CDM weighted average across bldg types,2020,Cooling,Utah
0.738412559,Commercial,AEO2026 CDM weighted average across bldg types,2020,Cooling,New Mexico
0.738412559,Commercial,AEO2026 CDM weighted average across bldg types,2020,Cooling,Nevada
0.738412559,Commercial,AEO2026 CDM weighted average across bldg types,2020,Cooling,Montana
0.738412559,Commercial,AEO2026 CDM weighted average across bldg types,2020,Cooling,Idaho
0.738412559,Commercial,AEO2026 CDM weighted average across bldg types,2020,Cooling,Colorado
0.738412559,Commercial,AEO2026 CDM weighted average across bldg types,2020,Cooling,Arizona
0.733647024,Commercial,AEO2026 CDM weighted average across bldg types,2021,Cooling,Wyoming
0.733647024,Commercial,AEO2026 CDM weighted average across bldg types,2021,Cooling,Utah
0.733647024,Commercial,AEO2026 CDM weighted average across bldg types,2021,Cooling,New Mexico
0.733647024,Commercial,AEO2026 CDM weighted average across bldg types,2021,Cooling,Nevada
0.733647024,Commercial,AEO2026 CDM weighted average across bldg types,2021,Cooling,Montana
0.733647024,Commercial,AEO2026 CDM weighted average across bldg types,2021,Cooling,Idaho
0.733647024,Commercial,AEO2026 CDM weighted average across bldg types,2021,Cooling,Colorado
0.733647024,Commercial,AEO2026 CDM weighted average across bldg types,2021,Cooling,Arizona
0.728922113,Commercial,AEO2026 CDM weighted average across bldg types,2022,Cooling,Wyoming
0.728922113,Commercial,AEO2026 CDM weighted average across bldg types,2022,Cooling,Utah
0.728922113,Commercial,AEO2026 CDM weighted average across bldg types,2022,Cooling,New Mexico
0.728922113,Commercial,AEO2026 CDM weighted average across bldg types,2022,Cooling,Nevada
0.728922113,Commercial,AEO2026 CDM weighted average across bldg types,2022,Cooling,Montana
0.728922113,Commercial,AEO2026 CDM weighted average across bldg types,2022,Cooling,Idaho
0.728922113,Commercial,AEO2026 CDM weighted average across bldg types,2022,Cooling,Colorado
0.728922113,Commercial,AEO2026 CDM weighted average across bldg types,2022,Cooling,Arizona
0.724237685,Commercial,AEO2026 CDM weighted average across bldg types,2023,Cooling,Wyoming
0.724237685,Commercial,AEO2026 CDM weighted average across bldg types,2023,Cooling,Utah
0.724237685,Commercial,AEO2026 CDM weighted average across bldg types,2023,Cooling,New Mexico
0.724237685,Commercial,AEO2026 CDM weighted average across bldg types,2023,Cooling,Nevada
0.724237685,Commercial,AEO2026 CDM weighted average across bldg types,2023,Cooling,Montana
0.724237685,Commercial,AEO2026 CDM weighted average across bldg types,2023,Cooling,Idaho
0.724237685,Commercial,AEO2026 CDM weighted average across bldg types,2023,Cooling,Colorado
0.724237685,Commercial,AEO2026 CDM weighted average across bldg types,2023,Cooling,Arizona
0.719593085,Commercial,AEO2026 CDM weighted average across bldg types,2024,Cooling,Wyoming
0.719593085,Commercial,AEO2026 CDM weighted average across bldg types,2024,Cooling,Utah
0.719593085,Commercial,AEO2026 CDM weighted average across bldg types,2024,Cooling,New Mexico
0.719593085,Commercial,AEO2026 CDM weighted average across bldg types,2024,Cooling,Nevada
0.719593085,Commercial,AEO2026 CDM weighted average across bldg types,2024,Cooling,Montana
0.719593085,Commercial,AEO2026 CDM weighted average across bldg types,2024,Cooling,Idaho
0.719593085,Commercial,AEO2026 CDM weighted average across bldg types,2024,Cooling,Colorado
0.719593085,Commercial,AEO2026 CDM weighted average across bldg types,2024,Cooling,Arizona
0.714988058,Commercial,AEO2026 CDM weighted average across bldg types,2025,Cooling,Wyoming
0.714988058,Commercial,AEO2026 CDM weighted average across bldg types,2025,Cooling,Utah
0.714988058,Commercial,AEO2026 CDM weighted average across bldg types,2025,Cooling,New Mexico
0.714988058,Commercial,AEO2026 CDM weighted average across bldg types,2025,Cooling,Nevada
0.714988058,Commercial,AEO2026 CDM weighted average across bldg types,2025,Cooling,Montana
0.714988058,Commercial,AEO2026 CDM weighted average across bldg types,2025,Cooling,Idaho
0.714988058,Commercial,AEO2026 CDM weighted average across bldg types,2025,Cooling,Colorado
0.714988058,Commercial,AEO2026 CDM weighted average across bldg types,2025,Cooling,Arizona
0.710422811,Commercial,AEO2026 CDM weighted average across bldg types,2026,Cooling,Wyoming
0.710422811,Commercial,AEO2026 CDM weighted average across bldg types,2026,Cooling,Utah
0.710422811,Commercial,AEO2026 CDM weighted average across bldg types,2026,Cooling,New Mexico
0.710422811,Commercial,AEO2026 CDM weighted average across bldg types,2026,Cooling,Nevada
0.710422811,Commercial,AEO2026 CDM weighted average across bldg types,2026,Cooling,Montana
0.710422811,Commercial,AEO2026 CDM weighted average across bldg types,2026,Cooling,Idaho
0.710422811,Commercial,AEO2026 CDM weighted average across bldg types,2026,Cooling,Colorado
0.710422811,Commercial,AEO2026 CDM weighted average across bldg types,2026,Cooling,Arizona
0.705896140,Commercial,AEO2026 CDM weighted average across bldg types,2027,Cooling,Wyoming
0.705896140,Commercial,AEO2026 CDM weighted average across bldg types,2027,Cooling,Utah
0.705896140,Commercial,AEO2026 CDM weighted average across bldg types,2027,Cooling,New Mexico
0.705896140,Commercial,AEO2026 CDM weighted average across bldg types,2027,Cooling,Nevada
0.705896140,Commercial,AEO2026 CDM weighted average across bldg types,2027,Cooling,Montana
0.705896140,Commercial,AEO2026 CDM weighted average across bldg types,2027,Cooling,Idaho
0.705896140,Commercial,AEO2026 CDM weighted average across bldg types,2027,Cooling,Colorado
0.705896140,Commercial,AEO2026 CDM weighted average across bldg types,2027,Cooling,Arizona
0.701408382,Commercial,AEO2026 CDM weighted average across bldg types,2028,Cooling,Wyoming
0.701408382,Commercial,AEO2026 CDM weighted average across bldg types,2028,Cooling,Utah
0.701408382,Commercial,AEO2026 CDM weighted average across bldg types,2028,Cooling,New Mexico
0.701408382,Commercial,AEO2026 CDM weighted average across bldg types,2028,Cooling,Nevada
0.701408382,Commercial,AEO2026 CDM weighted average across bldg types,2028,Cooling,Montana
0.701408382,Commercial,AEO2026 CDM weighted average across bldg types,2028,Cooling,Idaho
0.701408382,Commercial,AEO2026 CDM weighted average across bldg types,2028,Cooling,Colorado
0.701408382,Commercial,AEO2026 CDM weighted average across bldg types,2028,Cooling,Arizona
0.696959104,Commercial,AEO2026 CDM weighted average across bldg types,2029,Cooling,Wyoming
0.696959104,Commercial,AEO2026 CDM weighted average across bldg types,2029,Cooling,Utah
0.696959104,Commercial,AEO2026 CDM weighted average across bldg types,2029,Cooling,New Mexico
0.696959104,Commercial,AEO2026 CDM weighted average across bldg types,2029,Cooling,Nevada
0.696959104,Commercial,AEO2026 CDM weighted average across bldg types,2029,Cooling,Montana
0.696959104,Commercial,AEO2026 CDM weighted average across bldg types,2029,Cooling,Idaho
0.696959104,Commercial,AEO2026 CDM weighted average across bldg types,2029,Cooling,Colorado
0.696959104,Commercial,AEO2026 CDM weighted average across bldg types,2029,Cooling,Arizona
0.692547635,Commercial,AEO2026 CDM weighted average across bldg types,2030,Cooling,Wyoming
0.692547635,Commercial,AEO2026 CDM weighted average across bldg types,2030,Cooling,Utah
0.692547635,Commercial,AEO2026 CDM weighted average across bldg types,2030,Cooling,New Mexico
0.692547635,Commercial,AEO2026 CDM weighted average across bldg types,2030,Cooling,Nevada
0.692547635,Commercial,AEO2026 CDM weighted average across bldg types,2030,Cooling,Montana
0.692547635,Commercial,AEO2026 CDM weighted average across bldg types,2030,Cooling,Idaho
0.692547635,Commercial,AEO2026 CDM weighted average across bldg types,2030,Cooling,Colorado
0.692547635,Commercial,AEO2026 CDM weighted average across bldg types,2030,Cooling,Arizona
0.687830080,Commercial,AEO2026 CDM weighted average across bldg types,2031,Cooling,Wyoming
0.687830080,Commercial,AEO2026 CDM weighted average across bldg types,2031,Cooling,Utah
0.687830080,Commercial,AEO2026 CDM weighted average across bldg types,2031,Cooling,New Mexico
0.687830080,Commercial,AEO2026 CDM weighted average across bldg types,2031,Cooling,Nevada
0.687830080,Commercial,AEO2026 CDM weighted average across bldg types,2031,Cooling,Montana
0.687830080,Commercial,AEO2026 CDM weighted average across bldg types,2031,Cooling,Idaho
0.687830080,Commercial,AEO2026 CDM weighted average across bldg types,2031,Cooling,Colorado
0.687830080,Commercial,AEO2026 CDM weighted average across bldg types,2031,Cooling,Arizona
0.683156442,Commercial,AEO2026 CDM weighted average across bldg types,2032,Cooling,Wyoming
0.683156442,Commercial,AEO2026 CDM weighted average across bldg types,2032,Cooling,Utah
0.683156442,Commercial,AEO2026 CDM weighted average across bldg types,2032,Cooling,New Mexico
0.683156442,Commercial,AEO2026 CDM weighted average across bldg types,2032,Cooling,Nevada
0.683156442,Commercial,AEO2026 CDM weighted average across bldg types,2032,Cooling,Montana
0.683156442,Commercial,AEO2026 CDM weighted average across bldg types,2032,Cooling,Idaho
0.683156442,Commercial,AEO2026 CDM weighted average across bldg types,2032,Cooling,Colorado
0.683156442,Commercial,AEO2026 CDM weighted average across bldg types,2032,Cooling,Arizona
0.678525957,Commercial,AEO2026 CDM weighted average across bldg types,2033,Cooling,Wyoming
0.678525957,Commercial,AEO2026 CDM weighted average across bldg types,2033,Cooling,Utah
0.678525957,Commercial,AEO2026 CDM weighted average across bldg types,2033,Cooling,New Mexico
0.678525957,Commercial,AEO2026 CDM weighted average across bldg types,2033,Cooling,Nevada
0.678525957,Commercial,AEO2026 CDM weighted average across bldg types,2033,Cooling,Montana
0.678525957,Commercial,AEO2026 CDM weighted average across bldg types,2033,Cooling,Idaho
0.678525957,Commercial,AEO2026 CDM weighted average across bldg types,2033,Cooling,Colorado
0.678525957,Commercial,AEO2026 CDM weighted average across bldg types,2033,Cooling,Arizona
0.673938234,Commercial,AEO2026 CDM weighted average across bldg types,2034,Cooling,Wyoming
0.673938234,Commercial,AEO2026 CDM weighted average across bldg types,2034,Cooling,Utah
0.673938234,Commercial,AEO2026 CDM weighted average across bldg types,2034,Cooling,New Mexico
0.673938234,Commercial,AEO2026 CDM weighted average across bldg types,2034,Cooling,Nevada
0.673938234,Commercial,AEO2026 CDM weighted average across bldg types,2034,Cooling,Montana
0.673938234,Commercial,AEO2026 CDM weighted average across bldg types,2034,Cooling,Idaho
0.673938234,Commercial,AEO2026 CDM weighted average across bldg types,2034,Cooling,Colorado
0.673938234,Commercial,AEO2026 CDM weighted average across bldg types,2034,Cooling,Arizona
0.669392831,Commercial,AEO2026 CDM weighted average across bldg types,2035,Cooling,Wyoming
0.669392831,Commercial,AEO2026 CDM weighted average across bldg types,2035,Cooling,Utah
0.669392831,Commercial,AEO2026 CDM weighted average across bldg types,2035,Cooling,New Mexico
0.669392831,Commercial,AEO2026 CDM weighted average across bldg types,2035,Cooling,Nevada
0.669392831,Commercial,AEO2026 CDM weighted average across bldg types,2035,Cooling,Montana
0.669392831,Commercial,AEO2026 CDM weighted average across bldg types,2035,Cooling,Idaho
0.669392831,Commercial,AEO2026 CDM weighted average across bldg types,2035,Cooling,Colorado
0.669392831,Commercial,AEO2026 CDM weighted average across bldg types,2035,Cooling,Arizona
0.664889258,Commercial,AEO2026 CDM weighted average across bldg types,2036,Cooling,Wyoming
0.664889258,Commercial,AEO2026 CDM weighted average across bldg types,2036,Cooling,Utah
0.664889258,Commercial,AEO2026 CDM weighted average across bldg types,2036,Cooling,New Mexico
0.664889258,Commercial,AEO2026 CDM weighted average across bldg types,2036,Cooling,Nevada
0.664889258,Commercial,AEO2026 CDM weighted average across bldg types,2036,Cooling,Montana
0.664889258,Commercial,AEO2026 CDM weighted average across bldg types,2036,Cooling,Idaho
0.664889258,Commercial,AEO2026 CDM weighted average across bldg types,2036,Cooling,Colorado
0.664889258,Commercial,AEO2026 CDM weighted average across bldg types,2036,Cooling,Arizona
0.660427558,Commercial,AEO2026 CDM weighted average across bldg types,2037,Cooling,Wyoming
0.660427558,Commercial,AEO2026 CDM weighted average across bldg types,2037,Cooling,Utah
0.660427558,Commercial,AEO2026 CDM weighted average across bldg types,2037,Cooling,New Mexico
0.660427558,Commercial,AEO2026 CDM weighted average across bldg types,2037,Cooling,Nevada
0.660427558,Commercial,AEO2026 CDM weighted average across bldg types,2037,Cooling,Montana
0.660427558,Commercial,AEO2026 CDM weighted average across bldg types,2037,Cooling,Idaho
0.660427558,Commercial,AEO2026 CDM weighted average across bldg types,2037,Cooling,Colorado
0.660427558,Commercial,AEO2026 CDM weighted average across bldg types,2037,Cooling,Arizona
0.656006985,Commercial,AEO2026 CDM weighted average across bldg types,2038,Cooling,Wyoming
0.656006985,Commercial,AEO2026 CDM weighted average across bldg types,2038,Cooling,Utah
0.656006985,Commercial,AEO2026 CDM weighted average across bldg types,2038,Cooling,New Mexico
0.656006985,Commercial,AEO2026 CDM weighted average across bldg types,2038,Cooling,Nevada
0.656006985,Commercial,AEO2026 CDM weighted average across bldg types,2038,Cooling,Montana
0.656006985,Commercial,AEO2026 CDM weighted average across bldg types,2038,Cooling,Idaho
0.656006985,Commercial,AEO2026 CDM weighted average across bldg types,2038,Cooling,Colorado
0.656006985,Commercial,AEO2026 CDM weighted average across bldg types,2038,Cooling,Arizona
0.651627101,Commercial,AEO2026 CDM weighted average across bldg types,2039,Cooling,Wyoming
0.651627101,Commercial,AEO2026 CDM weighted average across bldg types,2039,Cooling,Utah
0.651627101,Commercial,AEO2026 CDM weighted average across bldg types,2039,Cooling,New Mexico
0.651627101,Commercial,AEO2026 CDM weighted average across bldg types,2039,Cooling,Nevada
0.651627101,Commercial,AEO2026 CDM weighted average across bldg types,2039,Cooling,Montana
0.651627101,Commercial,AEO2026 CDM weighted average across bldg types,2039,Cooling,Idaho
0.651627101,Commercial,AEO2026 CDM weighted average across bldg types,2039,Cooling,Colorado
0.651627101,Commercial,AEO2026 CDM weighted average across bldg types,2039,Cooling,Arizona
0.647287847,Commercial,AEO2026 CDM weighted average across bldg types,2040,Cooling,Wyoming
0.647287847,Commercial,AEO2026 CDM weighted average across bldg types,2040,Cooling,Utah
0.647287847,Commercial,AEO2026 CDM weighted average across bldg types,2040,Cooling,New Mexico
0.647287847,Commercial,AEO2026 CDM weighted average across bldg types,2040,Cooling,Nevada
0.647287847,Commercial,AEO2026 CDM weighted average across bldg types,2040,Cooling,Montana
0.647287847,Commercial,AEO2026 CDM weighted average across bldg types,2040,Cooling,Idaho
0.647287847,Commercial,AEO2026 CDM weighted average across bldg types,2040,Cooling,Colorado
0.647287847,Commercial,AEO2026 CDM weighted average across bldg types,2040,Cooling,Arizona
0.642577319,Commercial,AEO2026 CDM weighted average across bldg types,2041,Cooling,Wyoming
0.642577319,Commercial,AEO2026 CDM weighted average across bldg types,2041,Cooling,Utah
0.642577319,Commercial,AEO2026 CDM weighted average across bldg types,2041,Cooling,New Mexico
0.642577319,Commercial,AEO2026 CDM weighted average across bldg types,2041,Cooling,Nevada
0.642577319,Commercial,AEO2026 CDM weighted average across bldg types,2041,Cooling,Montana
0.642577319,Commercial,AEO2026 CDM weighted average across bldg types,2041,Cooling,Idaho
0.642577319,Commercial,AEO2026 CDM weighted average across bldg types,2041,Cooling,Colorado
0.642577319,Commercial,AEO2026 CDM weighted average across bldg types,2041,Cooling,Arizona
0.637914788,Commercial,AEO2026 CDM weighted average across bldg types,2042,Cooling,Wyoming
0.637914788,Commercial,AEO2026 CDM weighted average across bldg types,2042,Cooling,Utah
0.637914788,Commercial,AEO2026 CDM weighted average across bldg types,2042,Cooling,New Mexico
0.637914788,Commercial,AEO2026 CDM weighted average across bldg types,2042,Cooling,Nevada
0.637914788,Commercial,AEO2026 CDM weighted average across bldg types,2042,Cooling,Montana
0.637914788,Commercial,AEO2026 CDM weighted average across bldg types,2042,Cooling,Idaho
0.637914788,Commercial,AEO2026 CDM weighted average across bldg types,2042,Cooling,Colorado
0.637914788,Commercial,AEO2026 CDM weighted average across bldg types,2042,Cooling,Arizona
0.633299582,Commercial,AEO2026 CDM weighted average across bldg types,2043,Cooling,Wyoming
0.633299582,Commercial,AEO2026 CDM weighted average across bldg types,2043,Cooling,Utah
0.633299582,Commercial,AEO2026 CDM weighted average across bldg types,2043,Cooling,New Mexico
0.633299582,Commercial,AEO2026 CDM weighted average across bldg types,2043,Cooling,Nevada
0.633299582,Commercial,AEO2026 CDM weighted average across bldg types,2043,Cooling,Montana
0.633299582,Commercial,AEO2026 CDM weighted average across bldg types,2043,Cooling,Idaho
0.633299582,Commercial,AEO2026 CDM weighted average across bldg types,2043,Cooling,Colorado
0.633299582,Commercial,AEO2026 CDM weighted average across bldg types,2043,Cooling,Arizona
0.628731728,Commercial,AEO2026 CDM weighted average across bldg types,2044,Cooling,Wyoming
0.628731728,Commercial,AEO2026 CDM weighted average across bldg types,2044,Cooling,Utah
0.628731728,Commercial,AEO2026 CDM weighted average across bldg types,2044,Cooling,New Mexico
0.628731728,Commercial,AEO2026 CDM weighted average across bldg types,2044,Cooling,Nevada
0.628731728,Commercial,AEO2026 CDM weighted average across bldg types,2044,Cooling,Montana
0.628731728,Commercial,AEO2026 CDM weighted average across bldg types,2044,Cooling,Idaho
0.628731728,Commercial,AEO2026 CDM weighted average across bldg types,2044,Cooling,Colorado
0.628731728,Commercial,AEO2026 CDM weighted average across bldg types,2044,Cooling,Arizona
0.624209940,Commercial,AEO2026 CDM weighted average across bldg types,2045,Cooling,Wyoming
0.624209940,Commercial,AEO2026 CDM weighted average across bldg types,2045,Cooling,Utah
0.624209940,Commercial,AEO2026 CDM weighted average across bldg types,2045,Cooling,New Mexico
0.624209940,Commercial,AEO2026 CDM weighted average across bldg types,2045,Cooling,Nevada
0.624209940,Commercial,AEO2026 CDM weighted average across bldg types,2045,Cooling,Montana
0.624209940,Commercial,AEO2026 CDM weighted average across bldg types,2045,Cooling,Idaho
0.624209940,Commercial,AEO2026 CDM weighted average across bldg types,2045,Cooling,Colorado
0.624209940,Commercial,AEO2026 CDM weighted average across bldg types,2045,Cooling,Arizona
0.619733863,Commercial,AEO2026 CDM weighted average across bldg types,2046,Cooling,Wyoming
0.619733863,Commercial,AEO2026 CDM weighted average across bldg types,2046,Cooling,Utah
0.619733863,Commercial,AEO2026 CDM weighted average across bldg types,2046,Cooling,New Mexico
0.619733863,Commercial,AEO2026 CDM weighted average across bldg types,2046,Cooling,Nevada
0.619733863,Commercial,AEO2026 CDM weighted average across bldg types,2046,Cooling,Montana
0.619733863,Commercial,AEO2026 CDM weighted average across bldg types,2046,Cooling,Idaho
0.619733863,Commercial,AEO2026 CDM weighted average across bldg types,2046,Cooling,Colorado
0.619733863,Commercial,AEO2026 CDM weighted average across bldg types,2046,Cooling,Arizona
0.615303518,Commercial,AEO2026 CDM weighted average across bldg types,2047,Cooling,Wyoming
0.615303518,Commercial,AEO2026 CDM weighted average across bldg types,2047,Cooling,Utah
0.615303518,Commercial,AEO2026 CDM weighted average across bldg types,2047,Cooling,New Mexico
0.615303518,Commercial,AEO2026 CDM weighted average across bldg types,2047,Cooling,Nevada
0.615303518,Commercial,AEO2026 CDM weighted average across bldg types,2047,Cooling,Montana
0.615303518,Commercial,AEO2026 CDM weighted average across bldg types,2047,Cooling,Idaho
0.615303518,Commercial,AEO2026 CDM weighted average across bldg types,2047,Cooling,Colorado
0.615303518,Commercial,AEO2026 CDM weighted average across bldg types,2047,Cooling,Arizona
0.610918149,Commercial,AEO2026 CDM weighted average across bldg types,2048,Cooling,Wyoming
0.610918149,Commercial,AEO2026 CDM weighted average across bldg types,2048,Cooling,Utah
0.610918149,Commercial,AEO2026 CDM weighted average across bldg types,2048,Cooling,New Mexico
0.610918149,Commercial,AEO2026 CDM weighted average across bldg types,2048,Cooling,Nevada
0.610918149,Commercial,AEO2026 CDM weighted average across bldg types,2048,Cooling,Montana
0.610918149,Commercial,AEO2026 CDM weighted average across bldg types,2048,Cooling,Idaho
0.610918149,Commercial,AEO2026 CDM weighted average across bldg types,2048,Cooling,Colorado
0.610918149,Commercial,AEO2026 CDM weighted average across bldg types,2048,Cooling,Arizona
0.606576889,Commercial,AEO2026 CDM weighted average across bldg types,2049,Cooling,Wyoming
0.606576889,Commercial,AEO2026 CDM weighted average across bldg types,2049,Cooling,Utah
0.606576889,Commercial,AEO2026 CDM weighted average across bldg types,2049,Cooling,New Mexico
0.606576889,Commercial,AEO2026 CDM weighted average across bldg types,2049,Cooling,Nevada
0.606576889,Commercial,AEO2026 CDM weighted average across bldg types,2049,Cooling,Montana
0.606576889,Commercial,AEO2026 CDM weighted average across bldg types,2049,Cooling,Idaho
0.606576889,Commercial,AEO2026 CDM weighted average across bldg types,2049,Cooling,Colorado
0.606576889,Commercial,AEO2026 CDM weighted average across bldg types,2049,Cooling,Arizona
0.602279820,Commercial,AEO2026 CDM weighted average across bldg types,2050,Cooling,Wyoming
0.602279820,Commercial,AEO2026 CDM weighted average across bldg types,2050,Cooling,Utah
0.602279820,Commercial,AEO2026 CDM weighted average across bldg types,2050,Cooling,New Mexico
0.602279820,Commercial,AEO2026 CDM weighted average across bldg types,2050,Cooling,Nevada
0.602279820,Commercial,AEO2026 CDM weighted average across bldg types,2050,Cooling,Montana
0.602279820,Commercial,AEO2026 CDM weighted average across bldg types,2050,Cooling,Idaho
0.602279820,Commercial,AEO2026 CDM weighted average across bldg types,2050,Cooling,Colorado
0.602279820,Commercial,AEO2026 CDM weighted average across bldg types,2050,Cooling,Arizona
0.754670941,Commercial,AEO2026 CDM weighted average across bldg types,2019,Cooling,Washington
0.754670941,Commercial,AEO2026 CDM weighted average across bldg types,2019,Cooling,Oregon
0.754670941,Commercial,AEO2026 CDM weighted average across bldg types,2019,Cooling,Hawaii
0.754670941,Commercial,AEO2026 CDM weighted average across bldg types,2019,Cooling,California
0.754670941,Commercial,AEO2026 CDM weighted average across bldg types,2019,Cooling,Alaska
0.751515040,Commercial,AEO2026 CDM weighted average across bldg types,2020,Cooling,Washington
0.751515040,Commercial,AEO2026 CDM weighted average across bldg types,2020,Cooling,Oregon
0.751515040,Commercial,AEO2026 CDM weighted average across bldg types,2020,Cooling,Hawaii
0.751515040,Commercial,AEO2026 CDM weighted average across bldg types,2020,Cooling,California
0.751515040,Commercial,AEO2026 CDM weighted average across bldg types,2020,Cooling,Alaska
0.748249649,Commercial,AEO2026 CDM weighted average across bldg types,2021,Cooling,Washington
0.748249649,Commercial,AEO2026 CDM weighted average across bldg types,2021,Cooling,Oregon
0.748249649,Commercial,AEO2026 CDM weighted average across bldg types,2021,Cooling,Hawaii
0.748249649,Commercial,AEO2026 CDM weighted average across bldg types,2021,Cooling,California
0.748249649,Commercial,AEO2026 CDM weighted average across bldg types,2021,Cooling,Alaska
0.745011982,Commercial,AEO2026 CDM weighted average across bldg types,2022,Cooling,Washington
0.745011982,Commercial,AEO2026 CDM weighted average across bldg types,2022,Cooling,Oregon
0.745011982,Commercial,AEO2026 CDM weighted average across bldg types,2022,Cooling,Hawaii
0.745011982,Commercial,AEO2026 CDM weighted average across bldg types,2022,Cooling,California
0.745011982,Commercial,AEO2026 CDM weighted average across bldg types,2022,Cooling,Alaska
0.741801697,Commercial,AEO2026 CDM weighted average across bldg types,2023,Cooling,Washington
0.741801697,Commercial,AEO2026 CDM weighted average across bldg types,2023,Cooling,Oregon
0.741801697,Commercial,AEO2026 CDM weighted average across bldg types,2023,Cooling,Hawaii
0.741801697,Commercial,AEO2026 CDM weighted average across bldg types,2023,Cooling,California
0.741801697,Commercial,AEO2026 CDM weighted average across bldg types,2023,Cooling,Alaska
0.738619187,Commercial,AEO2026 CDM weighted average across bldg types,2024,Cooling,Washington
0.738619187,Commercial,AEO2026 CDM weighted average across bldg types,2024,Cooling,Oregon
0.738619187,Commercial,AEO2026 CDM weighted average across bldg types,2024,Cooling,Hawaii
0.738619187,Commercial,AEO2026 CDM weighted average across bldg types,2024,Cooling,California
0.738619187,Commercial,AEO2026 CDM weighted average across bldg types,2024,Cooling,Alaska
0.735463968,Commercial,AEO2026 CDM weighted average across bldg types,2025,Cooling,Washington
0.735463968,Commercial,AEO2026 CDM weighted average across bldg types,2025,Cooling,Oregon
0.735463968,Commercial,AEO2026 CDM weighted average across bldg types,2025,Cooling,Hawaii
0.735463968,Commercial,AEO2026 CDM weighted average across bldg types,2025,Cooling,California
0.735463968,Commercial,AEO2026 CDM weighted average across bldg types,2025,Cooling,Alaska
0.732335488,Commercial,AEO2026 CDM weighted average across bldg types,2026,Cooling,Washington
0.732335488,Commercial,AEO2026 CDM weighted average across bldg types,2026,Cooling,Oregon
0.732335488,Commercial,AEO2026 CDM weighted average across bldg types,2026,Cooling,Hawaii
0.732335488,Commercial,AEO2026 CDM weighted average across bldg types,2026,Cooling,California
0.732335488,Commercial,AEO2026 CDM weighted average across bldg types,2026,Cooling,Alaska
0.729233894,Commercial,AEO2026 CDM weighted average across bldg types,2027,Cooling,Washington
0.729233894,Commercial,AEO2026 CDM weighted average across bldg types,2027,Cooling,Oregon
0.729233894,Commercial,AEO2026 CDM weighted average across bldg types,2027,Cooling,Hawaii
0.729233894,Commercial,AEO2026 CDM weighted average across bldg types,2027,Cooling,California
0.729233894,Commercial,AEO2026 CDM weighted average across bldg types,2027,Cooling,Alaska
0.726158832,Commercial,AEO2026 CDM weighted average across bldg types,2028,Cooling,Washington
0.726158832,Commercial,AEO2026 CDM weighted average across bldg types,2028,Cooling,Oregon
0.726158832,Commercial,AEO2026 CDM weighted average across bldg types,2028,Cooling,Hawaii
0.726158832,Commercial,AEO2026 CDM weighted average across bldg types,2028,Cooling,California
0.726158832,Commercial,AEO2026 CDM weighted average across bldg types,2028,Cooling,Alaska
0.723109993,Commercial,AEO2026 CDM weighted average across bldg types,2029,Cooling,Washington
0.723109993,Commercial,AEO2026 CDM weighted average across bldg types,2029,Cooling,Oregon
0.723109993,Commercial,AEO2026 CDM weighted average across bldg types,2029,Cooling,Hawaii
0.723109993,Commercial,AEO2026 CDM weighted average across bldg types,2029,Cooling,California
0.723109993,Commercial,AEO2026 CDM weighted average across bldg types,2029,Cooling,Alaska
0.720087566,Commercial,AEO2026 CDM weighted average across bldg types,2030,Cooling,Washington
0.720087566,Commercial,AEO2026 CDM weighted average across bldg types,2030,Cooling,Oregon
0.720087566,Commercial,AEO2026 CDM weighted average across bldg types,2030,Cooling,Hawaii
0.720087566,Commercial,AEO2026 CDM weighted average across bldg types,2030,Cooling,California
0.720087566,Commercial,AEO2026 CDM weighted average across bldg types,2030,Cooling,Alaska
0.716858088,Commercial,AEO2026 CDM weighted average across bldg types,2031,Cooling,Washington
0.716858088,Commercial,AEO2026 CDM weighted average across bldg types,2031,Cooling,Oregon
0.716858088,Commercial,AEO2026 CDM weighted average across bldg types,2031,Cooling,Hawaii
0.716858088,Commercial,AEO2026 CDM weighted average across bldg types,2031,Cooling,California
0.716858088,Commercial,AEO2026 CDM weighted average across bldg types,2031,Cooling,Alaska
0.713658928,Commercial,AEO2026 CDM weighted average across bldg types,2032,Cooling,Washington
0.713658928,Commercial,AEO2026 CDM weighted average across bldg types,2032,Cooling,Oregon
0.713658928,Commercial,AEO2026 CDM weighted average across bldg types,2032,Cooling,Hawaii
0.713658928,Commercial,AEO2026 CDM weighted average across bldg types,2032,Cooling,California
0.713658928,Commercial,AEO2026 CDM weighted average across bldg types,2032,Cooling,Alaska
0.710489141,Commercial,AEO2026 CDM weighted average across bldg types,2033,Cooling,Washington
0.710489141,Commercial,AEO2026 CDM weighted average across bldg types,2033,Cooling,Oregon
0.710489141,Commercial,AEO2026 CDM weighted average across bldg types,2033,Cooling,Hawaii
0.710489141,Commercial,AEO2026 CDM weighted average across bldg types,2033,Cooling,California
0.710489141,Commercial,AEO2026 CDM weighted average across bldg types,2033,Cooling,Alaska
0.707348711,Commercial,AEO2026 CDM weighted average across bldg types,2034,Cooling,Washington
0.707348711,Commercial,AEO2026 CDM weighted average across bldg types,2034,Cooling,Oregon
0.707348711,Commercial,AEO2026 CDM weighted average across bldg types,2034,Cooling,Hawaii
0.707348711,Commercial,AEO2026 CDM weighted average across bldg types,2034,Cooling,California
0.707348711,Commercial,AEO2026 CDM weighted average across bldg types,2034,Cooling,Alaska
0.704237295,Commercial,AEO2026 CDM weighted average across bldg types,2035,Cooling,Washington
0.704237295,Commercial,AEO2026 CDM weighted average across bldg types,2035,Cooling,Oregon
0.704237295,Commercial,AEO2026 CDM weighted average across bldg types,2035,Cooling,Hawaii
0.704237295,Commercial,AEO2026 CDM weighted average across bldg types,2035,Cooling,California
0.704237295,Commercial,AEO2026 CDM weighted average across bldg types,2035,Cooling,Alaska
0.701154572,Commercial,AEO2026 CDM weighted average across bldg types,2036,Cooling,Washington
0.701154572,Commercial,AEO2026 CDM weighted average across bldg types,2036,Cooling,Oregon
0.701154572,Commercial,AEO2026 CDM weighted average across bldg types,2036,Cooling,Hawaii
0.701154572,Commercial,AEO2026 CDM weighted average across bldg types,2036,Cooling,California
0.701154572,Commercial,AEO2026 CDM weighted average across bldg types,2036,Cooling,Alaska
0.698100387,Commercial,AEO2026 CDM weighted average across bldg types,2037,Cooling,Washington
0.698100387,Commercial,AEO2026 CDM weighted average across bldg types,2037,Cooling,Oregon
0.698100387,Commercial,AEO2026 CDM weighted average across bldg types,2037,Cooling,Hawaii
0.698100387,Commercial,AEO2026 CDM weighted average across bldg types,2037,Cooling,California
0.698100387,Commercial,AEO2026 CDM weighted average across bldg types,2037,Cooling,Alaska
0.695074555,Commercial,AEO2026 CDM weighted average across bldg types,2038,Cooling,Washington
0.695074555,Commercial,AEO2026 CDM weighted average across bldg types,2038,Cooling,Oregon
0.695074555,Commercial,AEO2026 CDM weighted average across bldg types,2038,Cooling,Hawaii
0.695074555,Commercial,AEO2026 CDM weighted average across bldg types,2038,Cooling,California
0.695074555,Commercial,AEO2026 CDM weighted average across bldg types,2038,Cooling,Alaska
0.692076836,Commercial,AEO2026 CDM weighted average across bldg types,2039,Cooling,Washington
0.692076836,Commercial,AEO2026 CDM weighted average across bldg types,2039,Cooling,Oregon
0.692076836,Commercial,AEO2026 CDM weighted average across bldg types,2039,Cooling,Hawaii
0.692076836,Commercial,AEO2026 CDM weighted average across bldg types,2039,Cooling,California
0.692076836,Commercial,AEO2026 CDM weighted average across bldg types,2039,Cooling,Alaska
0.689106217,Commercial,AEO2026 CDM weighted average across bldg types,2040,Cooling,Washington
0.689106217,Commercial,AEO2026 CDM weighted average across bldg types,2040,Cooling,Oregon
0.689106217,Commercial,AEO2026 CDM weighted average across bldg types,2040,Cooling,Hawaii
0.689106217,Commercial,AEO2026 CDM weighted average across bldg types,2040,Cooling,California
0.689106217,Commercial,AEO2026 CDM weighted average across bldg types,2040,Cooling,Alaska
0.685880959,Commercial,AEO2026 CDM weighted average across bldg types,2041,Cooling,Washington
0.685880959,Commercial,AEO2026 CDM weighted average across bldg types,2041,Cooling,Oregon
0.685880959,Commercial,AEO2026 CDM weighted average across bldg types,2041,Cooling,Hawaii
0.685880959,Commercial,AEO2026 CDM weighted average across bldg types,2041,Cooling,California
0.685880959,Commercial,AEO2026 CDM weighted average across bldg types,2041,Cooling,Alaska
0.682688894,Commercial,AEO2026 CDM weighted average across bldg types,2042,Cooling,Washington
0.682688894,Commercial,AEO2026 CDM weighted average across bldg types,2042,Cooling,Oregon
0.682688894,Commercial,AEO2026 CDM weighted average across bldg types,2042,Cooling,Hawaii
0.682688894,Commercial,AEO2026 CDM weighted average across bldg types,2042,Cooling,California
0.682688894,Commercial,AEO2026 CDM weighted average across bldg types,2042,Cooling,Alaska
0.679529377,Commercial,AEO2026 CDM weighted average across bldg types,2043,Cooling,Washington
0.679529377,Commercial,AEO2026 CDM weighted average across bldg types,2043,Cooling,Oregon
0.679529377,Commercial,AEO2026 CDM weighted average across bldg types,2043,Cooling,Hawaii
0.679529377,Commercial,AEO2026 CDM weighted average across bldg types,2043,Cooling,California
0.679529377,Commercial,AEO2026 CDM weighted average across bldg types,2043,Cooling,Alaska
0.676402164,Commercial,AEO2026 CDM weighted average across bldg types,2044,Cooling,Washington
0.676402164,Commercial,AEO2026 CDM weighted average across bldg types,2044,Cooling,Oregon
0.676402164,Commercial,AEO2026 CDM weighted average across bldg types,2044,Cooling,Hawaii
0.676402164,Commercial,AEO2026 CDM weighted average across bldg types,2044,Cooling,California
0.676402164,Commercial,AEO2026 CDM weighted average across bldg types,2044,Cooling,Alaska
0.673307397,Commercial,AEO2026 CDM weighted average across bldg types,2045,Cooling,Washington
0.673307397,Commercial,AEO2026 CDM weighted average across bldg types,2045,Cooling,Oregon
0.673307397,Commercial,AEO2026 CDM weighted average across bldg types,2045,Cooling,Hawaii
0.673307397,Commercial,AEO2026 CDM weighted average across bldg types,2045,Cooling,California
0.673307397,Commercial,AEO2026 CDM weighted average across bldg types,2045,Cooling,Alaska
0.670243540,Commercial,AEO2026 CDM weighted average across bldg types,2046,Cooling,Washington
0.670243540,Commercial,AEO2026 CDM weighted average across bldg types,2046,Cooling,Oregon
0.670243540,Commercial,AEO2026 CDM weighted average across bldg types,2046,Cooling,Hawaii
0.670243540,Commercial,AEO2026 CDM weighted average across bldg types,2046,Cooling,California
0.670243540,Commercial,AEO2026 CDM weighted average across bldg types,2046,Cooling,Alaska
0.667211441,Commercial,AEO2026 CDM weighted average across bldg types,2047,Cooling,Washington
0.667211441,Commercial,AEO2026 CDM weighted average across bldg types,2047,Cooling,Oregon
0.667211441,Commercial,AEO2026 CDM weighted average across bldg types,2047,Cooling,Hawaii
0.667211441,Commercial,AEO2026 CDM weighted average across bldg types,2047,Cooling,California
0.667211441,Commercial,AEO2026 CDM weighted average across bldg types,2047,Cooling,Alaska
0.664209752,Commercial,AEO2026 CDM weighted average across bldg types,2048,Cooling,Washington
0.664209752,Commercial,AEO2026 CDM weighted average across bldg types,2048,Cooling,Oregon
0.664209752,Commercial,AEO2026 CDM weighted average across bldg types,2048,Cooling,Hawaii
0.664209752,Commercial,AEO2026 CDM weighted average across bldg types,2048,Cooling,California
0.664209752,Commercial,AEO2026 CDM weighted average across bldg types,2048,Cooling,Alaska
0.661239031,Commercial,AEO2026 CDM weighted average across bldg types,2049,Cooling,Washington
0.661239031,Commercial,AEO2026 CDM weighted average across bldg types,2049,Cooling,Oregon
0.661239031,Commercial,AEO2026 CDM weighted average across bldg types,2049,Cooling,Hawaii
0.661239031,Commercial,AEO2026 CDM weighted average across bldg types,2049,Cooling,California
0.661239031,Commercial,AEO2026 CDM weighted average across bldg types,2049,Cooling,Alaska
0.658298433,Commercial,AEO2026 CDM weighted average across bldg types,2050,Cooling,Washington
0.658298433,Commercial,AEO2026 CDM weighted average across bldg types,2050,Cooling,Oregon
0.658298433,Commercial,AEO2026 CDM weighted average across bldg types,2050,Cooling,Hawaii
0.658298433,Commercial,AEO2026 CDM weighted average across bldg types,2050,Cooling,California
0.658298433,Commercial,AEO2026 CDM weighted average across bldg types,2050,Cooling,Alaska
0.603652707,Commercial,AEO2026 CDM weighted average across bldg types,2019,Heating,Vermont
0.603652707,Commercial,AEO2026 CDM weighted average across bldg types,2019,Heating,Rhode Island
0.603652707,Commercial,AEO2026 CDM weighted average across bldg types,2019,Heating,New Hampshire
0.603652707,Commercial,AEO2026 CDM weighted average across bldg types,2019,Heating,Massachusetts
0.603652707,Commercial,AEO2026 CDM weighted average across bldg types,2019,Heating,Maine
0.603652707,Commercial,AEO2026 CDM weighted average across bldg types,2019,Heating,Connecticut
0.593985300,Commercial,AEO2026 CDM weighted average across bldg types,2020,Heating,Vermont
0.593985300,Commercial,AEO2026 CDM weighted average across bldg types,2020,Heating,Rhode Island
0.593985300,Commercial,AEO2026 CDM weighted average across bldg types,2020,Heating,New Hampshire
0.593985300,Commercial,AEO2026 CDM weighted average across bldg types,2020,Heating,Massachusetts
0.593985300,Commercial,AEO2026 CDM weighted average across bldg types,2020,Heating,Maine
0.593985300,Commercial,AEO2026 CDM weighted average across bldg types,2020,Heating,Connecticut
0.583507597,Commercial,AEO2026 CDM weighted average across bldg types,2021,Heating,Vermont
0.583507597,Commercial,AEO2026 CDM weighted average across bldg types,2021,Heating,Rhode Island
0.583507597,Commercial,AEO2026 CDM weighted average across bldg types,2021,Heating,New Hampshire
0.583507597,Commercial,AEO2026 CDM weighted average across bldg types,2021,Heating,Massachusetts
0.583507597,Commercial,AEO2026 CDM weighted average across bldg types,2021,Heating,Maine
0.583507597,Commercial,AEO2026 CDM weighted average across bldg types,2021,Heating,Connecticut
0.573218384,Commercial,AEO2026 CDM weighted average across bldg types,2022,Heating,Vermont
0.573218384,Commercial,AEO2026 CDM weighted average across bldg types,2022,Heating,Rhode Island
0.573218384,Commercial,AEO2026 CDM weighted average across bldg types,2022,Heating,New Hampshire
0.573218384,Commercial,AEO2026 CDM weighted average across bldg types,2022,Heating,Massachusetts
0.573218384,Commercial,AEO2026 CDM weighted average across bldg types,2022,Heating,Maine
0.573218384,Commercial,AEO2026 CDM weighted average across bldg types,2022,Heating,Connecticut
0.563114762,Commercial,AEO2026 CDM weighted average across bldg types,2023,Heating,Vermont
0.563114762,Commercial,AEO2026 CDM weighted average across bldg types,2023,Heating,Rhode Island
0.563114762,Commercial,AEO2026 CDM weighted average across bldg types,2023,Heating,New Hampshire
0.563114762,Commercial,AEO2026 CDM weighted average across bldg types,2023,Heating,Massachusetts
0.563114762,Commercial,AEO2026 CDM weighted average across bldg types,2023,Heating,Maine
0.563114762,Commercial,AEO2026 CDM weighted average across bldg types,2023,Heating,Connecticut
0.553193276,Commercial,AEO2026 CDM weighted average across bldg types,2024,Heating,Vermont
0.553193276,Commercial,AEO2026 CDM weighted average across bldg types,2024,Heating,Rhode Island
0.553193276,Commercial,AEO2026 CDM weighted average across bldg types,2024,Heating,New Hampshire
0.553193276,Commercial,AEO2026 CDM weighted average across bldg types,2024,Heating,Massachusetts
0.553193276,Commercial,AEO2026 CDM weighted average across bldg types,2024,Heating,Maine
0.553193276,Commercial,AEO2026 CDM weighted average across bldg types,2024,Heating,Connecticut
0.543449970,Commercial,AEO2026 CDM weighted average across bldg types,2025,Heating,Vermont
0.543449970,Commercial,AEO2026 CDM weighted average across bldg types,2025,Heating,Rhode Island
0.543449970,Commercial,AEO2026 CDM weighted average across bldg types,2025,Heating,New Hampshire
0.543449970,Commercial,AEO2026 CDM weighted average across bldg types,2025,Heating,Massachusetts
0.543449970,Commercial,AEO2026 CDM weighted average across bldg types,2025,Heating,Maine
0.543449970,Commercial,AEO2026 CDM weighted average across bldg types,2025,Heating,Connecticut
0.533882059,Commercial,AEO2026 CDM weighted average across bldg types,2026,Heating,Vermont
0.533882059,Commercial,AEO2026 CDM weighted average across bldg types,2026,Heating,Rhode Island
0.533882059,Commercial,AEO2026 CDM weighted average across bldg types,2026,Heating,New Hampshire
0.533882059,Commercial,AEO2026 CDM weighted average across bldg types,2026,Heating,Massachusetts
0.533882059,Commercial,AEO2026 CDM weighted average across bldg types,2026,Heating,Maine
0.533882059,Commercial,AEO2026 CDM weighted average across bldg types,2026,Heating,Connecticut
0.524486385,Commercial,AEO2026 CDM weighted average across bldg types,2027,Heating,Vermont
0.524486385,Commercial,AEO2026 CDM weighted average across bldg types,2027,Heating,Rhode Island
0.524486385,Commercial,AEO2026 CDM weighted average across bldg types,2027,Heating,New Hampshire
0.524486385,Commercial,AEO2026 CDM weighted average across bldg types,2027,Heating,Massachusetts
0.524486385,Commercial,AEO2026 CDM weighted average across bldg types,2027,Heating,Maine
0.524486385,Commercial,AEO2026 CDM weighted average across bldg types,2027,Heating,Connecticut
0.515259650,Commercial,AEO2026 CDM weighted average across bldg types,2028,Heating,Vermont
0.515259650,Commercial,AEO2026 CDM weighted average across bldg types,2028,Heating,Rhode Island
0.515259650,Commercial,AEO2026 CDM weighted average across bldg types,2028,Heating,New Hampshire
0.515259650,Commercial,AEO2026 CDM weighted average across bldg types,2028,Heating,Massachusetts
0.515259650,Commercial,AEO2026 CDM weighted average across bldg types,2028,Heating,Maine
0.515259650,Commercial,AEO2026 CDM weighted average across bldg types,2028,Heating,Connecticut
0.506198548,Commercial,AEO2026 CDM weighted average across bldg types,2029,Heating,Vermont
0.506198548,Commercial,AEO2026 CDM weighted average across bldg types,2029,Heating,Rhode Island
0.506198548,Commercial,AEO2026 CDM weighted average across bldg types,2029,Heating,New Hampshire
0.506198548,Commercial,AEO2026 CDM weighted average across bldg types,2029,Heating,Massachusetts
0.506198548,Commercial,AEO2026 CDM weighted average across bldg types,2029,Heating,Maine
0.506198548,Commercial,AEO2026 CDM weighted average across bldg types,2029,Heating,Connecticut
0.497300598,Commercial,AEO2026 CDM weighted average across bldg types,2030,Heating,Vermont
0.497300598,Commercial,AEO2026 CDM weighted average across bldg types,2030,Heating,Rhode Island
0.497300598,Commercial,AEO2026 CDM weighted average across bldg types,2030,Heating,New Hampshire
0.497300598,Commercial,AEO2026 CDM weighted average across bldg types,2030,Heating,Massachusetts
0.497300598,Commercial,AEO2026 CDM weighted average across bldg types,2030,Heating,Maine
0.497300598,Commercial,AEO2026 CDM weighted average across bldg types,2030,Heating,Connecticut
0.486786874,Commercial,AEO2026 CDM weighted average across bldg types,2031,Heating,Vermont
0.486786874,Commercial,AEO2026 CDM weighted average across bldg types,2031,Heating,Rhode Island
0.486786874,Commercial,AEO2026 CDM weighted average across bldg types,2031,Heating,New Hampshire
0.486786874,Commercial,AEO2026 CDM weighted average across bldg types,2031,Heating,Massachusetts
0.486786874,Commercial,AEO2026 CDM weighted average across bldg types,2031,Heating,Maine
0.486786874,Commercial,AEO2026 CDM weighted average across bldg types,2031,Heating,Connecticut
0.476504476,Commercial,AEO2026 CDM weighted average across bldg types,2032,Heating,Vermont
0.476504476,Commercial,AEO2026 CDM weighted average across bldg types,2032,Heating,Rhode Island
0.476504476,Commercial,AEO2026 CDM weighted average across bldg types,2032,Heating,New Hampshire
0.476504476,Commercial,AEO2026 CDM weighted average across bldg types,2032,Heating,Massachusetts
0.476504476,Commercial,AEO2026 CDM weighted average across bldg types,2032,Heating,Maine
0.476504476,Commercial,AEO2026 CDM weighted average across bldg types,2032,Heating,Connecticut
0.466448153,Commercial,AEO2026 CDM weighted average across bldg types,2033,Heating,Vermont
0.466448153,Commercial,AEO2026 CDM weighted average across bldg types,2033,Heating,Rhode Island
0.466448153,Commercial,AEO2026 CDM weighted average across bldg types,2033,Heating,New Hampshire
0.466448153,Commercial,AEO2026 CDM weighted average across bldg types,2033,Heating,Massachusetts
0.466448153,Commercial,AEO2026 CDM weighted average across bldg types,2033,Heating,Maine
0.466448153,Commercial,AEO2026 CDM weighted average across bldg types,2033,Heating,Connecticut
0.456612992,Commercial,AEO2026 CDM weighted average across bldg types,2034,Heating,Vermont
0.456612992,Commercial,AEO2026 CDM weighted average across bldg types,2034,Heating,Rhode Island
0.456612992,Commercial,AEO2026 CDM weighted average across bldg types,2034,Heating,New Hampshire
0.456612992,Commercial,AEO2026 CDM weighted average across bldg types,2034,Heating,Massachusetts
0.456612992,Commercial,AEO2026 CDM weighted average across bldg types,2034,Heating,Maine
0.456612992,Commercial,AEO2026 CDM weighted average across bldg types,2034,Heating,Connecticut
0.446994205,Commercial,AEO2026 CDM weighted average across bldg types,2035,Heating,Vermont
0.446994205,Commercial,AEO2026 CDM weighted average across bldg types,2035,Heating,Rhode Island
0.446994205,Commercial,AEO2026 CDM weighted average across bldg types,2035,Heating,New Hampshire
0.446994205,Commercial,AEO2026 CDM weighted average across bldg types,2035,Heating,Massachusetts
0.446994205,Commercial,AEO2026 CDM weighted average across bldg types,2035,Heating,Maine
0.446994205,Commercial,AEO2026 CDM weighted average across bldg types,2035,Heating,Connecticut
0.437586456,Commercial,AEO2026 CDM weighted average across bldg types,2036,Heating,Vermont
0.437586456,Commercial,AEO2026 CDM weighted average across bldg types,2036,Heating,Rhode Island
0.437586456,Commercial,AEO2026 CDM weighted average across bldg types,2036,Heating,New Hampshire
0.437586456,Commercial,AEO2026 CDM weighted average across bldg types,2036,Heating,Massachusetts
0.437586456,Commercial,AEO2026 CDM weighted average across bldg types,2036,Heating,Maine
0.437586456,Commercial,AEO2026 CDM weighted average across bldg types,2036,Heating,Connecticut
0.428385051,Commercial,AEO2026 CDM weighted average across bldg types,2037,Heating,Vermont
0.428385051,Commercial,AEO2026 CDM weighted average across bldg types,2037,Heating,Rhode Island
0.428385051,Commercial,AEO2026 CDM weighted average across bldg types,2037,Heating,New Hampshire
0.428385051,Commercial,AEO2026 CDM weighted average across bldg types,2037,Heating,Massachusetts
0.428385051,Commercial,AEO2026 CDM weighted average across bldg types,2037,Heating,Maine
0.428385051,Commercial,AEO2026 CDM weighted average across bldg types,2037,Heating,Connecticut
0.419385508,Commercial,AEO2026 CDM weighted average across bldg types,2038,Heating,Vermont
0.419385508,Commercial,AEO2026 CDM weighted average across bldg types,2038,Heating,Rhode Island
0.419385508,Commercial,AEO2026 CDM weighted average across bldg types,2038,Heating,New Hampshire
0.419385508,Commercial,AEO2026 CDM weighted average across bldg types,2038,Heating,Massachusetts
0.419385508,Commercial,AEO2026 CDM weighted average across bldg types,2038,Heating,Maine
0.419385508,Commercial,AEO2026 CDM weighted average across bldg types,2038,Heating,Connecticut
0.410583158,Commercial,AEO2026 CDM weighted average across bldg types,2039,Heating,Vermont
0.410583158,Commercial,AEO2026 CDM weighted average across bldg types,2039,Heating,Rhode Island
0.410583158,Commercial,AEO2026 CDM weighted average across bldg types,2039,Heating,New Hampshire
0.410583158,Commercial,AEO2026 CDM weighted average across bldg types,2039,Heating,Massachusetts
0.410583158,Commercial,AEO2026 CDM weighted average across bldg types,2039,Heating,Maine
0.410583158,Commercial,AEO2026 CDM weighted average across bldg types,2039,Heating,Connecticut
0.401973895,Commercial,AEO2026 CDM weighted average across bldg types,2040,Heating,Vermont
0.401973895,Commercial,AEO2026 CDM weighted average across bldg types,2040,Heating,Rhode Island
0.401973895,Commercial,AEO2026 CDM weighted average across bldg types,2040,Heating,New Hampshire
0.401973895,Commercial,AEO2026 CDM weighted average across bldg types,2040,Heating,Massachusetts
0.401973895,Commercial,AEO2026 CDM weighted average across bldg types,2040,Heating,Maine
0.401973895,Commercial,AEO2026 CDM weighted average across bldg types,2040,Heating,Connecticut
0.391343196,Commercial,AEO2026 CDM weighted average across bldg types,2041,Heating,Vermont
0.391343196,Commercial,AEO2026 CDM weighted average across bldg types,2041,Heating,Rhode Island
0.391343196,Commercial,AEO2026 CDM weighted average across bldg types,2041,Heating,New Hampshire
0.391343196,Commercial,AEO2026 CDM weighted average across bldg types,2041,Heating,Massachusetts
0.391343196,Commercial,AEO2026 CDM weighted average across bldg types,2041,Heating,Maine
0.391343196,Commercial,AEO2026 CDM weighted average across bldg types,2041,Heating,Connecticut
0.381009417,Commercial,AEO2026 CDM weighted average across bldg types,2042,Heating,Vermont
0.381009417,Commercial,AEO2026 CDM weighted average across bldg types,2042,Heating,Rhode Island
0.381009417,Commercial,AEO2026 CDM weighted average across bldg types,2042,Heating,New Hampshire
0.381009417,Commercial,AEO2026 CDM weighted average across bldg types,2042,Heating,Massachusetts
0.381009417,Commercial,AEO2026 CDM weighted average across bldg types,2042,Heating,Maine
0.381009417,Commercial,AEO2026 CDM weighted average across bldg types,2042,Heating,Connecticut
0.370964331,Commercial,AEO2026 CDM weighted average across bldg types,2043,Heating,Vermont
0.370964331,Commercial,AEO2026 CDM weighted average across bldg types,2043,Heating,Rhode Island
0.370964331,Commercial,AEO2026 CDM weighted average across bldg types,2043,Heating,New Hampshire
0.370964331,Commercial,AEO2026 CDM weighted average across bldg types,2043,Heating,Massachusetts
0.370964331,Commercial,AEO2026 CDM weighted average across bldg types,2043,Heating,Maine
0.370964331,Commercial,AEO2026 CDM weighted average across bldg types,2043,Heating,Connecticut
0.361199409,Commercial,AEO2026 CDM weighted average across bldg types,2044,Heating,Vermont
0.361199409,Commercial,AEO2026 CDM weighted average across bldg types,2044,Heating,Rhode Island
0.361199409,Commercial,AEO2026 CDM weighted average across bldg types,2044,Heating,New Hampshire
0.361199409,Commercial,AEO2026 CDM weighted average across bldg types,2044,Heating,Massachusetts
0.361199409,Commercial,AEO2026 CDM weighted average across bldg types,2044,Heating,Maine
0.361199409,Commercial,AEO2026 CDM weighted average across bldg types,2044,Heating,Connecticut
0.351706677,Commercial,AEO2026 CDM weighted average across bldg types,2045,Heating,Vermont
0.351706677,Commercial,AEO2026 CDM weighted average across bldg types,2045,Heating,Rhode Island
0.351706677,Commercial,AEO2026 CDM weighted average across bldg types,2045,Heating,New Hampshire
0.351706677,Commercial,AEO2026 CDM weighted average across bldg types,2045,Heating,Massachusetts
0.351706677,Commercial,AEO2026 CDM weighted average across bldg types,2045,Heating,Maine
0.351706677,Commercial,AEO2026 CDM weighted average across bldg types,2045,Heating,Connecticut
0.342478472,Commercial,AEO2026 CDM weighted average across bldg types,2046,Heating,Vermont
0.342478472,Commercial,AEO2026 CDM weighted average across bldg types,2046,Heating,Rhode Island
0.342478472,Commercial,AEO2026 CDM weighted average across bldg types,2046,Heating,New Hampshire
0.342478472,Commercial,AEO2026 CDM weighted average across bldg types,2046,Heating,Massachusetts
0.342478472,Commercial,AEO2026 CDM weighted average across bldg types,2046,Heating,Maine
0.342478472,Commercial,AEO2026 CDM weighted average across bldg types,2046,Heating,Connecticut
0.333506786,Commercial,AEO2026 CDM weighted average across bldg types,2047,Heating,Vermont
0.333506786,Commercial,AEO2026 CDM weighted average across bldg types,2047,Heating,Rhode Island
0.333506786,Commercial,AEO2026 CDM weighted average across bldg types,2047,Heating,New Hampshire
0.333506786,Commercial,AEO2026 CDM weighted average across bldg types,2047,Heating,Massachusetts
0.333506786,Commercial,AEO2026 CDM weighted average across bldg types,2047,Heating,Maine
0.333506786,Commercial,AEO2026 CDM weighted average across bldg types,2047,Heating,Connecticut
0.324784701,Commercial,AEO2026 CDM weighted average across bldg types,2048,Heating,Vermont
0.324784701,Commercial,AEO2026 CDM weighted average across bldg types,2048,Heating,Rhode Island
0.324784701,Commercial,AEO2026 CDM weighted average across bldg types,2048,Heating,New Hampshire
0.324784701,Commercial,AEO2026 CDM weighted average across bldg types,2048,Heating,Massachusetts
0.324784701,Commercial,AEO2026 CDM weighted average across bldg types,2048,Heating,Maine
0.324784701,Commercial,AEO2026 CDM weighted average across bldg types,2048,Heating,Connecticut
0.316304910,Commercial,AEO2026 CDM weighted average across bldg types,2049,Heating,Vermont
0.316304910,Commercial,AEO2026 CDM weighted average across bldg types,2049,Heating,Rhode Island
0.316304910,Commercial,AEO2026 CDM weighted average across bldg types,2049,Heating,New Hampshire
0.316304910,Commercial,AEO2026 CDM weighted average across bldg types,2049,Heating,Massachusetts
0.316304910,Commercial,AEO2026 CDM weighted average across bldg types,2049,Heating,Maine
0.316304910,Commercial,AEO2026 CDM weighted average across bldg types,2049,Heating,Connecticut
0.308060138,Commercial,AEO2026 CDM weighted average across bldg types,2050,Heating,Vermont
0.308060138,Commercial,AEO2026 CDM weighted average across bldg types,2050,Heating,Rhode Island
0.308060138,Commercial,AEO2026 CDM weighted average across bldg types,2050,Heating,New Hampshire
0.308060138,Commercial,AEO2026 CDM weighted average across bldg types,2050,Heating,Massachusetts
0.308060138,Commercial,AEO2026 CDM weighted average across bldg types,2050,Heating,Maine
0.308060138,Commercial,AEO2026 CDM weighted average across bldg types,2050,Heating,Connecticut
0.652086119,Commercial,AEO2026 CDM weighted average across bldg types,2019,Heating,Pennsylvania
0.652086119,Commercial,AEO2026 CDM weighted average across bldg types,2019,Heating,New York
0.652086119,Commercial,AEO2026 CDM weighted average across bldg types,2019,Heating,New Jersey
0.643685024,Commercial,AEO2026 CDM weighted average across bldg types,2020,Heating,Pennsylvania
0.643685024,Commercial,AEO2026 CDM weighted average across bldg types,2020,Heating,New York
0.643685024,Commercial,AEO2026 CDM weighted average across bldg types,2020,Heating,New Jersey
0.634703497,Commercial,AEO2026 CDM weighted average across bldg types,2021,Heating,Pennsylvania
0.634703497,Commercial,AEO2026 CDM weighted average across bldg types,2021,Heating,New York
0.634703497,Commercial,AEO2026 CDM weighted average across bldg types,2021,Heating,New Jersey
0.625851065,Commercial,AEO2026 CDM weighted average across bldg types,2022,Heating,Pennsylvania
0.625851065,Commercial,AEO2026 CDM weighted average across bldg types,2022,Heating,New York
0.625851065,Commercial,AEO2026 CDM weighted average across bldg types,2022,Heating,New Jersey
0.617126341,Commercial,AEO2026 CDM weighted average across bldg types,2023,Heating,Pennsylvania
0.617126341,Commercial,AEO2026 CDM weighted average across bldg types,2023,Heating,New York
0.617126341,Commercial,AEO2026 CDM weighted average across bldg types,2023,Heating,New Jersey
0.608526857,Commercial,AEO2026 CDM weighted average across bldg types,2024,Heating,Pennsylvania
0.608526857,Commercial,AEO2026 CDM weighted average across bldg types,2024,Heating,New York
0.608526857,Commercial,AEO2026 CDM weighted average across bldg types,2024,Heating,New Jersey
0.600051125,Commercial,AEO2026 CDM weighted average across bldg types,2025,Heating,Pennsylvania
0.600051125,Commercial,AEO2026 CDM weighted average across bldg types,2025,Heating,New York
0.600051125,Commercial,AEO2026 CDM weighted average across bldg types,2025,Heating,New Jersey
0.591696896,Commercial,AEO2026 CDM weighted average across bldg types,2026,Heating,Pennsylvania
0.591696896,Commercial,AEO2026 CDM weighted average across bldg types,2026,Heating,New York
0.591696896,Commercial,AEO2026 CDM weighted average across bldg types,2026,Heating,New Jersey
0.583462679,Commercial,AEO2026 CDM weighted average across bldg types,2027,Heating,Pennsylvania
0.583462679,Commercial,AEO2026 CDM weighted average across bldg types,2027,Heating,New York
0.583462679,Commercial,AEO2026 CDM weighted average across bldg types,2027,Heating,New Jersey
0.575346691,Commercial,AEO2026 CDM weighted average across bldg types,2028,Heating,Pennsylvania
0.575346691,Commercial,AEO2026 CDM weighted average across bldg types,2028,Heating,New York
0.575346691,Commercial,AEO2026 CDM weighted average across bldg types,2028,Heating,New Jersey
0.567347339,Commercial,AEO2026 CDM weighted average across bldg types,2029,Heating,Pennsylvania
0.567347339,Commercial,AEO2026 CDM weighted average across bldg types,2029,Heating,New York
0.567347339,Commercial,AEO2026 CDM weighted average across bldg types,2029,Heating,New Jersey
0.559462573,Commercial,AEO2026 CDM weighted average across bldg types,2030,Heating,Pennsylvania
0.559462573,Commercial,AEO2026 CDM weighted average across bldg types,2030,Heating,New York
0.559462573,Commercial,AEO2026 CDM weighted average across bldg types,2030,Heating,New Jersey
0.550448137,Commercial,AEO2026 CDM weighted average across bldg types,2031,Heating,Pennsylvania
0.550448137,Commercial,AEO2026 CDM weighted average across bldg types,2031,Heating,New York
0.550448137,Commercial,AEO2026 CDM weighted average across bldg types,2031,Heating,New Jersey
0.541585158,Commercial,AEO2026 CDM weighted average across bldg types,2032,Heating,Pennsylvania
0.541585158,Commercial,AEO2026 CDM weighted average across bldg types,2032,Heating,New York
0.541585158,Commercial,AEO2026 CDM weighted average across bldg types,2032,Heating,New Jersey
0.532870973,Commercial,AEO2026 CDM weighted average across bldg types,2033,Heating,Pennsylvania
0.532870973,Commercial,AEO2026 CDM weighted average across bldg types,2033,Heating,New York
0.532870973,Commercial,AEO2026 CDM weighted average across bldg types,2033,Heating,New Jersey
0.524303246,Commercial,AEO2026 CDM weighted average across bldg types,2034,Heating,Pennsylvania
0.524303246,Commercial,AEO2026 CDM weighted average across bldg types,2034,Heating,New York
0.524303246,Commercial,AEO2026 CDM weighted average across bldg types,2034,Heating,New Jersey
0.515879337,Commercial,AEO2026 CDM weighted average across bldg types,2035,Heating,Pennsylvania
0.515879337,Commercial,AEO2026 CDM weighted average across bldg types,2035,Heating,New York
0.515879337,Commercial,AEO2026 CDM weighted average across bldg types,2035,Heating,New Jersey
0.507596462,Commercial,AEO2026 CDM weighted average across bldg types,2036,Heating,Pennsylvania
0.507596462,Commercial,AEO2026 CDM weighted average across bldg types,2036,Heating,New York
0.507596462,Commercial,AEO2026 CDM weighted average across bldg types,2036,Heating,New Jersey
0.499452646,Commercial,AEO2026 CDM weighted average across bldg types,2037,Heating,Pennsylvania
0.499452646,Commercial,AEO2026 CDM weighted average across bldg types,2037,Heating,New York
0.499452646,Commercial,AEO2026 CDM weighted average across bldg types,2037,Heating,New Jersey
0.491445038,Commercial,AEO2026 CDM weighted average across bldg types,2038,Heating,Pennsylvania
0.491445038,Commercial,AEO2026 CDM weighted average across bldg types,2038,Heating,New York
0.491445038,Commercial,AEO2026 CDM weighted average across bldg types,2038,Heating,New Jersey
0.483571474,Commercial,AEO2026 CDM weighted average across bldg types,2039,Heating,Pennsylvania
0.483571474,Commercial,AEO2026 CDM weighted average across bldg types,2039,Heating,New York
0.483571474,Commercial,AEO2026 CDM weighted average across bldg types,2039,Heating,New Jersey
0.475829855,Commercial,AEO2026 CDM weighted average across bldg types,2040,Heating,Pennsylvania
0.475829855,Commercial,AEO2026 CDM weighted average across bldg types,2040,Heating,New York
0.475829855,Commercial,AEO2026 CDM weighted average across bldg types,2040,Heating,New Jersey
0.466722881,Commercial,AEO2026 CDM weighted average across bldg types,2041,Heating,Pennsylvania
0.466722881,Commercial,AEO2026 CDM weighted average across bldg types,2041,Heating,New York
0.466722881,Commercial,AEO2026 CDM weighted average across bldg types,2041,Heating,New Jersey
0.457800324,Commercial,AEO2026 CDM weighted average across bldg types,2042,Heating,Pennsylvania
0.457800324,Commercial,AEO2026 CDM weighted average across bldg types,2042,Heating,New York
0.457800324,Commercial,AEO2026 CDM weighted average across bldg types,2042,Heating,New Jersey
0.449058626,Commercial,AEO2026 CDM weighted average across bldg types,2043,Heating,Pennsylvania
0.449058626,Commercial,AEO2026 CDM weighted average across bldg types,2043,Heating,New York
0.449058626,Commercial,AEO2026 CDM weighted average across bldg types,2043,Heating,New Jersey
0.440493882,Commercial,AEO2026 CDM weighted average across bldg types,2044,Heating,Pennsylvania
0.440493882,Commercial,AEO2026 CDM weighted average across bldg types,2044,Heating,New York
0.440493882,Commercial,AEO2026 CDM weighted average across bldg types,2044,Heating,New Jersey
0.432102289,Commercial,AEO2026 CDM weighted average across bldg types,2045,Heating,Pennsylvania
0.432102289,Commercial,AEO2026 CDM weighted average across bldg types,2045,Heating,New York
0.432102289,Commercial,AEO2026 CDM weighted average across bldg types,2045,Heating,New Jersey
0.423880533,Commercial,AEO2026 CDM weighted average across bldg types,2046,Heating,Pennsylvania
0.423880533,Commercial,AEO2026 CDM weighted average across bldg types,2046,Heating,New York
0.423880533,Commercial,AEO2026 CDM weighted average across bldg types,2046,Heating,New Jersey
0.415824369,Commercial,AEO2026 CDM weighted average across bldg types,2047,Heating,Pennsylvania
0.415824369,Commercial,AEO2026 CDM weighted average across bldg types,2047,Heating,New York
0.415824369,Commercial,AEO2026 CDM weighted average across bldg types,2047,Heating,New Jersey
0.407930939,Commercial,AEO2026 CDM weighted average across bldg types,2048,Heating,Pennsylvania
0.407930939,Commercial,AEO2026 CDM weighted average across bldg types,2048,Heating,New York
0.407930939,Commercial,AEO2026 CDM weighted average across bldg types,2048,Heating,New Jersey
0.400196362,Commercial,AEO2026 CDM weighted average across bldg types,2049,Heating,Pennsylvania
0.400196362,Commercial,AEO2026 CDM weighted average across bldg types,2049,Heating,New York
0.400196362,Commercial,AEO2026 CDM weighted average across bldg types,2049,Heating,New Jersey
0.392617647,Commercial,AEO2026 CDM weighted average across bldg types,2050,Heating,Pennsylvania
0.392617647,Commercial,AEO2026 CDM weighted average across bldg types,2050,Heating,New York
0.392617647,Commercial,AEO2026 CDM weighted average across bldg types,2050,Heating,New Jersey
0.647606040,Commercial,AEO2026 CDM weighted average across bldg types,2019,Heating,Wisconsin
0.647606040,Commercial,AEO2026 CDM weighted average across bldg types,2019,Heating,Ohio
0.647606040,Commercial,AEO2026 CDM weighted average across bldg types,2019,Heating,Michigan
0.647606040,Commercial,AEO2026 CDM weighted average across bldg types,2019,Heating,Illinois
0.647606040,Commercial,AEO2026 CDM weighted average across bldg types,2019,Heating,Indiana
0.638937143,Commercial,AEO2026 CDM weighted average across bldg types,2020,Heating,Wisconsin
0.638937143,Commercial,AEO2026 CDM weighted average across bldg types,2020,Heating,Ohio
0.638937143,Commercial,AEO2026 CDM weighted average across bldg types,2020,Heating,Michigan
0.638937143,Commercial,AEO2026 CDM weighted average across bldg types,2020,Heating,Illinois
0.638937143,Commercial,AEO2026 CDM weighted average across bldg types,2020,Heating,Indiana
0.629676009,Commercial,AEO2026 CDM weighted average across bldg types,2021,Heating,Wisconsin
0.629676009,Commercial,AEO2026 CDM weighted average across bldg types,2021,Heating,Ohio
0.629676009,Commercial,AEO2026 CDM weighted average across bldg types,2021,Heating,Michigan
0.629676009,Commercial,AEO2026 CDM weighted average across bldg types,2021,Heating,Illinois
0.629676009,Commercial,AEO2026 CDM weighted average across bldg types,2021,Heating,Indiana
0.620552145,Commercial,AEO2026 CDM weighted average across bldg types,2022,Heating,Wisconsin
0.620552145,Commercial,AEO2026 CDM weighted average across bldg types,2022,Heating,Ohio
0.620552145,Commercial,AEO2026 CDM weighted average across bldg types,2022,Heating,Michigan
0.620552145,Commercial,AEO2026 CDM weighted average across bldg types,2022,Heating,Illinois
0.620552145,Commercial,AEO2026 CDM weighted average across bldg types,2022,Heating,Indiana
0.611563172,Commercial,AEO2026 CDM weighted average across bldg types,2023,Heating,Wisconsin
0.611563172,Commercial,AEO2026 CDM weighted average across bldg types,2023,Heating,Ohio
0.611563172,Commercial,AEO2026 CDM weighted average across bldg types,2023,Heating,Michigan
0.611563172,Commercial,AEO2026 CDM weighted average across bldg types,2023,Heating,Illinois
0.611563172,Commercial,AEO2026 CDM weighted average across bldg types,2023,Heating,Indiana
0.602706804,Commercial,AEO2026 CDM weighted average across bldg types,2024,Heating,Wisconsin
0.602706804,Commercial,AEO2026 CDM weighted average across bldg types,2024,Heating,Ohio
0.602706804,Commercial,AEO2026 CDM weighted average across bldg types,2024,Heating,Michigan
0.602706804,Commercial,AEO2026 CDM weighted average across bldg types,2024,Heating,Illinois
0.602706804,Commercial,AEO2026 CDM weighted average across bldg types,2024,Heating,Indiana
0.593981242,Commercial,AEO2026 CDM weighted average across bldg types,2025,Heating,Wisconsin
0.593981242,Commercial,AEO2026 CDM weighted average across bldg types,2025,Heating,Ohio
0.593981242,Commercial,AEO2026 CDM weighted average across bldg types,2025,Heating,Michigan
0.593981242,Commercial,AEO2026 CDM weighted average across bldg types,2025,Heating,Illinois
0.593981242,Commercial,AEO2026 CDM weighted average across bldg types,2025,Heating,Indiana
0.585384608,Commercial,AEO2026 CDM weighted average across bldg types,2026,Heating,Wisconsin
0.585384608,Commercial,AEO2026 CDM weighted average across bldg types,2026,Heating,Ohio
0.585384608,Commercial,AEO2026 CDM weighted average across bldg types,2026,Heating,Michigan
0.585384608,Commercial,AEO2026 CDM weighted average across bldg types,2026,Heating,Illinois
0.585384608,Commercial,AEO2026 CDM weighted average across bldg types,2026,Heating,Indiana
0.576914950,Commercial,AEO2026 CDM weighted average across bldg types,2027,Heating,Wisconsin
0.576914950,Commercial,AEO2026 CDM weighted average across bldg types,2027,Heating,Ohio
0.576914950,Commercial,AEO2026 CDM weighted average across bldg types,2027,Heating,Michigan
0.576914950,Commercial,AEO2026 CDM weighted average across bldg types,2027,Heating,Illinois
0.576914950,Commercial,AEO2026 CDM weighted average across bldg types,2027,Heating,Indiana
0.568570401,Commercial,AEO2026 CDM weighted average across bldg types,2028,Heating,Wisconsin
0.568570401,Commercial,AEO2026 CDM weighted average across bldg types,2028,Heating,Ohio
0.568570401,Commercial,AEO2026 CDM weighted average across bldg types,2028,Heating,Michigan
0.568570401,Commercial,AEO2026 CDM weighted average across bldg types,2028,Heating,Illinois
0.568570401,Commercial,AEO2026 CDM weighted average across bldg types,2028,Heating,Indiana
0.560348897,Commercial,AEO2026 CDM weighted average across bldg types,2029,Heating,Wisconsin
0.560348897,Commercial,AEO2026 CDM weighted average across bldg types,2029,Heating,Ohio
0.560348897,Commercial,AEO2026 CDM weighted average across bldg types,2029,Heating,Michigan
0.560348897,Commercial,AEO2026 CDM weighted average across bldg types,2029,Heating,Illinois
0.560348897,Commercial,AEO2026 CDM weighted average across bldg types,2029,Heating,Indiana
0.552248889,Commercial,AEO2026 CDM weighted average across bldg types,2030,Heating,Wisconsin
0.552248889,Commercial,AEO2026 CDM weighted average across bldg types,2030,Heating,Ohio
0.552248889,Commercial,AEO2026 CDM weighted average across bldg types,2030,Heating,Michigan
0.552248889,Commercial,AEO2026 CDM weighted average across bldg types,2030,Heating,Illinois
0.552248889,Commercial,AEO2026 CDM weighted average across bldg types,2030,Heating,Indiana
0.542998502,Commercial,AEO2026 CDM weighted average across bldg types,2031,Heating,Wisconsin
0.542998502,Commercial,AEO2026 CDM weighted average across bldg types,2031,Heating,Ohio
0.542998502,Commercial,AEO2026 CDM weighted average across bldg types,2031,Heating,Michigan
0.542998502,Commercial,AEO2026 CDM weighted average across bldg types,2031,Heating,Illinois
0.542998502,Commercial,AEO2026 CDM weighted average across bldg types,2031,Heating,Indiana
0.533907697,Commercial,AEO2026 CDM weighted average across bldg types,2032,Heating,Wisconsin
0.533907697,Commercial,AEO2026 CDM weighted average across bldg types,2032,Heating,Ohio
0.533907697,Commercial,AEO2026 CDM weighted average across bldg types,2032,Heating,Michigan
0.533907697,Commercial,AEO2026 CDM weighted average across bldg types,2032,Heating,Illinois
0.533907697,Commercial,AEO2026 CDM weighted average across bldg types,2032,Heating,Indiana
0.524974167,Commercial,AEO2026 CDM weighted average across bldg types,2033,Heating,Wisconsin
0.524974167,Commercial,AEO2026 CDM weighted average across bldg types,2033,Heating,Ohio
0.524974167,Commercial,AEO2026 CDM weighted average across bldg types,2033,Heating,Michigan
0.524974167,Commercial,AEO2026 CDM weighted average across bldg types,2033,Heating,Illinois
0.524974167,Commercial,AEO2026 CDM weighted average across bldg types,2033,Heating,Indiana
0.516195361,Commercial,AEO2026 CDM weighted average across bldg types,2034,Heating,Wisconsin
0.516195361,Commercial,AEO2026 CDM weighted average across bldg types,2034,Heating,Ohio
0.516195361,Commercial,AEO2026 CDM weighted average across bldg types,2034,Heating,Michigan
0.516195361,Commercial,AEO2026 CDM weighted average across bldg types,2034,Heating,Illinois
0.516195361,Commercial,AEO2026 CDM weighted average across bldg types,2034,Heating,Indiana
0.507568287,Commercial,AEO2026 CDM weighted average across bldg types,2035,Heating,Wisconsin
0.507568287,Commercial,AEO2026 CDM weighted average across bldg types,2035,Heating,Ohio
0.507568287,Commercial,AEO2026 CDM weighted average across bldg types,2035,Heating,Michigan
0.507568287,Commercial,AEO2026 CDM weighted average across bldg types,2035,Heating,Illinois
0.507568287,Commercial,AEO2026 CDM weighted average across bldg types,2035,Heating,Indiana
0.499090420,Commercial,AEO2026 CDM weighted average across bldg types,2036,Heating,Wisconsin
0.499090420,Commercial,AEO2026 CDM weighted average across bldg types,2036,Heating,Ohio
0.499090420,Commercial,AEO2026 CDM weighted average across bldg types,2036,Heating,Michigan
0.499090420,Commercial,AEO2026 CDM weighted average across bldg types,2036,Heating,Illinois
0.499090420,Commercial,AEO2026 CDM weighted average across bldg types,2036,Heating,Indiana
0.490758644,Commercial,AEO2026 CDM weighted average across bldg types,2037,Heating,Wisconsin
0.490758644,Commercial,AEO2026 CDM weighted average across bldg types,2037,Heating,Ohio
0.490758644,Commercial,AEO2026 CDM weighted average across bldg types,2037,Heating,Michigan
0.490758644,Commercial,AEO2026 CDM weighted average across bldg types,2037,Heating,Illinois
0.490758644,Commercial,AEO2026 CDM weighted average across bldg types,2037,Heating,Indiana
0.482571026,Commercial,AEO2026 CDM weighted average across bldg types,2038,Heating,Wisconsin
0.482571026,Commercial,AEO2026 CDM weighted average across bldg types,2038,Heating,Ohio
0.482571026,Commercial,AEO2026 CDM weighted average across bldg types,2038,Heating,Michigan
0.482571026,Commercial,AEO2026 CDM weighted average across bldg types,2038,Heating,Illinois
0.482571026,Commercial,AEO2026 CDM weighted average across bldg types,2038,Heating,Indiana
0.474524888,Commercial,AEO2026 CDM weighted average across bldg types,2039,Heating,Wisconsin
0.474524888,Commercial,AEO2026 CDM weighted average across bldg types,2039,Heating,Ohio
0.474524888,Commercial,AEO2026 CDM weighted average across bldg types,2039,Heating,Michigan
0.474524888,Commercial,AEO2026 CDM weighted average across bldg types,2039,Heating,Illinois
0.474524888,Commercial,AEO2026 CDM weighted average across bldg types,2039,Heating,Indiana
0.466617143,Commercial,AEO2026 CDM weighted average across bldg types,2040,Heating,Wisconsin
0.466617143,Commercial,AEO2026 CDM weighted average across bldg types,2040,Heating,Ohio
0.466617143,Commercial,AEO2026 CDM weighted average across bldg types,2040,Heating,Michigan
0.466617143,Commercial,AEO2026 CDM weighted average across bldg types,2040,Heating,Illinois
0.466617143,Commercial,AEO2026 CDM weighted average across bldg types,2040,Heating,Indiana
0.457267629,Commercial,AEO2026 CDM weighted average across bldg types,2041,Heating,Wisconsin
0.457267629,Commercial,AEO2026 CDM weighted average across bldg types,2041,Heating,Ohio
0.457267629,Commercial,AEO2026 CDM weighted average across bldg types,2041,Heating,Michigan
0.457267629,Commercial,AEO2026 CDM weighted average across bldg types,2041,Heating,Illinois
0.457267629,Commercial,AEO2026 CDM weighted average across bldg types,2041,Heating,Indiana
0.448114421,Commercial,AEO2026 CDM weighted average across bldg types,2042,Heating,Wisconsin
0.448114421,Commercial,AEO2026 CDM weighted average across bldg types,2042,Heating,Ohio
0.448114421,Commercial,AEO2026 CDM weighted average across bldg types,2042,Heating,Michigan
0.448114421,Commercial,AEO2026 CDM weighted average across bldg types,2042,Heating,Illinois
0.448114421,Commercial,AEO2026 CDM weighted average across bldg types,2042,Heating,Indiana
0.439152330,Commercial,AEO2026 CDM weighted average across bldg types,2043,Heating,Wisconsin
0.439152330,Commercial,AEO2026 CDM weighted average across bldg types,2043,Heating,Ohio
0.439152330,Commercial,AEO2026 CDM weighted average across bldg types,2043,Heating,Michigan
0.439152330,Commercial,AEO2026 CDM weighted average across bldg types,2043,Heating,Illinois
0.439152330,Commercial,AEO2026 CDM weighted average across bldg types,2043,Heating,Indiana
0.430378420,Commercial,AEO2026 CDM weighted average across bldg types,2044,Heating,Wisconsin
0.430378420,Commercial,AEO2026 CDM weighted average across bldg types,2044,Heating,Ohio
0.430378420,Commercial,AEO2026 CDM weighted average across bldg types,2044,Heating,Michigan
0.430378420,Commercial,AEO2026 CDM weighted average across bldg types,2044,Heating,Illinois
0.430378420,Commercial,AEO2026 CDM weighted average across bldg types,2044,Heating,Indiana
0.421787619,Commercial,AEO2026 CDM weighted average across bldg types,2045,Heating,Wisconsin
0.421787619,Commercial,AEO2026 CDM weighted average across bldg types,2045,Heating,Ohio
0.421787619,Commercial,AEO2026 CDM weighted average across bldg types,2045,Heating,Michigan
0.421787619,Commercial,AEO2026 CDM weighted average across bldg types,2045,Heating,Illinois
0.421787619,Commercial,AEO2026 CDM weighted average across bldg types,2045,Heating,Indiana
0.413376390,Commercial,AEO2026 CDM weighted average across bldg types,2046,Heating,Wisconsin
0.413376390,Commercial,AEO2026 CDM weighted average across bldg types,2046,Heating,Ohio
0.413376390,Commercial,AEO2026 CDM weighted average across bldg types,2046,Heating,Michigan
0.413376390,Commercial,AEO2026 CDM weighted average across bldg types,2046,Heating,Illinois
0.413376390,Commercial,AEO2026 CDM weighted average across bldg types,2046,Heating,Indiana
0.405140877,Commercial,AEO2026 CDM weighted average across bldg types,2047,Heating,Wisconsin
0.405140877,Commercial,AEO2026 CDM weighted average across bldg types,2047,Heating,Ohio
0.405140877,Commercial,AEO2026 CDM weighted average across bldg types,2047,Heating,Michigan
0.405140877,Commercial,AEO2026 CDM weighted average across bldg types,2047,Heating,Illinois
0.405140877,Commercial,AEO2026 CDM weighted average across bldg types,2047,Heating,Indiana
0.397077511,Commercial,AEO2026 CDM weighted average across bldg types,2048,Heating,Wisconsin
0.397077511,Commercial,AEO2026 CDM weighted average across bldg types,2048,Heating,Ohio
0.397077511,Commercial,AEO2026 CDM weighted average across bldg types,2048,Heating,Michigan
0.397077511,Commercial,AEO2026 CDM weighted average across bldg types,2048,Heating,Illinois
0.397077511,Commercial,AEO2026 CDM weighted average across bldg types,2048,Heating,Indiana
0.389182093,Commercial,AEO2026 CDM weighted average across bldg types,2049,Heating,Wisconsin
0.389182093,Commercial,AEO2026 CDM weighted average across bldg types,2049,Heating,Ohio
0.389182093,Commercial,AEO2026 CDM weighted average across bldg types,2049,Heating,Michigan
0.389182093,Commercial,AEO2026 CDM weighted average across bldg types,2049,Heating,Illinois
0.389182093,Commercial,AEO2026 CDM weighted average across bldg types,2049,Heating,Indiana
0.381451554,Commercial,AEO2026 CDM weighted average across bldg types,2050,Heating,Wisconsin
0.381451554,Commercial,AEO2026 CDM weighted average across bldg types,2050,Heating,Ohio
0.381451554,Commercial,AEO2026 CDM weighted average across bldg types,2050,Heating,Michigan
0.381451554,Commercial,AEO2026 CDM weighted average across bldg types,2050,Heating,Illinois
0.381451554,Commercial,AEO2026 CDM weighted average across bldg types,2050,Heating,Indiana
0.599955459,Commercial,AEO2026 CDM weighted average across bldg types,2019,Heating,South Dakota
0.599955459,Commercial,AEO2026 CDM weighted average across bldg types,2019,Heating,North Dakota
0.599955459,Commercial,AEO2026 CDM weighted average across bldg types,2019,Heating,Nebraska
0.599955459,Commercial,AEO2026 CDM weighted average across bldg types,2019,Heating,Missouri
0.599955459,Commercial,AEO2026 CDM weighted average across bldg types,2019,Heating,Minnesota
0.599955459,Commercial,AEO2026 CDM weighted average across bldg types,2019,Heating,Iowa
0.599955459,Commercial,AEO2026 CDM weighted average across bldg types,2019,Heating,Kansas
0.590282599,Commercial,AEO2026 CDM weighted average across bldg types,2020,Heating,South Dakota
0.590282599,Commercial,AEO2026 CDM weighted average across bldg types,2020,Heating,North Dakota
0.590282599,Commercial,AEO2026 CDM weighted average across bldg types,2020,Heating,Nebraska
0.590282599,Commercial,AEO2026 CDM weighted average across bldg types,2020,Heating,Missouri
0.590282599,Commercial,AEO2026 CDM weighted average across bldg types,2020,Heating,Minnesota
0.590282599,Commercial,AEO2026 CDM weighted average across bldg types,2020,Heating,Iowa
0.590282599,Commercial,AEO2026 CDM weighted average across bldg types,2020,Heating,Kansas
0.579769168,Commercial,AEO2026 CDM weighted average across bldg types,2021,Heating,South Dakota
0.579769168,Commercial,AEO2026 CDM weighted average across bldg types,2021,Heating,North Dakota
0.579769168,Commercial,AEO2026 CDM weighted average across bldg types,2021,Heating,Nebraska
0.579769168,Commercial,AEO2026 CDM weighted average across bldg types,2021,Heating,Missouri
0.579769168,Commercial,AEO2026 CDM weighted average across bldg types,2021,Heating,Minnesota
0.579769168,Commercial,AEO2026 CDM weighted average across bldg types,2021,Heating,Iowa
0.579769168,Commercial,AEO2026 CDM weighted average across bldg types,2021,Heating,Kansas
0.569446825,Commercial,AEO2026 CDM weighted average across bldg types,2022,Heating,South Dakota
0.569446825,Commercial,AEO2026 CDM weighted average across bldg types,2022,Heating,North Dakota
0.569446825,Commercial,AEO2026 CDM weighted average across bldg types,2022,Heating,Nebraska
0.569446825,Commercial,AEO2026 CDM weighted average across bldg types,2022,Heating,Missouri
0.569446825,Commercial,AEO2026 CDM weighted average across bldg types,2022,Heating,Minnesota
0.569446825,Commercial,AEO2026 CDM weighted average across bldg types,2022,Heating,Iowa
0.569446825,Commercial,AEO2026 CDM weighted average across bldg types,2022,Heating,Kansas
0.559311679,Commercial,AEO2026 CDM weighted average across bldg types,2023,Heating,South Dakota
0.559311679,Commercial,AEO2026 CDM weighted average across bldg types,2023,Heating,North Dakota
0.559311679,Commercial,AEO2026 CDM weighted average across bldg types,2023,Heating,Nebraska
0.559311679,Commercial,AEO2026 CDM weighted average across bldg types,2023,Heating,Missouri
0.559311679,Commercial,AEO2026 CDM weighted average across bldg types,2023,Heating,Minnesota
0.559311679,Commercial,AEO2026 CDM weighted average across bldg types,2023,Heating,Iowa
0.559311679,Commercial,AEO2026 CDM weighted average across bldg types,2023,Heating,Kansas
0.549360738,Commercial,AEO2026 CDM weighted average across bldg types,2024,Heating,South Dakota
0.549360738,Commercial,AEO2026 CDM weighted average across bldg types,2024,Heating,North Dakota
0.549360738,Commercial,AEO2026 CDM weighted average across bldg types,2024,Heating,Nebraska
0.549360738,Commercial,AEO2026 CDM weighted average across bldg types,2024,Heating,Missouri
0.549360738,Commercial,AEO2026 CDM weighted average across bldg types,2024,Heating,Minnesota
0.549360738,Commercial,AEO2026 CDM weighted average across bldg types,2024,Heating,Iowa
0.549360738,Commercial,AEO2026 CDM weighted average across bldg types,2024,Heating,Kansas
0.539590049,Commercial,AEO2026 CDM weighted average across bldg types,2025,Heating,South Dakota
0.539590049,Commercial,AEO2026 CDM weighted average across bldg types,2025,Heating,North Dakota
0.539590049,Commercial,AEO2026 CDM weighted average across bldg types,2025,Heating,Nebraska
0.539590049,Commercial,AEO2026 CDM weighted average across bldg types,2025,Heating,Missouri
0.539590049,Commercial,AEO2026 CDM weighted average across bldg types,2025,Heating,Minnesota
0.539590049,Commercial,AEO2026 CDM weighted average across bldg types,2025,Heating,Iowa
0.539590049,Commercial,AEO2026 CDM weighted average across bldg types,2025,Heating,Kansas
0.529996464,Commercial,AEO2026 CDM weighted average across bldg types,2026,Heating,South Dakota
0.529996464,Commercial,AEO2026 CDM weighted average across bldg types,2026,Heating,North Dakota
0.529996464,Commercial,AEO2026 CDM weighted average across bldg types,2026,Heating,Nebraska
0.529996464,Commercial,AEO2026 CDM weighted average across bldg types,2026,Heating,Missouri
0.529996464,Commercial,AEO2026 CDM weighted average across bldg types,2026,Heating,Minnesota
0.529996464,Commercial,AEO2026 CDM weighted average across bldg types,2026,Heating,Iowa
0.529996464,Commercial,AEO2026 CDM weighted average across bldg types,2026,Heating,Kansas
0.520577015,Commercial,AEO2026 CDM weighted average across bldg types,2027,Heating,South Dakota
0.520577015,Commercial,AEO2026 CDM weighted average across bldg types,2027,Heating,North Dakota
0.520577015,Commercial,AEO2026 CDM weighted average across bldg types,2027,Heating,Nebraska
0.520577015,Commercial,AEO2026 CDM weighted average across bldg types,2027,Heating,Missouri
0.520577015,Commercial,AEO2026 CDM weighted average across bldg types,2027,Heating,Minnesota
0.520577015,Commercial,AEO2026 CDM weighted average across bldg types,2027,Heating,Iowa
0.520577015,Commercial,AEO2026 CDM weighted average across bldg types,2027,Heating,Kansas
0.511328421,Commercial,AEO2026 CDM weighted average across bldg types,2028,Heating,South Dakota
0.511328421,Commercial,AEO2026 CDM weighted average across bldg types,2028,Heating,North Dakota
0.511328421,Commercial,AEO2026 CDM weighted average across bldg types,2028,Heating,Nebraska
0.511328421,Commercial,AEO2026 CDM weighted average across bldg types,2028,Heating,Missouri
0.511328421,Commercial,AEO2026 CDM weighted average across bldg types,2028,Heating,Minnesota
0.511328421,Commercial,AEO2026 CDM weighted average across bldg types,2028,Heating,Iowa
0.511328421,Commercial,AEO2026 CDM weighted average across bldg types,2028,Heating,Kansas
0.502247247,Commercial,AEO2026 CDM weighted average across bldg types,2029,Heating,South Dakota
0.502247247,Commercial,AEO2026 CDM weighted average across bldg types,2029,Heating,North Dakota
0.502247247,Commercial,AEO2026 CDM weighted average across bldg types,2029,Heating,Nebraska
0.502247247,Commercial,AEO2026 CDM weighted average across bldg types,2029,Heating,Missouri
0.502247247,Commercial,AEO2026 CDM weighted average across bldg types,2029,Heating,Minnesota
0.502247247,Commercial,AEO2026 CDM weighted average across bldg types,2029,Heating,Iowa
0.502247247,Commercial,AEO2026 CDM weighted average across bldg types,2029,Heating,Kansas
0.493330609,Commercial,AEO2026 CDM weighted average across bldg types,2030,Heating,South Dakota
0.493330609,Commercial,AEO2026 CDM weighted average across bldg types,2030,Heating,North Dakota
0.493330609,Commercial,AEO2026 CDM weighted average across bldg types,2030,Heating,Nebraska
0.493330609,Commercial,AEO2026 CDM weighted average across bldg types,2030,Heating,Missouri
0.493330609,Commercial,AEO2026 CDM weighted average across bldg types,2030,Heating,Minnesota
0.493330609,Commercial,AEO2026 CDM weighted average across bldg types,2030,Heating,Iowa
0.493330609,Commercial,AEO2026 CDM weighted average across bldg types,2030,Heating,Kansas
0.482742845,Commercial,AEO2026 CDM weighted average across bldg types,2031,Heating,South Dakota
0.482742845,Commercial,AEO2026 CDM weighted average across bldg types,2031,Heating,North Dakota
0.482742845,Commercial,AEO2026 CDM weighted average across bldg types,2031,Heating,Nebraska
0.482742845,Commercial,AEO2026 CDM weighted average across bldg types,2031,Heating,Missouri
0.482742845,Commercial,AEO2026 CDM weighted average across bldg types,2031,Heating,Minnesota
0.482742845,Commercial,AEO2026 CDM weighted average across bldg types,2031,Heating,Iowa
0.482742845,Commercial,AEO2026 CDM weighted average across bldg types,2031,Heating,Kansas
0.472390087,Commercial,AEO2026 CDM weighted average across bldg types,2032,Heating,South Dakota
0.472390087,Commercial,AEO2026 CDM weighted average across bldg types,2032,Heating,North Dakota
0.472390087,Commercial,AEO2026 CDM weighted average across bldg types,2032,Heating,Nebraska
0.472390087,Commercial,AEO2026 CDM weighted average across bldg types,2032,Heating,Missouri
0.472390087,Commercial,AEO2026 CDM weighted average across bldg types,2032,Heating,Minnesota
0.472390087,Commercial,AEO2026 CDM weighted average across bldg types,2032,Heating,Iowa
0.472390087,Commercial,AEO2026 CDM weighted average across bldg types,2032,Heating,Kansas
0.462267324,Commercial,AEO2026 CDM weighted average across bldg types,2033,Heating,South Dakota
0.462267324,Commercial,AEO2026 CDM weighted average across bldg types,2033,Heating,North Dakota
0.462267324,Commercial,AEO2026 CDM weighted average across bldg types,2033,Heating,Nebraska
0.462267324,Commercial,AEO2026 CDM weighted average across bldg types,2033,Heating,Missouri
0.462267324,Commercial,AEO2026 CDM weighted average across bldg types,2033,Heating,Minnesota
0.462267324,Commercial,AEO2026 CDM weighted average across bldg types,2033,Heating,Iowa
0.462267324,Commercial,AEO2026 CDM weighted average across bldg types,2033,Heating,Kansas
0.452368960,Commercial,AEO2026 CDM weighted average across bldg types,2034,Heating,South Dakota
0.452368960,Commercial,AEO2026 CDM weighted average across bldg types,2034,Heating,North Dakota
0.452368960,Commercial,AEO2026 CDM weighted average across bldg types,2034,Heating,Nebraska
0.452368960,Commercial,AEO2026 CDM weighted average across bldg types,2034,Heating,Missouri
0.452368960,Commercial,AEO2026 CDM weighted average across bldg types,2034,Heating,Minnesota
0.452368960,Commercial,AEO2026 CDM weighted average across bldg types,2034,Heating,Iowa
0.452368960,Commercial,AEO2026 CDM weighted average across bldg types,2034,Heating,Kansas
0.442690198,Commercial,AEO2026 CDM weighted average across bldg types,2035,Heating,South Dakota
0.442690198,Commercial,AEO2026 CDM weighted average across bldg types,2035,Heating,North Dakota
0.442690198,Commercial,AEO2026 CDM weighted average across bldg types,2035,Heating,Nebraska
0.442690198,Commercial,AEO2026 CDM weighted average across bldg types,2035,Heating,Missouri
0.442690198,Commercial,AEO2026 CDM weighted average across bldg types,2035,Heating,Minnesota
0.442690198,Commercial,AEO2026 CDM weighted average across bldg types,2035,Heating,Iowa
0.442690198,Commercial,AEO2026 CDM weighted average across bldg types,2035,Heating,Kansas
0.433225861,Commercial,AEO2026 CDM weighted average across bldg types,2036,Heating,South Dakota
0.433225861,Commercial,AEO2026 CDM weighted average across bldg types,2036,Heating,North Dakota
0.433225861,Commercial,AEO2026 CDM weighted average across bldg types,2036,Heating,Nebraska
0.433225861,Commercial,AEO2026 CDM weighted average across bldg types,2036,Heating,Missouri
0.433225861,Commercial,AEO2026 CDM weighted average across bldg types,2036,Heating,Minnesota
0.433225861,Commercial,AEO2026 CDM weighted average across bldg types,2036,Heating,Iowa
0.433225861,Commercial,AEO2026 CDM weighted average across bldg types,2036,Heating,Kansas
0.423971234,Commercial,AEO2026 CDM weighted average across bldg types,2037,Heating,South Dakota
0.423971234,Commercial,AEO2026 CDM weighted average across bldg types,2037,Heating,North Dakota
0.423971234,Commercial,AEO2026 CDM weighted average across bldg types,2037,Heating,Nebraska
0.423971234,Commercial,AEO2026 CDM weighted average across bldg types,2037,Heating,Missouri
0.423971234,Commercial,AEO2026 CDM weighted average across bldg types,2037,Heating,Minnesota
0.423971234,Commercial,AEO2026 CDM weighted average across bldg types,2037,Heating,Iowa
0.423971234,Commercial,AEO2026 CDM weighted average across bldg types,2037,Heating,Kansas
0.414921307,Commercial,AEO2026 CDM weighted average across bldg types,2038,Heating,South Dakota
0.414921307,Commercial,AEO2026 CDM weighted average across bldg types,2038,Heating,North Dakota
0.414921307,Commercial,AEO2026 CDM weighted average across bldg types,2038,Heating,Nebraska
0.414921307,Commercial,AEO2026 CDM weighted average across bldg types,2038,Heating,Missouri
0.414921307,Commercial,AEO2026 CDM weighted average across bldg types,2038,Heating,Minnesota
0.414921307,Commercial,AEO2026 CDM weighted average across bldg types,2038,Heating,Iowa
0.414921307,Commercial,AEO2026 CDM weighted average across bldg types,2038,Heating,Kansas
0.406071821,Commercial,AEO2026 CDM weighted average across bldg types,2039,Heating,South Dakota
0.406071821,Commercial,AEO2026 CDM weighted average across bldg types,2039,Heating,North Dakota
0.406071821,Commercial,AEO2026 CDM weighted average across bldg types,2039,Heating,Nebraska
0.406071821,Commercial,AEO2026 CDM weighted average across bldg types,2039,Heating,Missouri
0.406071821,Commercial,AEO2026 CDM weighted average across bldg types,2039,Heating,Minnesota
0.406071821,Commercial,AEO2026 CDM weighted average across bldg types,2039,Heating,Iowa
0.406071821,Commercial,AEO2026 CDM weighted average across bldg types,2039,Heating,Kansas
0.397417781,Commercial,AEO2026 CDM weighted average across bldg types,2040,Heating,South Dakota
0.397417781,Commercial,AEO2026 CDM weighted average across bldg types,2040,Heating,North Dakota
0.397417781,Commercial,AEO2026 CDM weighted average across bldg types,2040,Heating,Nebraska
0.397417781,Commercial,AEO2026 CDM weighted average across bldg types,2040,Heating,Missouri
0.397417781,Commercial,AEO2026 CDM weighted average across bldg types,2040,Heating,Minnesota
0.397417781,Commercial,AEO2026 CDM weighted average across bldg types,2040,Heating,Iowa
0.397417781,Commercial,AEO2026 CDM weighted average across bldg types,2040,Heating,Kansas
0.386851319,Commercial,AEO2026 CDM weighted average across bldg types,2041,Heating,South Dakota
0.386851319,Commercial,AEO2026 CDM weighted average across bldg types,2041,Heating,North Dakota
0.386851319,Commercial,AEO2026 CDM weighted average across bldg types,2041,Heating,Nebraska
0.386851319,Commercial,AEO2026 CDM weighted average across bldg types,2041,Heating,Missouri
0.386851319,Commercial,AEO2026 CDM weighted average across bldg types,2041,Heating,Minnesota
0.386851319,Commercial,AEO2026 CDM weighted average across bldg types,2041,Heating,Iowa
0.386851319,Commercial,AEO2026 CDM weighted average across bldg types,2041,Heating,Kansas
0.376582738,Commercial,AEO2026 CDM weighted average across bldg types,2042,Heating,South Dakota
0.376582738,Commercial,AEO2026 CDM weighted average across bldg types,2042,Heating,North Dakota
0.376582738,Commercial,AEO2026 CDM weighted average across bldg types,2042,Heating,Nebraska
0.376582738,Commercial,AEO2026 CDM weighted average across bldg types,2042,Heating,Missouri
0.376582738,Commercial,AEO2026 CDM weighted average across bldg types,2042,Heating,Minnesota
0.376582738,Commercial,AEO2026 CDM weighted average across bldg types,2042,Heating,Iowa
0.376582738,Commercial,AEO2026 CDM weighted average across bldg types,2042,Heating,Kansas
0.366603525,Commercial,AEO2026 CDM weighted average across bldg types,2043,Heating,South Dakota
0.366603525,Commercial,AEO2026 CDM weighted average across bldg types,2043,Heating,North Dakota
0.366603525,Commercial,AEO2026 CDM weighted average across bldg types,2043,Heating,Nebraska
0.366603525,Commercial,AEO2026 CDM weighted average across bldg types,2043,Heating,Missouri
0.366603525,Commercial,AEO2026 CDM weighted average across bldg types,2043,Heating,Minnesota
0.366603525,Commercial,AEO2026 CDM weighted average across bldg types,2043,Heating,Iowa
0.366603525,Commercial,AEO2026 CDM weighted average across bldg types,2043,Heating,Kansas
0.356904941,Commercial,AEO2026 CDM weighted average across bldg types,2044,Heating,South Dakota
0.356904941,Commercial,AEO2026 CDM weighted average across bldg types,2044,Heating,North Dakota
0.356904941,Commercial,AEO2026 CDM weighted average across bldg types,2044,Heating,Nebraska
0.356904941,Commercial,AEO2026 CDM weighted average across bldg types,2044,Heating,Missouri
0.356904941,Commercial,AEO2026 CDM weighted average across bldg types,2044,Heating,Minnesota
0.356904941,Commercial,AEO2026 CDM weighted average across bldg types,2044,Heating,Iowa
0.356904941,Commercial,AEO2026 CDM weighted average across bldg types,2044,Heating,Kansas
0.347478669,Commercial,AEO2026 CDM weighted average across bldg types,2045,Heating,South Dakota
0.347478669,Commercial,AEO2026 CDM weighted average across bldg types,2045,Heating,North Dakota
0.347478669,Commercial,AEO2026 CDM weighted average across bldg types,2045,Heating,Nebraska
0.347478669,Commercial,AEO2026 CDM weighted average across bldg types,2045,Heating,Missouri
0.347478669,Commercial,AEO2026 CDM weighted average across bldg types,2045,Heating,Minnesota
0.347478669,Commercial,AEO2026 CDM weighted average across bldg types,2045,Heating,Iowa
0.347478669,Commercial,AEO2026 CDM weighted average across bldg types,2045,Heating,Kansas
0.338317040,Commercial,AEO2026 CDM weighted average across bldg types,2046,Heating,South Dakota
0.338317040,Commercial,AEO2026 CDM weighted average across bldg types,2046,Heating,North Dakota
0.338317040,Commercial,AEO2026 CDM weighted average across bldg types,2046,Heating,Nebraska
0.338317040,Commercial,AEO2026 CDM weighted average across bldg types,2046,Heating,Missouri
0.338317040,Commercial,AEO2026 CDM weighted average across bldg types,2046,Heating,Minnesota
0.338317040,Commercial,AEO2026 CDM weighted average across bldg types,2046,Heating,Iowa
0.338317040,Commercial,AEO2026 CDM weighted average across bldg types,2046,Heating,Kansas
0.329411758,Commercial,AEO2026 CDM weighted average across bldg types,2047,Heating,South Dakota
0.329411758,Commercial,AEO2026 CDM weighted average across bldg types,2047,Heating,North Dakota
0.329411758,Commercial,AEO2026 CDM weighted average across bldg types,2047,Heating,Nebraska
0.329411758,Commercial,AEO2026 CDM weighted average across bldg types,2047,Heating,Missouri
0.329411758,Commercial,AEO2026 CDM weighted average across bldg types,2047,Heating,Minnesota
0.329411758,Commercial,AEO2026 CDM weighted average across bldg types,2047,Heating,Iowa
0.329411758,Commercial,AEO2026 CDM weighted average across bldg types,2047,Heating,Kansas
0.320756107,Commercial,AEO2026 CDM weighted average across bldg types,2048,Heating,South Dakota
0.320756107,Commercial,AEO2026 CDM weighted average across bldg types,2048,Heating,North Dakota
0.320756107,Commercial,AEO2026 CDM weighted average across bldg types,2048,Heating,Nebraska
0.320756107,Commercial,AEO2026 CDM weighted average across bldg types,2048,Heating,Missouri
0.320756107,Commercial,AEO2026 CDM weighted average across bldg types,2048,Heating,Minnesota
0.320756107,Commercial,AEO2026 CDM weighted average across bldg types,2048,Heating,Iowa
0.320756107,Commercial,AEO2026 CDM weighted average across bldg types,2048,Heating,Kansas
0.312342547,Commercial,AEO2026 CDM weighted average across bldg types,2049,Heating,South Dakota
0.312342547,Commercial,AEO2026 CDM weighted average across bldg types,2049,Heating,North Dakota
0.312342547,Commercial,AEO2026 CDM weighted average across bldg types,2049,Heating,Nebraska
0.312342547,Commercial,AEO2026 CDM weighted average across bldg types,2049,Heating,Missouri
0.312342547,Commercial,AEO2026 CDM weighted average across bldg types,2049,Heating,Minnesota
0.312342547,Commercial,AEO2026 CDM weighted average across bldg types,2049,Heating,Iowa
0.312342547,Commercial,AEO2026 CDM weighted average across bldg types,2049,Heating,Kansas
0.304163543,Commercial,AEO2026 CDM weighted average across bldg types,2050,Heating,South Dakota
0.304163543,Commercial,AEO2026 CDM weighted average across bldg types,2050,Heating,North Dakota
0.304163543,Commercial,AEO2026 CDM weighted average across bldg types,2050,Heating,Nebraska
0.304163543,Commercial,AEO2026 CDM weighted average across bldg types,2050,Heating,Missouri
0.304163543,Commercial,AEO2026 CDM weighted average across bldg types,2050,Heating,Minnesota
0.304163543,Commercial,AEO2026 CDM weighted average across bldg types,2050,Heating,Iowa
0.304163543,Commercial,AEO2026 CDM weighted average across bldg types,2050,Heating,Kansas
0.683317257,Commercial,AEO2026 CDM weighted average across bldg types,2019,Heating,West Virginia
0.683317257,Commercial,AEO2026 CDM weighted average across bldg types,2019,Heating,Virginia
0.683317257,Commercial,AEO2026 CDM weighted average across bldg types,2019,Heating,South Carolina
0.683317257,Commercial,AEO2026 CDM weighted average across bldg types,2019,Heating,North Carolina
0.683317257,Commercial,AEO2026 CDM weighted average across bldg types,2019,Heating,Maryland
0.683317257,Commercial,AEO2026 CDM weighted average across bldg types,2019,Heating,Delaware
0.683317257,Commercial,AEO2026 CDM weighted average across bldg types,2019,Heating,District of Columbia
0.683317257,Commercial,AEO2026 CDM weighted average across bldg types,2019,Heating,Florida
0.683317257,Commercial,AEO2026 CDM weighted average across bldg types,2019,Heating,Georgia
0.675726029,Commercial,AEO2026 CDM weighted average across bldg types,2020,Heating,West Virginia
0.675726029,Commercial,AEO2026 CDM weighted average across bldg types,2020,Heating,Virginia
0.675726029,Commercial,AEO2026 CDM weighted average across bldg types,2020,Heating,South Carolina
0.675726029,Commercial,AEO2026 CDM weighted average across bldg types,2020,Heating,North Carolina
0.675726029,Commercial,AEO2026 CDM weighted average across bldg types,2020,Heating,Maryland
0.675726029,Commercial,AEO2026 CDM weighted average across bldg types,2020,Heating,Delaware
0.675726029,Commercial,AEO2026 CDM weighted average across bldg types,2020,Heating,District of Columbia
0.675726029,Commercial,AEO2026 CDM weighted average across bldg types,2020,Heating,Florida
0.675726029,Commercial,AEO2026 CDM weighted average across bldg types,2020,Heating,Georgia
0.667654885,Commercial,AEO2026 CDM weighted average across bldg types,2021,Heating,West Virginia
0.667654885,Commercial,AEO2026 CDM weighted average across bldg types,2021,Heating,Virginia
0.667654885,Commercial,AEO2026 CDM weighted average across bldg types,2021,Heating,South Carolina
0.667654885,Commercial,AEO2026 CDM weighted average across bldg types,2021,Heating,North Carolina
0.667654885,Commercial,AEO2026 CDM weighted average across bldg types,2021,Heating,Maryland
0.667654885,Commercial,AEO2026 CDM weighted average across bldg types,2021,Heating,Delaware
0.667654885,Commercial,AEO2026 CDM weighted average across bldg types,2021,Heating,District of Columbia
0.667654885,Commercial,AEO2026 CDM weighted average across bldg types,2021,Heating,Florida
0.667654885,Commercial,AEO2026 CDM weighted average across bldg types,2021,Heating,Georgia
0.659691092,Commercial,AEO2026 CDM weighted average across bldg types,2022,Heating,West Virginia
0.659691092,Commercial,AEO2026 CDM weighted average across bldg types,2022,Heating,Virginia
0.659691092,Commercial,AEO2026 CDM weighted average across bldg types,2022,Heating,South Carolina
0.659691092,Commercial,AEO2026 CDM weighted average across bldg types,2022,Heating,North Carolina
0.659691092,Commercial,AEO2026 CDM weighted average across bldg types,2022,Heating,Maryland
0.659691092,Commercial,AEO2026 CDM weighted average across bldg types,2022,Heating,Delaware
0.659691092,Commercial,AEO2026 CDM weighted average across bldg types,2022,Heating,District of Columbia
0.659691092,Commercial,AEO2026 CDM weighted average across bldg types,2022,Heating,Florida
0.659691092,Commercial,AEO2026 CDM weighted average across bldg types,2022,Heating,Georgia
0.651833283,Commercial,AEO2026 CDM weighted average across bldg types,2023,Heating,West Virginia
0.651833283,Commercial,AEO2026 CDM weighted average across bldg types,2023,Heating,Virginia
0.651833283,Commercial,AEO2026 CDM weighted average across bldg types,2023,Heating,South Carolina
0.651833283,Commercial,AEO2026 CDM weighted average across bldg types,2023,Heating,North Carolina
0.651833283,Commercial,AEO2026 CDM weighted average across bldg types,2023,Heating,Maryland
0.651833283,Commercial,AEO2026 CDM weighted average across bldg types,2023,Heating,Delaware
0.651833283,Commercial,AEO2026 CDM weighted average across bldg types,2023,Heating,District of Columbia
0.651833283,Commercial,AEO2026 CDM weighted average across bldg types,2023,Heating,Florida
0.651833283,Commercial,AEO2026 CDM weighted average across bldg types,2023,Heating,Georgia
0.644079965,Commercial,AEO2026 CDM weighted average across bldg types,2024,Heating,West Virginia
0.644079965,Commercial,AEO2026 CDM weighted average across bldg types,2024,Heating,Virginia
0.644079965,Commercial,AEO2026 CDM weighted average across bldg types,2024,Heating,South Carolina
0.644079965,Commercial,AEO2026 CDM weighted average across bldg types,2024,Heating,North Carolina
0.644079965,Commercial,AEO2026 CDM weighted average across bldg types,2024,Heating,Maryland
0.644079965,Commercial,AEO2026 CDM weighted average across bldg types,2024,Heating,Delaware
0.644079965,Commercial,AEO2026 CDM weighted average across bldg types,2024,Heating,District of Columbia
0.644079965,Commercial,AEO2026 CDM weighted average across bldg types,2024,Heating,Florida
0.644079965,Commercial,AEO2026 CDM weighted average across bldg types,2024,Heating,Georgia
0.636429460,Commercial,AEO2026 CDM weighted average across bldg types,2025,Heating,West Virginia
0.636429460,Commercial,AEO2026 CDM weighted average across bldg types,2025,Heating,Virginia
0.636429460,Commercial,AEO2026 CDM weighted average across bldg types,2025,Heating,South Carolina
0.636429460,Commercial,AEO2026 CDM weighted average across bldg types,2025,Heating,North Carolina
0.636429460,Commercial,AEO2026 CDM weighted average across bldg types,2025,Heating,Maryland
0.636429460,Commercial,AEO2026 CDM weighted average across bldg types,2025,Heating,Delaware
0.636429460,Commercial,AEO2026 CDM weighted average across bldg types,2025,Heating,District of Columbia
0.636429460,Commercial,AEO2026 CDM weighted average across bldg types,2025,Heating,Florida
0.636429460,Commercial,AEO2026 CDM weighted average across bldg types,2025,Heating,Georgia
0.628880644,Commercial,AEO2026 CDM weighted average across bldg types,2026,Heating,West Virginia
0.628880644,Commercial,AEO2026 CDM weighted average across bldg types,2026,Heating,Virginia
0.628880644,Commercial,AEO2026 CDM weighted average across bldg types,2026,Heating,South Carolina
0.628880644,Commercial,AEO2026 CDM weighted average across bldg types,2026,Heating,North Carolina
0.628880644,Commercial,AEO2026 CDM weighted average across bldg types,2026,Heating,Maryland
0.628880644,Commercial,AEO2026 CDM weighted average across bldg types,2026,Heating,Delaware
0.628880644,Commercial,AEO2026 CDM weighted average across bldg types,2026,Heating,District of Columbia
0.628880644,Commercial,AEO2026 CDM weighted average across bldg types,2026,Heating,Florida
0.628880644,Commercial,AEO2026 CDM weighted average across bldg types,2026,Heating,Georgia
0.621431829,Commercial,AEO2026 CDM weighted average across bldg types,2027,Heating,West Virginia
0.621431829,Commercial,AEO2026 CDM weighted average across bldg types,2027,Heating,Virginia
0.621431829,Commercial,AEO2026 CDM weighted average across bldg types,2027,Heating,South Carolina
0.621431829,Commercial,AEO2026 CDM weighted average across bldg types,2027,Heating,North Carolina
0.621431829,Commercial,AEO2026 CDM weighted average across bldg types,2027,Heating,Maryland
0.621431829,Commercial,AEO2026 CDM weighted average across bldg types,2027,Heating,Delaware
0.621431829,Commercial,AEO2026 CDM weighted average across bldg types,2027,Heating,District of Columbia
0.621431829,Commercial,AEO2026 CDM weighted average across bldg types,2027,Heating,Florida
0.621431829,Commercial,AEO2026 CDM weighted average across bldg types,2027,Heating,Georgia
0.614081583,Commercial,AEO2026 CDM weighted average across bldg types,2028,Heating,West Virginia
0.614081583,Commercial,AEO2026 CDM weighted average across bldg types,2028,Heating,Virginia
0.614081583,Commercial,AEO2026 CDM weighted average across bldg types,2028,Heating,South Carolina
0.614081583,Commercial,AEO2026 CDM weighted average across bldg types,2028,Heating,North Carolina
0.614081583,Commercial,AEO2026 CDM weighted average across bldg types,2028,Heating,Maryland
0.614081583,Commercial,AEO2026 CDM weighted average across bldg types,2028,Heating,Delaware
0.614081583,Commercial,AEO2026 CDM weighted average across bldg types,2028,Heating,District of Columbia
0.614081583,Commercial,AEO2026 CDM weighted average across bldg types,2028,Heating,Florida
0.614081583,Commercial,AEO2026 CDM weighted average across bldg types,2028,Heating,Georgia
0.606828765,Commercial,AEO2026 CDM weighted average across bldg types,2029,Heating,West Virginia
0.606828765,Commercial,AEO2026 CDM weighted average across bldg types,2029,Heating,Virginia
0.606828765,Commercial,AEO2026 CDM weighted average across bldg types,2029,Heating,South Carolina
0.606828765,Commercial,AEO2026 CDM weighted average across bldg types,2029,Heating,North Carolina
0.606828765,Commercial,AEO2026 CDM weighted average across bldg types,2029,Heating,Maryland
0.606828765,Commercial,AEO2026 CDM weighted average across bldg types,2029,Heating,Delaware
0.606828765,Commercial,AEO2026 CDM weighted average across bldg types,2029,Heating,District of Columbia
0.606828765,Commercial,AEO2026 CDM weighted average across bldg types,2029,Heating,Florida
0.606828765,Commercial,AEO2026 CDM weighted average across bldg types,2029,Heating,Georgia
0.599671511,Commercial,AEO2026 CDM weighted average across bldg types,2030,Heating,West Virginia
0.599671511,Commercial,AEO2026 CDM weighted average across bldg types,2030,Heating,Virginia
0.599671511,Commercial,AEO2026 CDM weighted average across bldg types,2030,Heating,South Carolina
0.599671511,Commercial,AEO2026 CDM weighted average across bldg types,2030,Heating,North Carolina
0.599671511,Commercial,AEO2026 CDM weighted average across bldg types,2030,Heating,Maryland
0.599671511,Commercial,AEO2026 CDM weighted average across bldg types,2030,Heating,Delaware
0.599671511,Commercial,AEO2026 CDM weighted average across bldg types,2030,Heating,District of Columbia
0.599671511,Commercial,AEO2026 CDM weighted average across bldg types,2030,Heating,Florida
0.599671511,Commercial,AEO2026 CDM weighted average across bldg types,2030,Heating,Georgia
0.591589444,Commercial,AEO2026 CDM weighted average across bldg types,2031,Heating,West Virginia
0.591589444,Commercial,AEO2026 CDM weighted average across bldg types,2031,Heating,Virginia
0.591589444,Commercial,AEO2026 CDM weighted average across bldg types,2031,Heating,South Carolina
0.591589444,Commercial,AEO2026 CDM weighted average across bldg types,2031,Heating,North Carolina
0.591589444,Commercial,AEO2026 CDM weighted average across bldg types,2031,Heating,Maryland
0.591589444,Commercial,AEO2026 CDM weighted average across bldg types,2031,Heating,Delaware
0.591589444,Commercial,AEO2026 CDM weighted average across bldg types,2031,Heating,District of Columbia
0.591589444,Commercial,AEO2026 CDM weighted average across bldg types,2031,Heating,Florida
0.591589444,Commercial,AEO2026 CDM weighted average across bldg types,2031,Heating,Georgia
0.583632414,Commercial,AEO2026 CDM weighted average across bldg types,2032,Heating,West Virginia
0.583632414,Commercial,AEO2026 CDM weighted average across bldg types,2032,Heating,Virginia
0.583632414,Commercial,AEO2026 CDM weighted average across bldg types,2032,Heating,South Carolina
0.583632414,Commercial,AEO2026 CDM weighted average across bldg types,2032,Heating,North Carolina
0.583632414,Commercial,AEO2026 CDM weighted average across bldg types,2032,Heating,Maryland
0.583632414,Commercial,AEO2026 CDM weighted average across bldg types,2032,Heating,Delaware
0.583632414,Commercial,AEO2026 CDM weighted average across bldg types,2032,Heating,District of Columbia
0.583632414,Commercial,AEO2026 CDM weighted average across bldg types,2032,Heating,Florida
0.583632414,Commercial,AEO2026 CDM weighted average across bldg types,2032,Heating,Georgia
0.575798155,Commercial,AEO2026 CDM weighted average across bldg types,2033,Heating,West Virginia
0.575798155,Commercial,AEO2026 CDM weighted average across bldg types,2033,Heating,Virginia
0.575798155,Commercial,AEO2026 CDM weighted average across bldg types,2033,Heating,South Carolina
0.575798155,Commercial,AEO2026 CDM weighted average across bldg types,2033,Heating,North Carolina
0.575798155,Commercial,AEO2026 CDM weighted average across bldg types,2033,Heating,Maryland
0.575798155,Commercial,AEO2026 CDM weighted average across bldg types,2033,Heating,Delaware
0.575798155,Commercial,AEO2026 CDM weighted average across bldg types,2033,Heating,District of Columbia
0.575798155,Commercial,AEO2026 CDM weighted average across bldg types,2033,Heating,Florida
0.575798155,Commercial,AEO2026 CDM weighted average across bldg types,2033,Heating,Georgia
0.568084465,Commercial,AEO2026 CDM weighted average across bldg types,2034,Heating,West Virginia
0.568084465,Commercial,AEO2026 CDM weighted average across bldg types,2034,Heating,Virginia
0.568084465,Commercial,AEO2026 CDM weighted average across bldg types,2034,Heating,South Carolina
0.568084465,Commercial,AEO2026 CDM weighted average across bldg types,2034,Heating,North Carolina
0.568084465,Commercial,AEO2026 CDM weighted average across bldg types,2034,Heating,Maryland
0.568084465,Commercial,AEO2026 CDM weighted average across bldg types,2034,Heating,Delaware
0.568084465,Commercial,AEO2026 CDM weighted average across bldg types,2034,Heating,District of Columbia
0.568084465,Commercial,AEO2026 CDM weighted average across bldg types,2034,Heating,Florida
0.568084465,Commercial,AEO2026 CDM weighted average across bldg types,2034,Heating,Georgia
0.560489288,Commercial,AEO2026 CDM weighted average across bldg types,2035,Heating,West Virginia
0.560489288,Commercial,AEO2026 CDM weighted average across bldg types,2035,Heating,Virginia
0.560489288,Commercial,AEO2026 CDM weighted average across bldg types,2035,Heating,South Carolina
0.560489288,Commercial,AEO2026 CDM weighted average across bldg types,2035,Heating,North Carolina
0.560489288,Commercial,AEO2026 CDM weighted average across bldg types,2035,Heating,Maryland
0.560489288,Commercial,AEO2026 CDM weighted average across bldg types,2035,Heating,Delaware
0.560489288,Commercial,AEO2026 CDM weighted average across bldg types,2035,Heating,District of Columbia
0.560489288,Commercial,AEO2026 CDM weighted average across bldg types,2035,Heating,Florida
0.560489288,Commercial,AEO2026 CDM weighted average across bldg types,2035,Heating,Georgia
0.553011388,Commercial,AEO2026 CDM weighted average across bldg types,2036,Heating,West Virginia
0.553011388,Commercial,AEO2026 CDM weighted average across bldg types,2036,Heating,Virginia
0.553011388,Commercial,AEO2026 CDM weighted average across bldg types,2036,Heating,South Carolina
0.553011388,Commercial,AEO2026 CDM weighted average across bldg types,2036,Heating,North Carolina
0.553011388,Commercial,AEO2026 CDM weighted average across bldg types,2036,Heating,Maryland
0.553011388,Commercial,AEO2026 CDM weighted average across bldg types,2036,Heating,Delaware
0.553011388,Commercial,AEO2026 CDM weighted average across bldg types,2036,Heating,District of Columbia
0.553011388,Commercial,AEO2026 CDM weighted average across bldg types,2036,Heating,Florida
0.553011388,Commercial,AEO2026 CDM weighted average across bldg types,2036,Heating,Georgia
0.545648046,Commercial,AEO2026 CDM weighted average across bldg types,2037,Heating,West Virginia
0.545648046,Commercial,AEO2026 CDM weighted average across bldg types,2037,Heating,Virginia
0.545648046,Commercial,AEO2026 CDM weighted average across bldg types,2037,Heating,South Carolina
0.545648046,Commercial,AEO2026 CDM weighted average across bldg types,2037,Heating,North Carolina
0.545648046,Commercial,AEO2026 CDM weighted average across bldg types,2037,Heating,Maryland
0.545648046,Commercial,AEO2026 CDM weighted average across bldg types,2037,Heating,Delaware
0.545648046,Commercial,AEO2026 CDM weighted average across bldg types,2037,Heating,District of Columbia
0.545648046,Commercial,AEO2026 CDM weighted average across bldg types,2037,Heating,Florida
0.545648046,Commercial,AEO2026 CDM weighted average across bldg types,2037,Heating,Georgia
0.538397572,Commercial,AEO2026 CDM weighted average across bldg types,2038,Heating,West Virginia
0.538397572,Commercial,AEO2026 CDM weighted average across bldg types,2038,Heating,Virginia
0.538397572,Commercial,AEO2026 CDM weighted average across bldg types,2038,Heating,South Carolina
0.538397572,Commercial,AEO2026 CDM weighted average across bldg types,2038,Heating,North Carolina
0.538397572,Commercial,AEO2026 CDM weighted average across bldg types,2038,Heating,Maryland
0.538397572,Commercial,AEO2026 CDM weighted average across bldg types,2038,Heating,Delaware
0.538397572,Commercial,AEO2026 CDM weighted average across bldg types,2038,Heating,District of Columbia
0.538397572,Commercial,AEO2026 CDM weighted average across bldg types,2038,Heating,Florida
0.538397572,Commercial,AEO2026 CDM weighted average across bldg types,2038,Heating,Georgia
0.531257881,Commercial,AEO2026 CDM weighted average across bldg types,2039,Heating,West Virginia
0.531257881,Commercial,AEO2026 CDM weighted average across bldg types,2039,Heating,Virginia
0.531257881,Commercial,AEO2026 CDM weighted average across bldg types,2039,Heating,South Carolina
0.531257881,Commercial,AEO2026 CDM weighted average across bldg types,2039,Heating,North Carolina
0.531257881,Commercial,AEO2026 CDM weighted average across bldg types,2039,Heating,Maryland
0.531257881,Commercial,AEO2026 CDM weighted average across bldg types,2039,Heating,Delaware
0.531257881,Commercial,AEO2026 CDM weighted average across bldg types,2039,Heating,District of Columbia
0.531257881,Commercial,AEO2026 CDM weighted average across bldg types,2039,Heating,Florida
0.531257881,Commercial,AEO2026 CDM weighted average across bldg types,2039,Heating,Georgia
0.524227606,Commercial,AEO2026 CDM weighted average across bldg types,2040,Heating,West Virginia
0.524227606,Commercial,AEO2026 CDM weighted average across bldg types,2040,Heating,Virginia
0.524227606,Commercial,AEO2026 CDM weighted average across bldg types,2040,Heating,South Carolina
0.524227606,Commercial,AEO2026 CDM weighted average across bldg types,2040,Heating,North Carolina
0.524227606,Commercial,AEO2026 CDM weighted average across bldg types,2040,Heating,Maryland
0.524227606,Commercial,AEO2026 CDM weighted average across bldg types,2040,Heating,Delaware
0.524227606,Commercial,AEO2026 CDM weighted average across bldg types,2040,Heating,District of Columbia
0.524227606,Commercial,AEO2026 CDM weighted average across bldg types,2040,Heating,Florida
0.524227606,Commercial,AEO2026 CDM weighted average across bldg types,2040,Heating,Georgia
0.516168800,Commercial,AEO2026 CDM weighted average across bldg types,2041,Heating,West Virginia
0.516168800,Commercial,AEO2026 CDM weighted average across bldg types,2041,Heating,Virginia
0.516168800,Commercial,AEO2026 CDM weighted average across bldg types,2041,Heating,South Carolina
0.516168800,Commercial,AEO2026 CDM weighted average across bldg types,2041,Heating,North Carolina
0.516168800,Commercial,AEO2026 CDM weighted average across bldg types,2041,Heating,Maryland
0.516168800,Commercial,AEO2026 CDM weighted average across bldg types,2041,Heating,Delaware
0.516168800,Commercial,AEO2026 CDM weighted average across bldg types,2041,Heating,District of Columbia
0.516168800,Commercial,AEO2026 CDM weighted average across bldg types,2041,Heating,Florida
0.516168800,Commercial,AEO2026 CDM weighted average across bldg types,2041,Heating,Georgia
0.508256410,Commercial,AEO2026 CDM weighted average across bldg types,2042,Heating,West Virginia
0.508256410,Commercial,AEO2026 CDM weighted average across bldg types,2042,Heating,Virginia
0.508256410,Commercial,AEO2026 CDM weighted average across bldg types,2042,Heating,South Carolina
0.508256410,Commercial,AEO2026 CDM weighted average across bldg types,2042,Heating,North Carolina
0.508256410,Commercial,AEO2026 CDM weighted average across bldg types,2042,Heating,Maryland
0.508256410,Commercial,AEO2026 CDM weighted average across bldg types,2042,Heating,Delaware
0.508256410,Commercial,AEO2026 CDM weighted average across bldg types,2042,Heating,District of Columbia
0.508256410,Commercial,AEO2026 CDM weighted average across bldg types,2042,Heating,Florida
0.508256410,Commercial,AEO2026 CDM weighted average across bldg types,2042,Heating,Georgia
0.500487803,Commercial,AEO2026 CDM weighted average across bldg types,2043,Heating,West Virginia
0.500487803,Commercial,AEO2026 CDM weighted average across bldg types,2043,Heating,Virginia
0.500487803,Commercial,AEO2026 CDM weighted average across bldg types,2043,Heating,South Carolina
0.500487803,Commercial,AEO2026 CDM weighted average across bldg types,2043,Heating,North Carolina
0.500487803,Commercial,AEO2026 CDM weighted average across bldg types,2043,Heating,Maryland
0.500487803,Commercial,AEO2026 CDM weighted average across bldg types,2043,Heating,Delaware
0.500487803,Commercial,AEO2026 CDM weighted average across bldg types,2043,Heating,District of Columbia
0.500487803,Commercial,AEO2026 CDM weighted average across bldg types,2043,Heating,Florida
0.500487803,Commercial,AEO2026 CDM weighted average across bldg types,2043,Heating,Georgia
0.492860143,Commercial,AEO2026 CDM weighted average across bldg types,2044,Heating,West Virginia
0.492860143,Commercial,AEO2026 CDM weighted average across bldg types,2044,Heating,Virginia
0.492860143,Commercial,AEO2026 CDM weighted average across bldg types,2044,Heating,South Carolina
0.492860143,Commercial,AEO2026 CDM weighted average across bldg types,2044,Heating,North Carolina
0.492860143,Commercial,AEO2026 CDM weighted average across bldg types,2044,Heating,Maryland
0.492860143,Commercial,AEO2026 CDM weighted average across bldg types,2044,Heating,Delaware
0.492860143,Commercial,AEO2026 CDM weighted average across bldg types,2044,Heating,District of Columbia
0.492860143,Commercial,AEO2026 CDM weighted average across bldg types,2044,Heating,Florida
0.492860143,Commercial,AEO2026 CDM weighted average across bldg types,2044,Heating,Georgia
0.485370294,Commercial,AEO2026 CDM weighted average across bldg types,2045,Heating,West Virginia
0.485370294,Commercial,AEO2026 CDM weighted average across bldg types,2045,Heating,Virginia
0.485370294,Commercial,AEO2026 CDM weighted average across bldg types,2045,Heating,South Carolina
0.485370294,Commercial,AEO2026 CDM weighted average across bldg types,2045,Heating,North Carolina
0.485370294,Commercial,AEO2026 CDM weighted average across bldg types,2045,Heating,Maryland
0.485370294,Commercial,AEO2026 CDM weighted average across bldg types,2045,Heating,Delaware
0.485370294,Commercial,AEO2026 CDM weighted average across bldg types,2045,Heating,District of Columbia
0.485370294,Commercial,AEO2026 CDM weighted average across bldg types,2045,Heating,Florida
0.485370294,Commercial,AEO2026 CDM weighted average across bldg types,2045,Heating,Georgia
0.478015836,Commercial,AEO2026 CDM weighted average across bldg types,2046,Heating,West Virginia
0.478015836,Commercial,AEO2026 CDM weighted average across bldg types,2046,Heating,Virginia
0.478015836,Commercial,AEO2026 CDM weighted average across bldg types,2046,Heating,South Carolina
0.478015836,Commercial,AEO2026 CDM weighted average across bldg types,2046,Heating,North Carolina
0.478015836,Commercial,AEO2026 CDM weighted average across bldg types,2046,Heating,Maryland
0.478015836,Commercial,AEO2026 CDM weighted average across bldg types,2046,Heating,Delaware
0.478015836,Commercial,AEO2026 CDM weighted average across bldg types,2046,Heating,District of Columbia
0.478015836,Commercial,AEO2026 CDM weighted average across bldg types,2046,Heating,Florida
0.478015836,Commercial,AEO2026 CDM weighted average across bldg types,2046,Heating,Georgia
0.470793962,Commercial,AEO2026 CDM weighted average across bldg types,2047,Heating,West Virginia
0.470793962,Commercial,AEO2026 CDM weighted average across bldg types,2047,Heating,Virginia
0.470793962,Commercial,AEO2026 CDM weighted average across bldg types,2047,Heating,South Carolina
0.470793962,Commercial,AEO2026 CDM weighted average across bldg types,2047,Heating,North Carolina
0.470793962,Commercial,AEO2026 CDM weighted average across bldg types,2047,Heating,Maryland
0.470793962,Commercial,AEO2026 CDM weighted average across bldg types,2047,Heating,Delaware
0.470793962,Commercial,AEO2026 CDM weighted average across bldg types,2047,Heating,District of Columbia
0.470793962,Commercial,AEO2026 CDM weighted average across bldg types,2047,Heating,Florida
0.470793962,Commercial,AEO2026 CDM weighted average across bldg types,2047,Heating,Georgia
0.463701949,Commercial,AEO2026 CDM weighted average across bldg types,2048,Heating,West Virginia
0.463701949,Commercial,AEO2026 CDM weighted average across bldg types,2048,Heating,Virginia
0.463701949,Commercial,AEO2026 CDM weighted average across bldg types,2048,Heating,South Carolina
0.463701949,Commercial,AEO2026 CDM weighted average across bldg types,2048,Heating,North Carolina
0.463701949,Commercial,AEO2026 CDM weighted average across bldg types,2048,Heating,Maryland
0.463701949,Commercial,AEO2026 CDM weighted average across bldg types,2048,Heating,Delaware
0.463701949,Commercial,AEO2026 CDM weighted average across bldg types,2048,Heating,District of Columbia
0.463701949,Commercial,AEO2026 CDM weighted average across bldg types,2048,Heating,Florida
0.463701949,Commercial,AEO2026 CDM weighted average across bldg types,2048,Heating,Georgia
0.456737351,Commercial,AEO2026 CDM weighted average across bldg types,2049,Heating,West Virginia
0.456737351,Commercial,AEO2026 CDM weighted average across bldg types,2049,Heating,Virginia
0.456737351,Commercial,AEO2026 CDM weighted average across bldg types,2049,Heating,South Carolina
0.456737351,Commercial,AEO2026 CDM weighted average across bldg types,2049,Heating,North Carolina
0.456737351,Commercial,AEO2026 CDM weighted average across bldg types,2049,Heating,Maryland
0.456737351,Commercial,AEO2026 CDM weighted average across bldg types,2049,Heating,Delaware
0.456737351,Commercial,AEO2026 CDM weighted average across bldg types,2049,Heating,District of Columbia
0.456737351,Commercial,AEO2026 CDM weighted average across bldg types,2049,Heating,Florida
0.456737351,Commercial,AEO2026 CDM weighted average across bldg types,2049,Heating,Georgia
0.449897558,Commercial,AEO2026 CDM weighted average across bldg types,2050,Heating,West Virginia
0.449897558,Commercial,AEO2026 CDM weighted average across bldg types,2050,Heating,Virginia
0.449897558,Commercial,AEO2026 CDM weighted average across bldg types,2050,Heating,South Carolina
0.449897558,Commercial,AEO2026 CDM weighted average across bldg types,2050,Heating,North Carolina
0.449897558,Commercial,AEO2026 CDM weighted average across bldg types,2050,Heating,Maryland
0.449897558,Commercial,AEO2026 CDM weighted average across bldg types,2050,Heating,Delaware
0.449897558,Commercial,AEO2026 CDM weighted average across bldg types,2050,Heating,District of Columbia
0.449897558,Commercial,AEO2026 CDM weighted average across bldg types,2050,Heating,Florida
0.449897558,Commercial,AEO2026 CDM weighted average across bldg types,2050,Heating,Georgia
0.698600048,Commercial,AEO2026 CDM weighted average across bldg types,2019,Heating,Tennessee
0.698600048,Commercial,AEO2026 CDM weighted average across bldg types,2019,Heating,Mississippi
0.698600048,Commercial,AEO2026 CDM weighted average across bldg types,2019,Heating,Kentucky
0.698600048,Commercial,AEO2026 CDM weighted average across bldg types,2019,Heating,Alabama
0.691358500,Commercial,AEO2026 CDM weighted average across bldg types,2020,Heating,Tennessee
0.691358500,Commercial,AEO2026 CDM weighted average across bldg types,2020,Heating,Mississippi
0.691358500,Commercial,AEO2026 CDM weighted average across bldg types,2020,Heating,Kentucky
0.691358500,Commercial,AEO2026 CDM weighted average across bldg types,2020,Heating,Alabama
0.683681747,Commercial,AEO2026 CDM weighted average across bldg types,2021,Heating,Tennessee
0.683681747,Commercial,AEO2026 CDM weighted average across bldg types,2021,Heating,Mississippi
0.683681747,Commercial,AEO2026 CDM weighted average across bldg types,2021,Heating,Kentucky
0.683681747,Commercial,AEO2026 CDM weighted average across bldg types,2021,Heating,Alabama
0.676103969,Commercial,AEO2026 CDM weighted average across bldg types,2022,Heating,Tennessee
0.676103969,Commercial,AEO2026 CDM weighted average across bldg types,2022,Heating,Mississippi
0.676103969,Commercial,AEO2026 CDM weighted average across bldg types,2022,Heating,Kentucky
0.676103969,Commercial,AEO2026 CDM weighted average across bldg types,2022,Heating,Alabama
0.668623412,Commercial,AEO2026 CDM weighted average across bldg types,2023,Heating,Tennessee
0.668623412,Commercial,AEO2026 CDM weighted average across bldg types,2023,Heating,Mississippi
0.668623412,Commercial,AEO2026 CDM weighted average across bldg types,2023,Heating,Kentucky
0.668623412,Commercial,AEO2026 CDM weighted average across bldg types,2023,Heating,Alabama
0.661238499,Commercial,AEO2026 CDM weighted average across bldg types,2024,Heating,Tennessee
0.661238499,Commercial,AEO2026 CDM weighted average across bldg types,2024,Heating,Mississippi
0.661238499,Commercial,AEO2026 CDM weighted average across bldg types,2024,Heating,Kentucky
0.661238499,Commercial,AEO2026 CDM weighted average across bldg types,2024,Heating,Alabama
0.653948283,Commercial,AEO2026 CDM weighted average across bldg types,2025,Heating,Tennessee
0.653948283,Commercial,AEO2026 CDM weighted average across bldg types,2025,Heating,Mississippi
0.653948283,Commercial,AEO2026 CDM weighted average across bldg types,2025,Heating,Kentucky
0.653948283,Commercial,AEO2026 CDM weighted average across bldg types,2025,Heating,Alabama
0.646751611,Commercial,AEO2026 CDM weighted average across bldg types,2026,Heating,Tennessee
0.646751611,Commercial,AEO2026 CDM weighted average across bldg types,2026,Heating,Mississippi
0.646751611,Commercial,AEO2026 CDM weighted average across bldg types,2026,Heating,Kentucky
0.646751611,Commercial,AEO2026 CDM weighted average across bldg types,2026,Heating,Alabama
0.639646787,Commercial,AEO2026 CDM weighted average across bldg types,2027,Heating,Tennessee
0.639646787,Commercial,AEO2026 CDM weighted average across bldg types,2027,Heating,Mississippi
0.639646787,Commercial,AEO2026 CDM weighted average across bldg types,2027,Heating,Kentucky
0.639646787,Commercial,AEO2026 CDM weighted average across bldg types,2027,Heating,Alabama
0.632632452,Commercial,AEO2026 CDM weighted average across bldg types,2028,Heating,Tennessee
0.632632452,Commercial,AEO2026 CDM weighted average across bldg types,2028,Heating,Mississippi
0.632632452,Commercial,AEO2026 CDM weighted average across bldg types,2028,Heating,Kentucky
0.632632452,Commercial,AEO2026 CDM weighted average across bldg types,2028,Heating,Alabama
0.625707277,Commercial,AEO2026 CDM weighted average across bldg types,2029,Heating,Tennessee
0.625707277,Commercial,AEO2026 CDM weighted average across bldg types,2029,Heating,Mississippi
0.625707277,Commercial,AEO2026 CDM weighted average across bldg types,2029,Heating,Kentucky
0.625707277,Commercial,AEO2026 CDM weighted average across bldg types,2029,Heating,Alabama
0.618870311,Commercial,AEO2026 CDM weighted average across bldg types,2030,Heating,Tennessee
0.618870311,Commercial,AEO2026 CDM weighted average across bldg types,2030,Heating,Mississippi
0.618870311,Commercial,AEO2026 CDM weighted average across bldg types,2030,Heating,Kentucky
0.618870311,Commercial,AEO2026 CDM weighted average across bldg types,2030,Heating,Alabama
0.611188530,Commercial,AEO2026 CDM weighted average across bldg types,2031,Heating,Tennessee
0.611188530,Commercial,AEO2026 CDM weighted average across bldg types,2031,Heating,Mississippi
0.611188530,Commercial,AEO2026 CDM weighted average across bldg types,2031,Heating,Kentucky
0.611188530,Commercial,AEO2026 CDM weighted average across bldg types,2031,Heating,Alabama
0.603621980,Commercial,AEO2026 CDM weighted average across bldg types,2032,Heating,Tennessee
0.603621980,Commercial,AEO2026 CDM weighted average across bldg types,2032,Heating,Mississippi
0.603621980,Commercial,AEO2026 CDM weighted average across bldg types,2032,Heating,Kentucky
0.603621980,Commercial,AEO2026 CDM weighted average across bldg types,2032,Heating,Alabama
0.596168601,Commercial,AEO2026 CDM weighted average across bldg types,2033,Heating,Tennessee
0.596168601,Commercial,AEO2026 CDM weighted average across bldg types,2033,Heating,Mississippi
0.596168601,Commercial,AEO2026 CDM weighted average across bldg types,2033,Heating,Kentucky
0.596168601,Commercial,AEO2026 CDM weighted average across bldg types,2033,Heating,Alabama
0.588826559,Commercial,AEO2026 CDM weighted average across bldg types,2034,Heating,Tennessee
0.588826559,Commercial,AEO2026 CDM weighted average across bldg types,2034,Heating,Mississippi
0.588826559,Commercial,AEO2026 CDM weighted average across bldg types,2034,Heating,Kentucky
0.588826559,Commercial,AEO2026 CDM weighted average across bldg types,2034,Heating,Alabama
0.581593810,Commercial,AEO2026 CDM weighted average across bldg types,2035,Heating,Tennessee
0.581593810,Commercial,AEO2026 CDM weighted average across bldg types,2035,Heating,Mississippi
0.581593810,Commercial,AEO2026 CDM weighted average across bldg types,2035,Heating,Kentucky
0.581593810,Commercial,AEO2026 CDM weighted average across bldg types,2035,Heating,Alabama
0.574468867,Commercial,AEO2026 CDM weighted average across bldg types,2036,Heating,Tennessee
0.574468867,Commercial,AEO2026 CDM weighted average across bldg types,2036,Heating,Mississippi
0.574468867,Commercial,AEO2026 CDM weighted average across bldg types,2036,Heating,Kentucky
0.574468867,Commercial,AEO2026 CDM weighted average across bldg types,2036,Heating,Alabama
0.567448995,Commercial,AEO2026 CDM weighted average across bldg types,2037,Heating,Tennessee
0.567448995,Commercial,AEO2026 CDM weighted average across bldg types,2037,Heating,Mississippi
0.567448995,Commercial,AEO2026 CDM weighted average across bldg types,2037,Heating,Kentucky
0.567448995,Commercial,AEO2026 CDM weighted average across bldg types,2037,Heating,Alabama
0.560533326,Commercial,AEO2026 CDM weighted average across bldg types,2038,Heating,Tennessee
0.560533326,Commercial,AEO2026 CDM weighted average across bldg types,2038,Heating,Mississippi
0.560533326,Commercial,AEO2026 CDM weighted average across bldg types,2038,Heating,Kentucky
0.560533326,Commercial,AEO2026 CDM weighted average across bldg types,2038,Heating,Alabama
0.553719660,Commercial,AEO2026 CDM weighted average across bldg types,2039,Heating,Tennessee
0.553719660,Commercial,AEO2026 CDM weighted average across bldg types,2039,Heating,Mississippi
0.553719660,Commercial,AEO2026 CDM weighted average across bldg types,2039,Heating,Kentucky
0.553719660,Commercial,AEO2026 CDM weighted average across bldg types,2039,Heating,Alabama
0.547006636,Commercial,AEO2026 CDM weighted average across bldg types,2040,Heating,Tennessee
0.547006636,Commercial,AEO2026 CDM weighted average across bldg types,2040,Heating,Mississippi
0.547006636,Commercial,AEO2026 CDM weighted average across bldg types,2040,Heating,Kentucky
0.547006636,Commercial,AEO2026 CDM weighted average across bldg types,2040,Heating,Alabama
0.539258749,Commercial,AEO2026 CDM weighted average across bldg types,2041,Heating,Tennessee
0.539258749,Commercial,AEO2026 CDM weighted average across bldg types,2041,Heating,Mississippi
0.539258749,Commercial,AEO2026 CDM weighted average across bldg types,2041,Heating,Kentucky
0.539258749,Commercial,AEO2026 CDM weighted average across bldg types,2041,Heating,Alabama
0.531651995,Commercial,AEO2026 CDM weighted average across bldg types,2042,Heating,Tennessee
0.531651995,Commercial,AEO2026 CDM weighted average across bldg types,2042,Heating,Mississippi
0.531651995,Commercial,AEO2026 CDM weighted average across bldg types,2042,Heating,Kentucky
0.531651995,Commercial,AEO2026 CDM weighted average across bldg types,2042,Heating,Alabama
0.524182654,Commercial,AEO2026 CDM weighted average across bldg types,2043,Heating,Tennessee
0.524182654,Commercial,AEO2026 CDM weighted average across bldg types,2043,Heating,Mississippi
0.524182654,Commercial,AEO2026 CDM weighted average across bldg types,2043,Heating,Kentucky
0.524182654,Commercial,AEO2026 CDM weighted average across bldg types,2043,Heating,Alabama
0.516848195,Commercial,AEO2026 CDM weighted average across bldg types,2044,Heating,Tennessee
0.516848195,Commercial,AEO2026 CDM weighted average across bldg types,2044,Heating,Mississippi
0.516848195,Commercial,AEO2026 CDM weighted average across bldg types,2044,Heating,Kentucky
0.516848195,Commercial,AEO2026 CDM weighted average across bldg types,2044,Heating,Alabama
0.509645487,Commercial,AEO2026 CDM weighted average across bldg types,2045,Heating,Tennessee
0.509645487,Commercial,AEO2026 CDM weighted average across bldg types,2045,Heating,Mississippi
0.509645487,Commercial,AEO2026 CDM weighted average across bldg types,2045,Heating,Kentucky
0.509645487,Commercial,AEO2026 CDM weighted average across bldg types,2045,Heating,Alabama
0.502571897,Commercial,AEO2026 CDM weighted average across bldg types,2046,Heating,Tennessee
0.502571897,Commercial,AEO2026 CDM weighted average across bldg types,2046,Heating,Mississippi
0.502571897,Commercial,AEO2026 CDM weighted average across bldg types,2046,Heating,Kentucky
0.502571897,Commercial,AEO2026 CDM weighted average across bldg types,2046,Heating,Alabama
0.495624501,Commercial,AEO2026 CDM weighted average across bldg types,2047,Heating,Tennessee
0.495624501,Commercial,AEO2026 CDM weighted average across bldg types,2047,Heating,Mississippi
0.495624501,Commercial,AEO2026 CDM weighted average across bldg types,2047,Heating,Kentucky
0.495624501,Commercial,AEO2026 CDM weighted average across bldg types,2047,Heating,Alabama
0.488800998,Commercial,AEO2026 CDM weighted average across bldg types,2048,Heating,Tennessee
0.488800998,Commercial,AEO2026 CDM weighted average across bldg types,2048,Heating,Mississippi
0.488800998,Commercial,AEO2026 CDM weighted average across bldg types,2048,Heating,Kentucky
0.488800998,Commercial,AEO2026 CDM weighted average across bldg types,2048,Heating,Alabama
0.482097908,Commercial,AEO2026 CDM weighted average across bldg types,2049,Heating,Tennessee
0.482097908,Commercial,AEO2026 CDM weighted average across bldg types,2049,Heating,Mississippi
0.482097908,Commercial,AEO2026 CDM weighted average across bldg types,2049,Heating,Kentucky
0.482097908,Commercial,AEO2026 CDM weighted average across bldg types,2049,Heating,Alabama
0.475513543,Commercial,AEO2026 CDM weighted average across bldg types,2050,Heating,Tennessee
0.475513543,Commercial,AEO2026 CDM weighted average across bldg types,2050,Heating,Mississippi
0.475513543,Commercial,AEO2026 CDM weighted average across bldg types,2050,Heating,Kentucky
0.475513543,Commercial,AEO2026 CDM weighted average across bldg types,2050,Heating,Alabama
0.616663513,Commercial,AEO2026 CDM weighted average across bldg types,2019,Heating,Texas
0.616663513,Commercial,AEO2026 CDM weighted average across bldg types,2019,Heating,Oklahoma
0.616663513,Commercial,AEO2026 CDM weighted average across bldg types,2019,Heating,Louisiana
0.616663513,Commercial,AEO2026 CDM weighted average across bldg types,2019,Heating,Arkansas
0.609481320,Commercial,AEO2026 CDM weighted average across bldg types,2020,Heating,Texas
0.609481320,Commercial,AEO2026 CDM weighted average across bldg types,2020,Heating,Oklahoma
0.609481320,Commercial,AEO2026 CDM weighted average across bldg types,2020,Heating,Louisiana
0.609481320,Commercial,AEO2026 CDM weighted average across bldg types,2020,Heating,Arkansas
0.601727701,Commercial,AEO2026 CDM weighted average across bldg types,2021,Heating,Texas
0.601727701,Commercial,AEO2026 CDM weighted average across bldg types,2021,Heating,Oklahoma
0.601727701,Commercial,AEO2026 CDM weighted average across bldg types,2021,Heating,Louisiana
0.601727701,Commercial,AEO2026 CDM weighted average across bldg types,2021,Heating,Arkansas
0.594105358,Commercial,AEO2026 CDM weighted average across bldg types,2022,Heating,Texas
0.594105358,Commercial,AEO2026 CDM weighted average across bldg types,2022,Heating,Oklahoma
0.594105358,Commercial,AEO2026 CDM weighted average across bldg types,2022,Heating,Louisiana
0.594105358,Commercial,AEO2026 CDM weighted average across bldg types,2022,Heating,Arkansas
0.586612033,Commercial,AEO2026 CDM weighted average across bldg types,2023,Heating,Texas
0.586612033,Commercial,AEO2026 CDM weighted average across bldg types,2023,Heating,Oklahoma
0.586612033,Commercial,AEO2026 CDM weighted average across bldg types,2023,Heating,Louisiana
0.586612033,Commercial,AEO2026 CDM weighted average across bldg types,2023,Heating,Arkansas
0.579245481,Commercial,AEO2026 CDM weighted average across bldg types,2024,Heating,Texas
0.579245481,Commercial,AEO2026 CDM weighted average across bldg types,2024,Heating,Oklahoma
0.579245481,Commercial,AEO2026 CDM weighted average across bldg types,2024,Heating,Louisiana
0.579245481,Commercial,AEO2026 CDM weighted average across bldg types,2024,Heating,Arkansas
0.572003494,Commercial,AEO2026 CDM weighted average across bldg types,2025,Heating,Texas
0.572003494,Commercial,AEO2026 CDM weighted average across bldg types,2025,Heating,Oklahoma
0.572003494,Commercial,AEO2026 CDM weighted average across bldg types,2025,Heating,Louisiana
0.572003494,Commercial,AEO2026 CDM weighted average across bldg types,2025,Heating,Arkansas
0.564883990,Commercial,AEO2026 CDM weighted average across bldg types,2026,Heating,Texas
0.564883990,Commercial,AEO2026 CDM weighted average across bldg types,2026,Heating,Oklahoma
0.564883990,Commercial,AEO2026 CDM weighted average across bldg types,2026,Heating,Louisiana
0.564883990,Commercial,AEO2026 CDM weighted average across bldg types,2026,Heating,Arkansas
0.557884678,Commercial,AEO2026 CDM weighted average across bldg types,2027,Heating,Texas
0.557884678,Commercial,AEO2026 CDM weighted average across bldg types,2027,Heating,Oklahoma
0.557884678,Commercial,AEO2026 CDM weighted average across bldg types,2027,Heating,Louisiana
0.557884678,Commercial,AEO2026 CDM weighted average across bldg types,2027,Heating,Arkansas
0.551003341,Commercial,AEO2026 CDM weighted average across bldg types,2028,Heating,Texas
0.551003341,Commercial,AEO2026 CDM weighted average across bldg types,2028,Heating,Oklahoma
0.551003341,Commercial,AEO2026 CDM weighted average across bldg types,2028,Heating,Louisiana
0.551003341,Commercial,AEO2026 CDM weighted average across bldg types,2028,Heating,Arkansas
0.544238274,Commercial,AEO2026 CDM weighted average across bldg types,2029,Heating,Texas
0.544238274,Commercial,AEO2026 CDM weighted average across bldg types,2029,Heating,Oklahoma
0.544238274,Commercial,AEO2026 CDM weighted average across bldg types,2029,Heating,Louisiana
0.544238274,Commercial,AEO2026 CDM weighted average across bldg types,2029,Heating,Arkansas
0.537587456,Commercial,AEO2026 CDM weighted average across bldg types,2030,Heating,Texas
0.537587456,Commercial,AEO2026 CDM weighted average across bldg types,2030,Heating,Oklahoma
0.537587456,Commercial,AEO2026 CDM weighted average across bldg types,2030,Heating,Louisiana
0.537587456,Commercial,AEO2026 CDM weighted average across bldg types,2030,Heating,Arkansas
0.529789105,Commercial,AEO2026 CDM weighted average across bldg types,2031,Heating,Texas
0.529789105,Commercial,AEO2026 CDM weighted average across bldg types,2031,Heating,Oklahoma
0.529789105,Commercial,AEO2026 CDM weighted average across bldg types,2031,Heating,Louisiana
0.529789105,Commercial,AEO2026 CDM weighted average across bldg types,2031,Heating,Arkansas
0.522150381,Commercial,AEO2026 CDM weighted average across bldg types,2032,Heating,Texas
0.522150381,Commercial,AEO2026 CDM weighted average across bldg types,2032,Heating,Oklahoma
0.522150381,Commercial,AEO2026 CDM weighted average across bldg types,2032,Heating,Louisiana
0.522150381,Commercial,AEO2026 CDM weighted average across bldg types,2032,Heating,Arkansas
0.514668100,Commercial,AEO2026 CDM weighted average across bldg types,2033,Heating,Texas
0.514668100,Commercial,AEO2026 CDM weighted average across bldg types,2033,Heating,Oklahoma
0.514668100,Commercial,AEO2026 CDM weighted average across bldg types,2033,Heating,Louisiana
0.514668100,Commercial,AEO2026 CDM weighted average across bldg types,2033,Heating,Arkansas
0.507338739,Commercial,AEO2026 CDM weighted average across bldg types,2034,Heating,Texas
0.507338739,Commercial,AEO2026 CDM weighted average across bldg types,2034,Heating,Oklahoma
0.507338739,Commercial,AEO2026 CDM weighted average across bldg types,2034,Heating,Louisiana
0.507338739,Commercial,AEO2026 CDM weighted average across bldg types,2034,Heating,Arkansas
0.500159093,Commercial,AEO2026 CDM weighted average across bldg types,2035,Heating,Texas
0.500159093,Commercial,AEO2026 CDM weighted average across bldg types,2035,Heating,Oklahoma
0.500159093,Commercial,AEO2026 CDM weighted average across bldg types,2035,Heating,Louisiana
0.500159093,Commercial,AEO2026 CDM weighted average across bldg types,2035,Heating,Arkansas
0.493125764,Commercial,AEO2026 CDM weighted average across bldg types,2036,Heating,Texas
0.493125764,Commercial,AEO2026 CDM weighted average across bldg types,2036,Heating,Oklahoma
0.493125764,Commercial,AEO2026 CDM weighted average across bldg types,2036,Heating,Louisiana
0.493125764,Commercial,AEO2026 CDM weighted average across bldg types,2036,Heating,Arkansas
0.486236404,Commercial,AEO2026 CDM weighted average across bldg types,2037,Heating,Texas
0.486236404,Commercial,AEO2026 CDM weighted average across bldg types,2037,Heating,Oklahoma
0.486236404,Commercial,AEO2026 CDM weighted average across bldg types,2037,Heating,Louisiana
0.486236404,Commercial,AEO2026 CDM weighted average across bldg types,2037,Heating,Arkansas
0.479486954,Commercial,AEO2026 CDM weighted average across bldg types,2038,Heating,Texas
0.479486954,Commercial,AEO2026 CDM weighted average across bldg types,2038,Heating,Oklahoma
0.479486954,Commercial,AEO2026 CDM weighted average across bldg types,2038,Heating,Louisiana
0.479486954,Commercial,AEO2026 CDM weighted average across bldg types,2038,Heating,Arkansas
0.472874759,Commercial,AEO2026 CDM weighted average across bldg types,2039,Heating,Texas
0.472874759,Commercial,AEO2026 CDM weighted average across bldg types,2039,Heating,Oklahoma
0.472874759,Commercial,AEO2026 CDM weighted average across bldg types,2039,Heating,Louisiana
0.472874759,Commercial,AEO2026 CDM weighted average across bldg types,2039,Heating,Arkansas
0.466397298,Commercial,AEO2026 CDM weighted average across bldg types,2040,Heating,Texas
0.466397298,Commercial,AEO2026 CDM weighted average across bldg types,2040,Heating,Oklahoma
0.466397298,Commercial,AEO2026 CDM weighted average across bldg types,2040,Heating,Louisiana
0.466397298,Commercial,AEO2026 CDM weighted average across bldg types,2040,Heating,Arkansas
0.458444837,Commercial,AEO2026 CDM weighted average across bldg types,2041,Heating,Texas
0.458444837,Commercial,AEO2026 CDM weighted average across bldg types,2041,Heating,Oklahoma
0.458444837,Commercial,AEO2026 CDM weighted average across bldg types,2041,Heating,Louisiana
0.458444837,Commercial,AEO2026 CDM weighted average across bldg types,2041,Heating,Arkansas
0.450701234,Commercial,AEO2026 CDM weighted average across bldg types,2042,Heating,Texas
0.450701234,Commercial,AEO2026 CDM weighted average across bldg types,2042,Heating,Oklahoma
0.450701234,Commercial,AEO2026 CDM weighted average across bldg types,2042,Heating,Louisiana
0.450701234,Commercial,AEO2026 CDM weighted average across bldg types,2042,Heating,Arkansas
0.443159811,Commercial,AEO2026 CDM weighted average across bldg types,2043,Heating,Texas
0.443159811,Commercial,AEO2026 CDM weighted average across bldg types,2043,Heating,Oklahoma
0.443159811,Commercial,AEO2026 CDM weighted average across bldg types,2043,Heating,Louisiana
0.443159811,Commercial,AEO2026 CDM weighted average across bldg types,2043,Heating,Arkansas
0.435815119,Commercial,AEO2026 CDM weighted average across bldg types,2044,Heating,Texas
0.435815119,Commercial,AEO2026 CDM weighted average across bldg types,2044,Heating,Oklahoma
0.435815119,Commercial,AEO2026 CDM weighted average across bldg types,2044,Heating,Louisiana
0.435815119,Commercial,AEO2026 CDM weighted average across bldg types,2044,Heating,Arkansas
0.428661654,Commercial,AEO2026 CDM weighted average across bldg types,2045,Heating,Texas
0.428661654,Commercial,AEO2026 CDM weighted average across bldg types,2045,Heating,Oklahoma
0.428661654,Commercial,AEO2026 CDM weighted average across bldg types,2045,Heating,Louisiana
0.428661654,Commercial,AEO2026 CDM weighted average across bldg types,2045,Heating,Arkansas
0.421694007,Commercial,AEO2026 CDM weighted average across bldg types,2046,Heating,Texas
0.421694007,Commercial,AEO2026 CDM weighted average across bldg types,2046,Heating,Oklahoma
0.421694007,Commercial,AEO2026 CDM weighted average across bldg types,2046,Heating,Louisiana
0.421694007,Commercial,AEO2026 CDM weighted average across bldg types,2046,Heating,Arkansas
0.414906720,Commercial,AEO2026 CDM weighted average across bldg types,2047,Heating,Texas
0.414906720,Commercial,AEO2026 CDM weighted average across bldg types,2047,Heating,Oklahoma
0.414906720,Commercial,AEO2026 CDM weighted average across bldg types,2047,Heating,Louisiana
0.414906720,Commercial,AEO2026 CDM weighted average across bldg types,2047,Heating,Arkansas
0.408295061,Commercial,AEO2026 CDM weighted average across bldg types,2048,Heating,Texas
0.408295061,Commercial,AEO2026 CDM weighted average across bldg types,2048,Heating,Oklahoma
0.408295061,Commercial,AEO2026 CDM weighted average across bldg types,2048,Heating,Louisiana
0.408295061,Commercial,AEO2026 CDM weighted average across bldg types,2048,Heating,Arkansas
0.401853705,Commercial,AEO2026 CDM weighted average across bldg types,2049,Heating,Texas
0.401853705,Commercial,AEO2026 CDM weighted average across bldg types,2049,Heating,Oklahoma
0.401853705,Commercial,AEO2026 CDM weighted average across bldg types,2049,Heating,Louisiana
0.401853705,Commercial,AEO2026 CDM weighted average across bldg types,2049,Heating,Arkansas
0.395578165,Commercial,AEO2026 CDM weighted average across bldg types,2050,Heating,Texas
0.395578165,Commercial,AEO2026 CDM weighted average across bldg types,2050,Heating,Oklahoma
0.395578165,Commercial,AEO2026 CDM weighted average across bldg types,2050,Heating,Louisiana
0.395578165,Commercial,AEO2026 CDM weighted average across bldg types,2050,Heating,Arkansas
0.672152122,Commercial,AEO2026 CDM weighted average across bldg types,2019,Heating,Wyoming
0.672152122,Commercial,AEO2026 CDM weighted average across bldg types,2019,Heating,Utah
0.672152122,Commercial,AEO2026 CDM weighted average across bldg types,2019,Heating,New Mexico
0.672152122,Commercial,AEO2026 CDM weighted average across bldg types,2019,Heating,Nevada
0.672152122,Commercial,AEO2026 CDM weighted average across bldg types,2019,Heating,Montana
0.672152122,Commercial,AEO2026 CDM weighted average across bldg types,2019,Heating,Idaho
0.672152122,Commercial,AEO2026 CDM weighted average across bldg types,2019,Heating,Colorado
0.672152122,Commercial,AEO2026 CDM weighted average across bldg types,2019,Heating,Arizona
0.664211182,Commercial,AEO2026 CDM weighted average across bldg types,2020,Heating,Wyoming
0.664211182,Commercial,AEO2026 CDM weighted average across bldg types,2020,Heating,Utah
0.664211182,Commercial,AEO2026 CDM weighted average across bldg types,2020,Heating,New Mexico
0.664211182,Commercial,AEO2026 CDM weighted average across bldg types,2020,Heating,Nevada
0.664211182,Commercial,AEO2026 CDM weighted average across bldg types,2020,Heating,Montana
0.664211182,Commercial,AEO2026 CDM weighted average across bldg types,2020,Heating,Idaho
0.664211182,Commercial,AEO2026 CDM weighted average across bldg types,2020,Heating,Colorado
0.664211182,Commercial,AEO2026 CDM weighted average across bldg types,2020,Heating,Arizona
0.655808430,Commercial,AEO2026 CDM weighted average across bldg types,2021,Heating,Wyoming
0.655808430,Commercial,AEO2026 CDM weighted average across bldg types,2021,Heating,Utah
0.655808430,Commercial,AEO2026 CDM weighted average across bldg types,2021,Heating,New Mexico
0.655808430,Commercial,AEO2026 CDM weighted average across bldg types,2021,Heating,Nevada
0.655808430,Commercial,AEO2026 CDM weighted average across bldg types,2021,Heating,Montana
0.655808430,Commercial,AEO2026 CDM weighted average across bldg types,2021,Heating,Idaho
0.655808430,Commercial,AEO2026 CDM weighted average across bldg types,2021,Heating,Colorado
0.655808430,Commercial,AEO2026 CDM weighted average across bldg types,2021,Heating,Arizona
0.647516766,Commercial,AEO2026 CDM weighted average across bldg types,2022,Heating,Wyoming
0.647516766,Commercial,AEO2026 CDM weighted average across bldg types,2022,Heating,Utah
0.647516766,Commercial,AEO2026 CDM weighted average across bldg types,2022,Heating,New Mexico
0.647516766,Commercial,AEO2026 CDM weighted average across bldg types,2022,Heating,Nevada
0.647516766,Commercial,AEO2026 CDM weighted average across bldg types,2022,Heating,Montana
0.647516766,Commercial,AEO2026 CDM weighted average across bldg types,2022,Heating,Idaho
0.647516766,Commercial,AEO2026 CDM weighted average across bldg types,2022,Heating,Colorado
0.647516766,Commercial,AEO2026 CDM weighted average across bldg types,2022,Heating,Arizona
0.639335076,Commercial,AEO2026 CDM weighted average across bldg types,2023,Heating,Wyoming
0.639335076,Commercial,AEO2026 CDM weighted average across bldg types,2023,Heating,Utah
0.639335076,Commercial,AEO2026 CDM weighted average across bldg types,2023,Heating,New Mexico
0.639335076,Commercial,AEO2026 CDM weighted average across bldg types,2023,Heating,Nevada
0.639335076,Commercial,AEO2026 CDM weighted average across bldg types,2023,Heating,Montana
0.639335076,Commercial,AEO2026 CDM weighted average across bldg types,2023,Heating,Idaho
0.639335076,Commercial,AEO2026 CDM weighted average across bldg types,2023,Heating,Colorado
0.639335076,Commercial,AEO2026 CDM weighted average across bldg types,2023,Heating,Arizona
0.631260873,Commercial,AEO2026 CDM weighted average across bldg types,2024,Heating,Wyoming
0.631260873,Commercial,AEO2026 CDM weighted average across bldg types,2024,Heating,Utah
0.631260873,Commercial,AEO2026 CDM weighted average across bldg types,2024,Heating,New Mexico
0.631260873,Commercial,AEO2026 CDM weighted average across bldg types,2024,Heating,Nevada
0.631260873,Commercial,AEO2026 CDM weighted average across bldg types,2024,Heating,Montana
0.631260873,Commercial,AEO2026 CDM weighted average across bldg types,2024,Heating,Idaho
0.631260873,Commercial,AEO2026 CDM weighted average across bldg types,2024,Heating,Colorado
0.631260873,Commercial,AEO2026 CDM weighted average across bldg types,2024,Heating,Arizona
0.623293679,Commercial,AEO2026 CDM weighted average across bldg types,2025,Heating,Wyoming
0.623293679,Commercial,AEO2026 CDM weighted average across bldg types,2025,Heating,Utah
0.623293679,Commercial,AEO2026 CDM weighted average across bldg types,2025,Heating,New Mexico
0.623293679,Commercial,AEO2026 CDM weighted average across bldg types,2025,Heating,Nevada
0.623293679,Commercial,AEO2026 CDM weighted average across bldg types,2025,Heating,Montana
0.623293679,Commercial,AEO2026 CDM weighted average across bldg types,2025,Heating,Idaho
0.623293679,Commercial,AEO2026 CDM weighted average across bldg types,2025,Heating,Colorado
0.623293679,Commercial,AEO2026 CDM weighted average across bldg types,2025,Heating,Arizona
0.615431504,Commercial,AEO2026 CDM weighted average across bldg types,2026,Heating,Wyoming
0.615431504,Commercial,AEO2026 CDM weighted average across bldg types,2026,Heating,Utah
0.615431504,Commercial,AEO2026 CDM weighted average across bldg types,2026,Heating,New Mexico
0.615431504,Commercial,AEO2026 CDM weighted average across bldg types,2026,Heating,Nevada
0.615431504,Commercial,AEO2026 CDM weighted average across bldg types,2026,Heating,Montana
0.615431504,Commercial,AEO2026 CDM weighted average across bldg types,2026,Heating,Idaho
0.615431504,Commercial,AEO2026 CDM weighted average across bldg types,2026,Heating,Colorado
0.615431504,Commercial,AEO2026 CDM weighted average across bldg types,2026,Heating,Arizona
0.607673275,Commercial,AEO2026 CDM weighted average across bldg types,2027,Heating,Wyoming
0.607673275,Commercial,AEO2026 CDM weighted average across bldg types,2027,Heating,Utah
0.607673275,Commercial,AEO2026 CDM weighted average across bldg types,2027,Heating,New Mexico
0.607673275,Commercial,AEO2026 CDM weighted average across bldg types,2027,Heating,Nevada
0.607673275,Commercial,AEO2026 CDM weighted average across bldg types,2027,Heating,Montana
0.607673275,Commercial,AEO2026 CDM weighted average across bldg types,2027,Heating,Idaho
0.607673275,Commercial,AEO2026 CDM weighted average across bldg types,2027,Heating,Colorado
0.607673275,Commercial,AEO2026 CDM weighted average across bldg types,2027,Heating,Arizona
0.600017097,Commercial,AEO2026 CDM weighted average across bldg types,2028,Heating,Wyoming
0.600017097,Commercial,AEO2026 CDM weighted average across bldg types,2028,Heating,Utah
0.600017097,Commercial,AEO2026 CDM weighted average across bldg types,2028,Heating,New Mexico
0.600017097,Commercial,AEO2026 CDM weighted average across bldg types,2028,Heating,Nevada
0.600017097,Commercial,AEO2026 CDM weighted average across bldg types,2028,Heating,Montana
0.600017097,Commercial,AEO2026 CDM weighted average across bldg types,2028,Heating,Idaho
0.600017097,Commercial,AEO2026 CDM weighted average across bldg types,2028,Heating,Colorado
0.600017097,Commercial,AEO2026 CDM weighted average across bldg types,2028,Heating,Arizona
0.592461991,Commercial,AEO2026 CDM weighted average across bldg types,2029,Heating,Wyoming
0.592461991,Commercial,AEO2026 CDM weighted average across bldg types,2029,Heating,Utah
0.592461991,Commercial,AEO2026 CDM weighted average across bldg types,2029,Heating,New Mexico
0.592461991,Commercial,AEO2026 CDM weighted average across bldg types,2029,Heating,Nevada
0.592461991,Commercial,AEO2026 CDM weighted average across bldg types,2029,Heating,Montana
0.592461991,Commercial,AEO2026 CDM weighted average across bldg types,2029,Heating,Idaho
0.592461991,Commercial,AEO2026 CDM weighted average across bldg types,2029,Heating,Colorado
0.592461991,Commercial,AEO2026 CDM weighted average across bldg types,2029,Heating,Arizona
0.585006528,Commercial,AEO2026 CDM weighted average across bldg types,2030,Heating,Wyoming
0.585006528,Commercial,AEO2026 CDM weighted average across bldg types,2030,Heating,Utah
0.585006528,Commercial,AEO2026 CDM weighted average across bldg types,2030,Heating,New Mexico
0.585006528,Commercial,AEO2026 CDM weighted average across bldg types,2030,Heating,Nevada
0.585006528,Commercial,AEO2026 CDM weighted average across bldg types,2030,Heating,Montana
0.585006528,Commercial,AEO2026 CDM weighted average across bldg types,2030,Heating,Idaho
0.585006528,Commercial,AEO2026 CDM weighted average across bldg types,2030,Heating,Colorado
0.585006528,Commercial,AEO2026 CDM weighted average across bldg types,2030,Heating,Arizona
0.576603774,Commercial,AEO2026 CDM weighted average across bldg types,2031,Heating,Wyoming
0.576603774,Commercial,AEO2026 CDM weighted average across bldg types,2031,Heating,Utah
0.576603774,Commercial,AEO2026 CDM weighted average across bldg types,2031,Heating,New Mexico
0.576603774,Commercial,AEO2026 CDM weighted average across bldg types,2031,Heating,Nevada
0.576603774,Commercial,AEO2026 CDM weighted average across bldg types,2031,Heating,Montana
0.576603774,Commercial,AEO2026 CDM weighted average across bldg types,2031,Heating,Idaho
0.576603774,Commercial,AEO2026 CDM weighted average across bldg types,2031,Heating,Colorado
0.576603774,Commercial,AEO2026 CDM weighted average across bldg types,2031,Heating,Arizona
0.568329449,Commercial,AEO2026 CDM weighted average across bldg types,2032,Heating,Wyoming
0.568329449,Commercial,AEO2026 CDM weighted average across bldg types,2032,Heating,Utah
0.568329449,Commercial,AEO2026 CDM weighted average across bldg types,2032,Heating,New Mexico
0.568329449,Commercial,AEO2026 CDM weighted average across bldg types,2032,Heating,Nevada
0.568329449,Commercial,AEO2026 CDM weighted average across bldg types,2032,Heating,Montana
0.568329449,Commercial,AEO2026 CDM weighted average across bldg types,2032,Heating,Idaho
0.568329449,Commercial,AEO2026 CDM weighted average across bldg types,2032,Heating,Colorado
0.568329449,Commercial,AEO2026 CDM weighted average across bldg types,2032,Heating,Arizona
0.560181319,Commercial,AEO2026 CDM weighted average across bldg types,2033,Heating,Wyoming
0.560181319,Commercial,AEO2026 CDM weighted average across bldg types,2033,Heating,Utah
0.560181319,Commercial,AEO2026 CDM weighted average across bldg types,2033,Heating,New Mexico
0.560181319,Commercial,AEO2026 CDM weighted average across bldg types,2033,Heating,Nevada
0.560181319,Commercial,AEO2026 CDM weighted average across bldg types,2033,Heating,Montana
0.560181319,Commercial,AEO2026 CDM weighted average across bldg types,2033,Heating,Idaho
0.560181319,Commercial,AEO2026 CDM weighted average across bldg types,2033,Heating,Colorado
0.560181319,Commercial,AEO2026 CDM weighted average across bldg types,2033,Heating,Arizona
0.552157569,Commercial,AEO2026 CDM weighted average across bldg types,2034,Heating,Wyoming
0.552157569,Commercial,AEO2026 CDM weighted average across bldg types,2034,Heating,Utah
0.552157569,Commercial,AEO2026 CDM weighted average across bldg types,2034,Heating,New Mexico
0.552157569,Commercial,AEO2026 CDM weighted average across bldg types,2034,Heating,Nevada
0.552157569,Commercial,AEO2026 CDM weighted average across bldg types,2034,Heating,Montana
0.552157569,Commercial,AEO2026 CDM weighted average across bldg types,2034,Heating,Idaho
0.552157569,Commercial,AEO2026 CDM weighted average across bldg types,2034,Heating,Colorado
0.552157569,Commercial,AEO2026 CDM weighted average across bldg types,2034,Heating,Arizona
0.544255955,Commercial,AEO2026 CDM weighted average across bldg types,2035,Heating,Wyoming
0.544255955,Commercial,AEO2026 CDM weighted average across bldg types,2035,Heating,Utah
0.544255955,Commercial,AEO2026 CDM weighted average across bldg types,2035,Heating,New Mexico
0.544255955,Commercial,AEO2026 CDM weighted average across bldg types,2035,Heating,Nevada
0.544255955,Commercial,AEO2026 CDM weighted average across bldg types,2035,Heating,Montana
0.544255955,Commercial,AEO2026 CDM weighted average across bldg types,2035,Heating,Idaho
0.544255955,Commercial,AEO2026 CDM weighted average across bldg types,2035,Heating,Colorado
0.544255955,Commercial,AEO2026 CDM weighted average across bldg types,2035,Heating,Arizona
0.536474545,Commercial,AEO2026 CDM weighted average across bldg types,2036,Heating,Wyoming
0.536474545,Commercial,AEO2026 CDM weighted average across bldg types,2036,Heating,Utah
0.536474545,Commercial,AEO2026 CDM weighted average across bldg types,2036,Heating,New Mexico
0.536474545,Commercial,AEO2026 CDM weighted average across bldg types,2036,Heating,Nevada
0.536474545,Commercial,AEO2026 CDM weighted average across bldg types,2036,Heating,Montana
0.536474545,Commercial,AEO2026 CDM weighted average across bldg types,2036,Heating,Idaho
0.536474545,Commercial,AEO2026 CDM weighted average across bldg types,2036,Heating,Colorado
0.536474545,Commercial,AEO2026 CDM weighted average across bldg types,2036,Heating,Arizona
0.528811911,Commercial,AEO2026 CDM weighted average across bldg types,2037,Heating,Wyoming
0.528811911,Commercial,AEO2026 CDM weighted average across bldg types,2037,Heating,Utah
0.528811911,Commercial,AEO2026 CDM weighted average across bldg types,2037,Heating,New Mexico
0.528811911,Commercial,AEO2026 CDM weighted average across bldg types,2037,Heating,Nevada
0.528811911,Commercial,AEO2026 CDM weighted average across bldg types,2037,Heating,Montana
0.528811911,Commercial,AEO2026 CDM weighted average across bldg types,2037,Heating,Idaho
0.528811911,Commercial,AEO2026 CDM weighted average across bldg types,2037,Heating,Colorado
0.528811911,Commercial,AEO2026 CDM weighted average across bldg types,2037,Heating,Arizona
0.521265646,Commercial,AEO2026 CDM weighted average across bldg types,2038,Heating,Wyoming
0.521265646,Commercial,AEO2026 CDM weighted average across bldg types,2038,Heating,Utah
0.521265646,Commercial,AEO2026 CDM weighted average across bldg types,2038,Heating,New Mexico
0.521265646,Commercial,AEO2026 CDM weighted average across bldg types,2038,Heating,Nevada
0.521265646,Commercial,AEO2026 CDM weighted average across bldg types,2038,Heating,Montana
0.521265646,Commercial,AEO2026 CDM weighted average across bldg types,2038,Heating,Idaho
0.521265646,Commercial,AEO2026 CDM weighted average across bldg types,2038,Heating,Colorado
0.521265646,Commercial,AEO2026 CDM weighted average across bldg types,2038,Heating,Arizona
0.513834069,Commercial,AEO2026 CDM weighted average across bldg types,2039,Heating,Wyoming
0.513834069,Commercial,AEO2026 CDM weighted average across bldg types,2039,Heating,Utah
0.513834069,Commercial,AEO2026 CDM weighted average across bldg types,2039,Heating,New Mexico
0.513834069,Commercial,AEO2026 CDM weighted average across bldg types,2039,Heating,Nevada
0.513834069,Commercial,AEO2026 CDM weighted average across bldg types,2039,Heating,Montana
0.513834069,Commercial,AEO2026 CDM weighted average across bldg types,2039,Heating,Idaho
0.513834069,Commercial,AEO2026 CDM weighted average across bldg types,2039,Heating,Colorado
0.513834069,Commercial,AEO2026 CDM weighted average across bldg types,2039,Heating,Arizona
0.506515447,Commercial,AEO2026 CDM weighted average across bldg types,2040,Heating,Wyoming
0.506515447,Commercial,AEO2026 CDM weighted average across bldg types,2040,Heating,Utah
0.506515447,Commercial,AEO2026 CDM weighted average across bldg types,2040,Heating,New Mexico
0.506515447,Commercial,AEO2026 CDM weighted average across bldg types,2040,Heating,Nevada
0.506515447,Commercial,AEO2026 CDM weighted average across bldg types,2040,Heating,Montana
0.506515447,Commercial,AEO2026 CDM weighted average across bldg types,2040,Heating,Idaho
0.506515447,Commercial,AEO2026 CDM weighted average across bldg types,2040,Heating,Colorado
0.506515447,Commercial,AEO2026 CDM weighted average across bldg types,2040,Heating,Arizona
0.498050023,Commercial,AEO2026 CDM weighted average across bldg types,2041,Heating,Wyoming
0.498050023,Commercial,AEO2026 CDM weighted average across bldg types,2041,Heating,Utah
0.498050023,Commercial,AEO2026 CDM weighted average across bldg types,2041,Heating,New Mexico
0.498050023,Commercial,AEO2026 CDM weighted average across bldg types,2041,Heating,Nevada
0.498050023,Commercial,AEO2026 CDM weighted average across bldg types,2041,Heating,Montana
0.498050023,Commercial,AEO2026 CDM weighted average across bldg types,2041,Heating,Idaho
0.498050023,Commercial,AEO2026 CDM weighted average across bldg types,2041,Heating,Colorado
0.498050023,Commercial,AEO2026 CDM weighted average across bldg types,2041,Heating,Arizona
0.489738236,Commercial,AEO2026 CDM weighted average across bldg types,2042,Heating,Wyoming
0.489738236,Commercial,AEO2026 CDM weighted average across bldg types,2042,Heating,Utah
0.489738236,Commercial,AEO2026 CDM weighted average across bldg types,2042,Heating,New Mexico
0.489738236,Commercial,AEO2026 CDM weighted average across bldg types,2042,Heating,Nevada
0.489738236,Commercial,AEO2026 CDM weighted average across bldg types,2042,Heating,Montana
0.489738236,Commercial,AEO2026 CDM weighted average across bldg types,2042,Heating,Idaho
0.489738236,Commercial,AEO2026 CDM weighted average across bldg types,2042,Heating,Colorado
0.489738236,Commercial,AEO2026 CDM weighted average across bldg types,2042,Heating,Arizona
0.481576844,Commercial,AEO2026 CDM weighted average across bldg types,2043,Heating,Wyoming
0.481576844,Commercial,AEO2026 CDM weighted average across bldg types,2043,Heating,Utah
0.481576844,Commercial,AEO2026 CDM weighted average across bldg types,2043,Heating,New Mexico
0.481576844,Commercial,AEO2026 CDM weighted average across bldg types,2043,Heating,Nevada
0.481576844,Commercial,AEO2026 CDM weighted average across bldg types,2043,Heating,Montana
0.481576844,Commercial,AEO2026 CDM weighted average across bldg types,2043,Heating,Idaho
0.481576844,Commercial,AEO2026 CDM weighted average across bldg types,2043,Heating,Colorado
0.481576844,Commercial,AEO2026 CDM weighted average across bldg types,2043,Heating,Arizona
0.473563415,Commercial,AEO2026 CDM weighted average across bldg types,2044,Heating,Wyoming
0.473563415,Commercial,AEO2026 CDM weighted average across bldg types,2044,Heating,Utah
0.473563415,Commercial,AEO2026 CDM weighted average across bldg types,2044,Heating,New Mexico
0.473563415,Commercial,AEO2026 CDM weighted average across bldg types,2044,Heating,Nevada
0.473563415,Commercial,AEO2026 CDM weighted average across bldg types,2044,Heating,Montana
0.473563415,Commercial,AEO2026 CDM weighted average across bldg types,2044,Heating,Idaho
0.473563415,Commercial,AEO2026 CDM weighted average across bldg types,2044,Heating,Colorado
0.473563415,Commercial,AEO2026 CDM weighted average across bldg types,2044,Heating,Arizona
0.465694558,Commercial,AEO2026 CDM weighted average across bldg types,2045,Heating,Wyoming
0.465694558,Commercial,AEO2026 CDM weighted average across bldg types,2045,Heating,Utah
0.465694558,Commercial,AEO2026 CDM weighted average across bldg types,2045,Heating,New Mexico
0.465694558,Commercial,AEO2026 CDM weighted average across bldg types,2045,Heating,Nevada
0.465694558,Commercial,AEO2026 CDM weighted average across bldg types,2045,Heating,Montana
0.465694558,Commercial,AEO2026 CDM weighted average across bldg types,2045,Heating,Idaho
0.465694558,Commercial,AEO2026 CDM weighted average across bldg types,2045,Heating,Colorado
0.465694558,Commercial,AEO2026 CDM weighted average across bldg types,2045,Heating,Arizona
0.457967970,Commercial,AEO2026 CDM weighted average across bldg types,2046,Heating,Wyoming
0.457967970,Commercial,AEO2026 CDM weighted average across bldg types,2046,Heating,Utah
0.457967970,Commercial,AEO2026 CDM weighted average across bldg types,2046,Heating,New Mexico
0.457967970,Commercial,AEO2026 CDM weighted average across bldg types,2046,Heating,Nevada
0.457967970,Commercial,AEO2026 CDM weighted average across bldg types,2046,Heating,Montana
0.457967970,Commercial,AEO2026 CDM weighted average across bldg types,2046,Heating,Idaho
0.457967970,Commercial,AEO2026 CDM weighted average across bldg types,2046,Heating,Colorado
0.457967970,Commercial,AEO2026 CDM weighted average across bldg types,2046,Heating,Arizona
0.450380413,Commercial,AEO2026 CDM weighted average across bldg types,2047,Heating,Wyoming
0.450380413,Commercial,AEO2026 CDM weighted average across bldg types,2047,Heating,Utah
0.450380413,Commercial,AEO2026 CDM weighted average across bldg types,2047,Heating,New Mexico
0.450380413,Commercial,AEO2026 CDM weighted average across bldg types,2047,Heating,Nevada
0.450380413,Commercial,AEO2026 CDM weighted average across bldg types,2047,Heating,Montana
0.450380413,Commercial,AEO2026 CDM weighted average across bldg types,2047,Heating,Idaho
0.450380413,Commercial,AEO2026 CDM weighted average across bldg types,2047,Heating,Colorado
0.450380413,Commercial,AEO2026 CDM weighted average across bldg types,2047,Heating,Arizona
0.442930019,Commercial,AEO2026 CDM weighted average across bldg types,2048,Heating,Wyoming
0.442930019,Commercial,AEO2026 CDM weighted average across bldg types,2048,Heating,Utah
0.442930019,Commercial,AEO2026 CDM weighted average across bldg types,2048,Heating,New Mexico
0.442930019,Commercial,AEO2026 CDM weighted average across bldg types,2048,Heating,Nevada
0.442930019,Commercial,AEO2026 CDM weighted average across bldg types,2048,Heating,Montana
0.442930019,Commercial,AEO2026 CDM weighted average across bldg types,2048,Heating,Idaho
0.442930019,Commercial,AEO2026 CDM weighted average across bldg types,2048,Heating,Colorado
0.442930019,Commercial,AEO2026 CDM weighted average across bldg types,2048,Heating,Arizona
0.435613315,Commercial,AEO2026 CDM weighted average across bldg types,2049,Heating,Wyoming
0.435613315,Commercial,AEO2026 CDM weighted average across bldg types,2049,Heating,Utah
0.435613315,Commercial,AEO2026 CDM weighted average across bldg types,2049,Heating,New Mexico
0.435613315,Commercial,AEO2026 CDM weighted average across bldg types,2049,Heating,Nevada
0.435613315,Commercial,AEO2026 CDM weighted average across bldg types,2049,Heating,Montana
0.435613315,Commercial,AEO2026 CDM weighted average across bldg types,2049,Heating,Idaho
0.435613315,Commercial,AEO2026 CDM weighted average across bldg types,2049,Heating,Colorado
0.435613315,Commercial,AEO2026 CDM weighted average across bldg types,2049,Heating,Arizona
0.428428117,Commercial,AEO2026 CDM weighted average across bldg types,2050,Heating,Wyoming
0.428428117,Commercial,AEO2026 CDM weighted average across bldg types,2050,Heating,Utah
0.428428117,Commercial,AEO2026 CDM weighted average across bldg types,2050,Heating,New Mexico
0.428428117,Commercial,AEO2026 CDM weighted average across bldg types,2050,Heating,Nevada
0.428428117,Commercial,AEO2026 CDM weighted average across bldg types,2050,Heating,Montana
0.428428117,Commercial,AEO2026 CDM weighted average across bldg types,2050,Heating,Idaho
0.428428117,Commercial,AEO2026 CDM weighted average across bldg types,2050,Heating,Colorado
0.428428117,Commercial,AEO2026 CDM weighted average across bldg types,2050,Heating,Arizona
0.674411262,Commercial,AEO2026 CDM weighted average across bldg types,2019,Heating,Washington
0.674411262,Commercial,AEO2026 CDM weighted average across bldg types,2019,Heating,Oregon
0.674411262,Commercial,AEO2026 CDM weighted average across bldg types,2019,Heating,Hawaii
0.674411262,Commercial,AEO2026 CDM weighted average across bldg types,2019,Heating,California
0.674411262,Commercial,AEO2026 CDM weighted average across bldg types,2019,Heating,Alaska
0.666423892,Commercial,AEO2026 CDM weighted average across bldg types,2020,Heating,Washington
0.666423892,Commercial,AEO2026 CDM weighted average across bldg types,2020,Heating,Oregon
0.666423892,Commercial,AEO2026 CDM weighted average across bldg types,2020,Heating,Hawaii
0.666423892,Commercial,AEO2026 CDM weighted average across bldg types,2020,Heating,California
0.666423892,Commercial,AEO2026 CDM weighted average across bldg types,2020,Heating,Alaska
0.657940418,Commercial,AEO2026 CDM weighted average across bldg types,2021,Heating,Washington
0.657940418,Commercial,AEO2026 CDM weighted average across bldg types,2021,Heating,Oregon
0.657940418,Commercial,AEO2026 CDM weighted average across bldg types,2021,Heating,Hawaii
0.657940418,Commercial,AEO2026 CDM weighted average across bldg types,2021,Heating,California
0.657940418,Commercial,AEO2026 CDM weighted average across bldg types,2021,Heating,Alaska
0.649570648,Commercial,AEO2026 CDM weighted average across bldg types,2022,Heating,Washington
0.649570648,Commercial,AEO2026 CDM weighted average across bldg types,2022,Heating,Oregon
0.649570648,Commercial,AEO2026 CDM weighted average across bldg types,2022,Heating,Hawaii
0.649570648,Commercial,AEO2026 CDM weighted average across bldg types,2022,Heating,California
0.649570648,Commercial,AEO2026 CDM weighted average across bldg types,2022,Heating,Alaska
0.641312557,Commercial,AEO2026 CDM weighted average across bldg types,2023,Heating,Washington
0.641312557,Commercial,AEO2026 CDM weighted average across bldg types,2023,Heating,Oregon
0.641312557,Commercial,AEO2026 CDM weighted average across bldg types,2023,Heating,Hawaii
0.641312557,Commercial,AEO2026 CDM weighted average across bldg types,2023,Heating,California
0.641312557,Commercial,AEO2026 CDM weighted average across bldg types,2023,Heating,Alaska
0.633165748,Commercial,AEO2026 CDM weighted average across bldg types,2024,Heating,Washington
0.633165748,Commercial,AEO2026 CDM weighted average across bldg types,2024,Heating,Oregon
0.633165748,Commercial,AEO2026 CDM weighted average across bldg types,2024,Heating,Hawaii
0.633165748,Commercial,AEO2026 CDM weighted average across bldg types,2024,Heating,California
0.633165748,Commercial,AEO2026 CDM weighted average across bldg types,2024,Heating,Alaska
0.625127359,Commercial,AEO2026 CDM weighted average across bldg types,2025,Heating,Washington
0.625127359,Commercial,AEO2026 CDM weighted average across bldg types,2025,Heating,Oregon
0.625127359,Commercial,AEO2026 CDM weighted average across bldg types,2025,Heating,Hawaii
0.625127359,Commercial,AEO2026 CDM weighted average across bldg types,2025,Heating,California
0.625127359,Commercial,AEO2026 CDM weighted average across bldg types,2025,Heating,Alaska
0.617196479,Commercial,AEO2026 CDM weighted average across bldg types,2026,Heating,Washington
0.617196479,Commercial,AEO2026 CDM weighted average across bldg types,2026,Heating,Oregon
0.617196479,Commercial,AEO2026 CDM weighted average across bldg types,2026,Heating,Hawaii
0.617196479,Commercial,AEO2026 CDM weighted average across bldg types,2026,Heating,California
0.617196479,Commercial,AEO2026 CDM weighted average across bldg types,2026,Heating,Alaska
0.609371638,Commercial,AEO2026 CDM weighted average across bldg types,2027,Heating,Washington
0.609371638,Commercial,AEO2026 CDM weighted average across bldg types,2027,Heating,Oregon
0.609371638,Commercial,AEO2026 CDM weighted average across bldg types,2027,Heating,Hawaii
0.609371638,Commercial,AEO2026 CDM weighted average across bldg types,2027,Heating,California
0.609371638,Commercial,AEO2026 CDM weighted average across bldg types,2027,Heating,Alaska
0.601651044,Commercial,AEO2026 CDM weighted average across bldg types,2028,Heating,Washington
0.601651044,Commercial,AEO2026 CDM weighted average across bldg types,2028,Heating,Oregon
0.601651044,Commercial,AEO2026 CDM weighted average across bldg types,2028,Heating,Hawaii
0.601651044,Commercial,AEO2026 CDM weighted average across bldg types,2028,Heating,California
0.601651044,Commercial,AEO2026 CDM weighted average across bldg types,2028,Heating,Alaska
0.594033430,Commercial,AEO2026 CDM weighted average across bldg types,2029,Heating,Washington
0.594033430,Commercial,AEO2026 CDM weighted average across bldg types,2029,Heating,Oregon
0.594033430,Commercial,AEO2026 CDM weighted average across bldg types,2029,Heating,Hawaii
0.594033430,Commercial,AEO2026 CDM weighted average across bldg types,2029,Heating,California
0.594033430,Commercial,AEO2026 CDM weighted average across bldg types,2029,Heating,Alaska
0.586517495,Commercial,AEO2026 CDM weighted average across bldg types,2030,Heating,Washington
0.586517495,Commercial,AEO2026 CDM weighted average across bldg types,2030,Heating,Oregon
0.586517495,Commercial,AEO2026 CDM weighted average across bldg types,2030,Heating,Hawaii
0.586517495,Commercial,AEO2026 CDM weighted average across bldg types,2030,Heating,California
0.586517495,Commercial,AEO2026 CDM weighted average across bldg types,2030,Heating,Alaska
0.578026626,Commercial,AEO2026 CDM weighted average across bldg types,2031,Heating,Washington
0.578026626,Commercial,AEO2026 CDM weighted average across bldg types,2031,Heating,Oregon
0.578026626,Commercial,AEO2026 CDM weighted average across bldg types,2031,Heating,Hawaii
0.578026626,Commercial,AEO2026 CDM weighted average across bldg types,2031,Heating,California
0.578026626,Commercial,AEO2026 CDM weighted average across bldg types,2031,Heating,Alaska
0.569668122,Commercial,AEO2026 CDM weighted average across bldg types,2032,Heating,Washington
0.569668122,Commercial,AEO2026 CDM weighted average across bldg types,2032,Heating,Oregon
0.569668122,Commercial,AEO2026 CDM weighted average across bldg types,2032,Heating,Hawaii
0.569668122,Commercial,AEO2026 CDM weighted average across bldg types,2032,Heating,California
0.569668122,Commercial,AEO2026 CDM weighted average across bldg types,2032,Heating,Alaska
0.561438959,Commercial,AEO2026 CDM weighted average across bldg types,2033,Heating,Washington
0.561438959,Commercial,AEO2026 CDM weighted average across bldg types,2033,Heating,Oregon
0.561438959,Commercial,AEO2026 CDM weighted average across bldg types,2033,Heating,Hawaii
0.561438959,Commercial,AEO2026 CDM weighted average across bldg types,2033,Heating,California
0.561438959,Commercial,AEO2026 CDM weighted average across bldg types,2033,Heating,Alaska
0.553337646,Commercial,AEO2026 CDM weighted average across bldg types,2034,Heating,Washington
0.553337646,Commercial,AEO2026 CDM weighted average across bldg types,2034,Heating,Oregon
0.553337646,Commercial,AEO2026 CDM weighted average across bldg types,2034,Heating,Hawaii
0.553337646,Commercial,AEO2026 CDM weighted average across bldg types,2034,Heating,California
0.553337646,Commercial,AEO2026 CDM weighted average across bldg types,2034,Heating,Alaska
0.545361991,Commercial,AEO2026 CDM weighted average across bldg types,2035,Heating,Washington
0.545361991,Commercial,AEO2026 CDM weighted average across bldg types,2035,Heating,Oregon
0.545361991,Commercial,AEO2026 CDM weighted average across bldg types,2035,Heating,Hawaii
0.545361991,Commercial,AEO2026 CDM weighted average across bldg types,2035,Heating,California
0.545361991,Commercial,AEO2026 CDM weighted average across bldg types,2035,Heating,Alaska
0.537509844,Commercial,AEO2026 CDM weighted average across bldg types,2036,Heating,Washington
0.537509844,Commercial,AEO2026 CDM weighted average across bldg types,2036,Heating,Oregon
0.537509844,Commercial,AEO2026 CDM weighted average across bldg types,2036,Heating,Hawaii
0.537509844,Commercial,AEO2026 CDM weighted average across bldg types,2036,Heating,California
0.537509844,Commercial,AEO2026 CDM weighted average across bldg types,2036,Heating,Alaska
0.529778914,Commercial,AEO2026 CDM weighted average across bldg types,2037,Heating,Washington
0.529778914,Commercial,AEO2026 CDM weighted average across bldg types,2037,Heating,Oregon
0.529778914,Commercial,AEO2026 CDM weighted average across bldg types,2037,Heating,Hawaii
0.529778914,Commercial,AEO2026 CDM weighted average across bldg types,2037,Heating,California
0.529778914,Commercial,AEO2026 CDM weighted average across bldg types,2037,Heating,Alaska
0.522167768,Commercial,AEO2026 CDM weighted average across bldg types,2038,Heating,Washington
0.522167768,Commercial,AEO2026 CDM weighted average across bldg types,2038,Heating,Oregon
0.522167768,Commercial,AEO2026 CDM weighted average across bldg types,2038,Heating,Hawaii
0.522167768,Commercial,AEO2026 CDM weighted average across bldg types,2038,Heating,California
0.522167768,Commercial,AEO2026 CDM weighted average across bldg types,2038,Heating,Alaska
0.514673997,Commercial,AEO2026 CDM weighted average across bldg types,2039,Heating,Washington
0.514673997,Commercial,AEO2026 CDM weighted average across bldg types,2039,Heating,Oregon
0.514673997,Commercial,AEO2026 CDM weighted average across bldg types,2039,Heating,Hawaii
0.514673997,Commercial,AEO2026 CDM weighted average across bldg types,2039,Heating,California
0.514673997,Commercial,AEO2026 CDM weighted average across bldg types,2039,Heating,Alaska
0.507295886,Commercial,AEO2026 CDM weighted average across bldg types,2040,Heating,Washington
0.507295886,Commercial,AEO2026 CDM weighted average across bldg types,2040,Heating,Oregon
0.507295886,Commercial,AEO2026 CDM weighted average across bldg types,2040,Heating,Hawaii
0.507295886,Commercial,AEO2026 CDM weighted average across bldg types,2040,Heating,California
0.507295886,Commercial,AEO2026 CDM weighted average across bldg types,2040,Heating,Alaska
0.498734201,Commercial,AEO2026 CDM weighted average across bldg types,2041,Heating,Washington
0.498734201,Commercial,AEO2026 CDM weighted average across bldg types,2041,Heating,Oregon
0.498734201,Commercial,AEO2026 CDM weighted average across bldg types,2041,Heating,Hawaii
0.498734201,Commercial,AEO2026 CDM weighted average across bldg types,2041,Heating,California
0.498734201,Commercial,AEO2026 CDM weighted average across bldg types,2041,Heating,Alaska
0.490332246,Commercial,AEO2026 CDM weighted average across bldg types,2042,Heating,Washington
0.490332246,Commercial,AEO2026 CDM weighted average across bldg types,2042,Heating,Oregon
0.490332246,Commercial,AEO2026 CDM weighted average across bldg types,2042,Heating,Hawaii
0.490332246,Commercial,AEO2026 CDM weighted average across bldg types,2042,Heating,California
0.490332246,Commercial,AEO2026 CDM weighted average across bldg types,2042,Heating,Alaska
0.482086009,Commercial,AEO2026 CDM weighted average across bldg types,2043,Heating,Washington
0.482086009,Commercial,AEO2026 CDM weighted average across bldg types,2043,Heating,Oregon
0.482086009,Commercial,AEO2026 CDM weighted average across bldg types,2043,Heating,Hawaii
0.482086009,Commercial,AEO2026 CDM weighted average across bldg types,2043,Heating,California
0.482086009,Commercial,AEO2026 CDM weighted average across bldg types,2043,Heating,Alaska
0.473993063,Commercial,AEO2026 CDM weighted average across bldg types,2044,Heating,Washington
0.473993063,Commercial,AEO2026 CDM weighted average across bldg types,2044,Heating,Oregon
0.473993063,Commercial,AEO2026 CDM weighted average across bldg types,2044,Heating,Hawaii
0.473993063,Commercial,AEO2026 CDM weighted average across bldg types,2044,Heating,California
0.473993063,Commercial,AEO2026 CDM weighted average across bldg types,2044,Heating,Alaska
0.466049998,Commercial,AEO2026 CDM weighted average across bldg types,2045,Heating,Washington
0.466049998,Commercial,AEO2026 CDM weighted average across bldg types,2045,Heating,Oregon
0.466049998,Commercial,AEO2026 CDM weighted average across bldg types,2045,Heating,Hawaii
0.466049998,Commercial,AEO2026 CDM weighted average across bldg types,2045,Heating,California
0.466049998,Commercial,AEO2026 CDM weighted average across bldg types,2045,Heating,Alaska
0.458253610,Commercial,AEO2026 CDM weighted average across bldg types,2046,Heating,Washington
0.458253610,Commercial,AEO2026 CDM weighted average across bldg types,2046,Heating,Oregon
0.458253610,Commercial,AEO2026 CDM weighted average across bldg types,2046,Heating,Hawaii
0.458253610,Commercial,AEO2026 CDM weighted average across bldg types,2046,Heating,California
0.458253610,Commercial,AEO2026 CDM weighted average across bldg types,2046,Heating,Alaska
0.450601529,Commercial,AEO2026 CDM weighted average across bldg types,2047,Heating,Washington
0.450601529,Commercial,AEO2026 CDM weighted average across bldg types,2047,Heating,Oregon
0.450601529,Commercial,AEO2026 CDM weighted average across bldg types,2047,Heating,Hawaii
0.450601529,Commercial,AEO2026 CDM weighted average across bldg types,2047,Heating,California
0.450601529,Commercial,AEO2026 CDM weighted average across bldg types,2047,Heating,Alaska
0.443090356,Commercial,AEO2026 CDM weighted average across bldg types,2048,Heating,Washington
0.443090356,Commercial,AEO2026 CDM weighted average across bldg types,2048,Heating,Oregon
0.443090356,Commercial,AEO2026 CDM weighted average across bldg types,2048,Heating,Hawaii
0.443090356,Commercial,AEO2026 CDM weighted average across bldg types,2048,Heating,California
0.443090356,Commercial,AEO2026 CDM weighted average across bldg types,2048,Heating,Alaska
0.435717402,Commercial,AEO2026 CDM weighted average across bldg types,2049,Heating,Washington
0.435717402,Commercial,AEO2026 CDM weighted average across bldg types,2049,Heating,Oregon
0.435717402,Commercial,AEO2026 CDM weighted average across bldg types,2049,Heating,Hawaii
0.435717402,Commercial,AEO2026 CDM weighted average across bldg types,2049,Heating,California
0.435717402,Commercial,AEO2026 CDM weighted average across bldg types,2049,Heating,Alaska
0.428479883,Commercial,AEO2026 CDM weighted average across bldg types,2050,Heating,Washington
0.428479883,Commercial,AEO2026 CDM weighted average across bldg types,2050,Heating,Oregon
0.428479883,Commercial,AEO2026 CDM weighted average across bldg types,2050,Heating,Hawaii
0.428479883,Commercial,AEO2026 CDM weighted average across bldg types,2050,Heating,California
0.428479883,Commercial,AEO2026 CDM weighted average across bldg types,2050,Heating,Alaska
